capability_id,platform,impl,status,note
cap.enum.list,macos,avfoundation,native,
cap.enum.list,ios,avfoundation,native,
cap.enum.list,android,camera2ndk,native,
cap.enum.list,android,camerax,native,
cap.enum.list,linux,v4l2,native,
cap.enum.list,linux,libcamera,native,
cap.enum.list,linux,pipewire,native,
cap.enum.list,win32,mediafoundation,native,
cap.enum.list,web,getusermedia,native,
cap.enum.list,uvc-direct,uvc,native,
cap.enum.list,genicam,sfnc,native,
cap.device.id.stable,macos,avfoundation,native,
cap.device.id.stable,ios,avfoundation,native,
cap.device.id.stable,android,camera2ndk,native,
cap.device.id.stable,android,camerax,emulate,dev-cxnoid
cap.device.id.stable,linux,v4l2,native,
cap.device.id.stable,linux,libcamera,native,
cap.device.id.stable,linux,pipewire,native,
cap.device.id.stable,win32,mediafoundation,native,
cap.device.id.stable,web,getusermedia,native,
cap.device.id.stable,uvc-direct,uvc,deny,dev-uvcnoentry
cap.device.id.stable,genicam,sfnc,native,
cap.device.name.human,macos,avfoundation,native,
cap.device.name.human,ios,avfoundation,native,
cap.device.name.human,android,camera2ndk,deny,dev-c2noname
cap.device.name.human,android,camerax,deny,dev-c2noname
cap.device.name.human,linux,v4l2,native,
cap.device.name.human,linux,libcamera,native,
cap.device.name.human,linux,pipewire,native,
cap.device.name.human,win32,mediafoundation,native,
cap.device.name.human,web,getusermedia,native,
cap.device.name.human,uvc-direct,uvc,deny,dev-uvcnoentry
cap.device.name.human,genicam,sfnc,native,
cap.device.vendor.info,macos,avfoundation,native,
cap.device.vendor.info,ios,avfoundation,native,
cap.device.vendor.info,android,camera2ndk,deny,dev-c2nodvendor
cap.device.vendor.info,android,camerax,deny,dev-c2nodvendor
cap.device.vendor.info,linux,v4l2,native,
cap.device.vendor.info,linux,libcamera,emulate,dev-lcsysdev
cap.device.vendor.info,linux,pipewire,emulate,dev-pwprops
cap.device.vendor.info,win32,mediafoundation,emulate,dev-mfsymlink
cap.device.vendor.info,web,getusermedia,deny,dev-webdeny
cap.device.vendor.info,uvc-direct,uvc,native,
cap.device.vendor.info,genicam,sfnc,native,
cap.device.transport.type,macos,avfoundation,native,
cap.device.transport.type,ios,avfoundation,deny,dev-iostransport
cap.device.transport.type,android,camera2ndk,deny,dev-c2notransport
cap.device.transport.type,android,camerax,deny,dev-c2notransport
cap.device.transport.type,linux,v4l2,native,
cap.device.transport.type,linux,libcamera,emulate,dev-lcsysdev
cap.device.transport.type,linux,pipewire,emulate,dev-pwprops
cap.device.transport.type,win32,mediafoundation,native,
cap.device.transport.type,web,getusermedia,deny,dev-webdeny
cap.device.transport.type,uvc-direct,uvc,native,
cap.device.transport.type,genicam,sfnc,native,
cap.device.class.physical,macos,avfoundation,native,
cap.device.class.physical,ios,avfoundation,native,
cap.device.class.physical,android,camera2ndk,native,
cap.device.class.physical,android,camerax,native,
cap.device.class.physical,linux,v4l2,emulate,dev-v4l2physinfer
cap.device.class.physical,linux,libcamera,native,
cap.device.class.physical,linux,pipewire,emulate,dev-pwprops
cap.device.class.physical,win32,mediafoundation,native,
cap.device.class.physical,web,getusermedia,native,
cap.device.class.physical,uvc-direct,uvc,deny,dev-uvcnoentry
cap.device.class.physical,genicam,sfnc,native,
cap.device.class.virtual,macos,avfoundation,native,
cap.device.class.virtual,ios,avfoundation,native,
cap.device.class.virtual,android,camera2ndk,native,
cap.device.class.virtual,android,camerax,native,
cap.device.class.virtual,linux,v4l2,deny,dev-vlogicalnone
cap.device.class.virtual,linux,libcamera,deny,dev-vlogicalnone
cap.device.class.virtual,linux,pipewire,deny,dev-vlogicalnone
cap.device.class.virtual,win32,mediafoundation,deny,dev-vlogicalnone
cap.device.class.virtual,web,getusermedia,deny,dev-vlogicalnone
cap.device.class.virtual,uvc-direct,uvc,deny,dev-uvcnoentry
cap.device.class.virtual,genicam,sfnc,deny,dev-genconsumer
cap.device.class.external.uvc,macos,avfoundation,native,
cap.device.class.external.uvc,ios,avfoundation,native,
cap.device.class.external.uvc,android,camera2ndk,native,
cap.device.class.external.uvc,android,camerax,native,
cap.device.class.external.uvc,linux,v4l2,native,
cap.device.class.external.uvc,linux,libcamera,native,
cap.device.class.external.uvc,linux,pipewire,emulate,dev-pwprops
cap.device.class.external.uvc,win32,mediafoundation,emulate,dev-mfextcat
cap.device.class.external.uvc,web,getusermedia,deny,dev-webdeny
cap.device.class.external.uvc,uvc-direct,uvc,native,
cap.device.class.external.uvc,genicam,sfnc,deny,dev-genconsumer
cap.device.class.capture_card,macos,avfoundation,emulate,dev-capcardinfer
cap.device.class.capture_card,ios,avfoundation,deny,dev-ioscapcard
cap.device.class.capture_card,android,camera2ndk,deny,dev-c2nocapcard
cap.device.class.capture_card,android,camerax,deny,dev-c2nocapcard
cap.device.class.capture_card,linux,v4l2,native,
cap.device.class.capture_card,linux,libcamera,deny,dev-lccapcard
cap.device.class.capture_card,linux,pipewire,emulate,dev-pwprops
cap.device.class.capture_card,win32,mediafoundation,native,
cap.device.class.capture_card,web,getusermedia,deny,dev-webdeny
cap.device.class.capture_card,uvc-direct,uvc,deny,dev-uvcnoentry
cap.device.class.capture_card,genicam,sfnc,native,
cap.device.class.continuity,macos,avfoundation,native,
cap.device.class.continuity,ios,avfoundation,native,
cap.device.class.continuity,android,camera2ndk,deny,dev-noncontinuity
cap.device.class.continuity,android,camerax,deny,dev-noncontinuity
cap.device.class.continuity,linux,v4l2,deny,dev-noncontinuity
cap.device.class.continuity,linux,libcamera,deny,dev-noncontinuity
cap.device.class.continuity,linux,pipewire,deny,dev-noncontinuity
cap.device.class.continuity,win32,mediafoundation,deny,dev-noncontinuity
cap.device.class.continuity,web,getusermedia,deny,dev-noncontinuity
cap.device.class.continuity,uvc-direct,uvc,deny,dev-uvcnoentry
cap.device.class.continuity,genicam,sfnc,deny,dev-genconsumer
cap.device.class.deskview,macos,avfoundation,native,
cap.device.class.deskview,ios,avfoundation,deny,dev-macosonly
cap.device.class.deskview,android,camera2ndk,deny,dev-nodeskview
cap.device.class.deskview,android,camerax,deny,dev-nodeskview
cap.device.class.deskview,linux,v4l2,deny,dev-nodeskview
cap.device.class.deskview,linux,libcamera,deny,dev-nodeskview
cap.device.class.deskview,linux,pipewire,deny,dev-nodeskview
cap.device.class.deskview,win32,mediafoundation,deny,dev-nodeskview
cap.device.class.deskview,web,getusermedia,deny,dev-nodeskview
cap.device.class.deskview,uvc-direct,uvc,deny,dev-uvcnoentry
cap.device.class.deskview,genicam,sfnc,deny,dev-genconsumer
cap.device.class.depth_sensor,macos,avfoundation,deny,dev-iosonly
cap.device.class.depth_sensor,ios,avfoundation,native,
cap.device.class.depth_sensor,android,camera2ndk,emulate,dev-c2depthcap
cap.device.class.depth_sensor,android,camerax,deny,dev-cxnodepth
cap.device.class.depth_sensor,linux,v4l2,native,
cap.device.class.depth_sensor,linux,libcamera,deny,dev-lcnodepth
cap.device.class.depth_sensor,linux,pipewire,emulate,dev-pwprops
cap.device.class.depth_sensor,win32,mediafoundation,native,
cap.device.class.depth_sensor,web,getusermedia,deny,dev-webdeny
cap.device.class.depth_sensor,uvc-direct,uvc,deny,dev-uvcnoentry
cap.device.class.depth_sensor,genicam,sfnc,deny,dev-genconsumer
cap.device.class.machine_vision,macos,avfoundation,deny,dev-ceiling
cap.device.class.machine_vision,ios,avfoundation,deny,dev-ceiling
cap.device.class.machine_vision,android,camera2ndk,deny,dev-ceiling
cap.device.class.machine_vision,android,camerax,deny,dev-ceiling
cap.device.class.machine_vision,linux,v4l2,deny,dev-ceiling
cap.device.class.machine_vision,linux,libcamera,deny,dev-ceiling
cap.device.class.machine_vision,linux,pipewire,deny,dev-ceiling
cap.device.class.machine_vision,win32,mediafoundation,deny,dev-ceiling
cap.device.class.machine_vision,web,getusermedia,deny,dev-ceiling
cap.device.class.machine_vision,uvc-direct,uvc,deny,dev-uvcnoentry
cap.device.class.machine_vision,genicam,sfnc,native,
cap.device.facing,macos,avfoundation,native,
cap.device.facing,ios,avfoundation,native,
cap.device.facing,android,camera2ndk,native,
cap.device.facing,android,camerax,native,
cap.device.facing,linux,v4l2,native,
cap.device.facing,linux,libcamera,native,
cap.device.facing,linux,pipewire,emulate,dev-pwprops
cap.device.facing,win32,mediafoundation,deny,dev-mfnofacing
cap.device.facing,web,getusermedia,native,
cap.device.facing,uvc-direct,uvc,deny,dev-uvcnoentry
cap.device.facing,genicam,sfnc,deny,dev-genconsumer
cap.device.mount.rotation,macos,avfoundation,deny,dev-norotation
cap.device.mount.rotation,ios,avfoundation,deny,dev-norotation
cap.device.mount.rotation,android,camera2ndk,native,
cap.device.mount.rotation,android,camerax,native,
cap.device.mount.rotation,linux,v4l2,native,
cap.device.mount.rotation,linux,libcamera,native,
cap.device.mount.rotation,linux,pipewire,emulate,dev-pwprops
cap.device.mount.rotation,win32,mediafoundation,deny,dev-norotation
cap.device.mount.rotation,web,getusermedia,deny,dev-norotation
cap.device.mount.rotation,uvc-direct,uvc,deny,dev-uvcnoentry
cap.device.mount.rotation,genicam,sfnc,deny,dev-genconsumer
cap.device.sensor.geometry,macos,avfoundation,deny,dev-nosensorgeom
cap.device.sensor.geometry,ios,avfoundation,deny,dev-nosensorgeom
cap.device.sensor.geometry,android,camera2ndk,native,
cap.device.sensor.geometry,android,camerax,emulate,dev-cxinterop
cap.device.sensor.geometry,linux,v4l2,deny,dev-nosensorgeom
cap.device.sensor.geometry,linux,libcamera,native,
cap.device.sensor.geometry,linux,pipewire,deny,dev-nosensorgeom
cap.device.sensor.geometry,win32,mediafoundation,deny,dev-nosensorgeom
cap.device.sensor.geometry,web,getusermedia,deny,dev-webdeny
cap.device.sensor.geometry,uvc-direct,uvc,deny,dev-uvcnoentry
cap.device.sensor.geometry,genicam,sfnc,native,
cap.device.sensor.pixel_pitch,macos,avfoundation,native,
cap.device.sensor.pixel_pitch,ios,avfoundation,native,
cap.device.sensor.pixel_pitch,android,camera2ndk,native,
cap.device.sensor.pixel_pitch,android,camerax,emulate,dev-cxinterop
cap.device.sensor.pixel_pitch,linux,v4l2,deny,dev-nopixpitch
cap.device.sensor.pixel_pitch,linux,libcamera,native,
cap.device.sensor.pixel_pitch,linux,pipewire,deny,dev-nopixpitch
cap.device.sensor.pixel_pitch,win32,mediafoundation,deny,dev-nopixpitch
cap.device.sensor.pixel_pitch,web,getusermedia,deny,dev-webdeny
cap.device.sensor.pixel_pitch,uvc-direct,uvc,deny,dev-uvcnoentry
cap.device.sensor.pixel_pitch,genicam,sfnc,native,
cap.device.sensor.cfa,macos,avfoundation,deny,dev-nocfa
cap.device.sensor.cfa,ios,avfoundation,deny,dev-nocfa
cap.device.sensor.cfa,android,camera2ndk,native,
cap.device.sensor.cfa,android,camerax,emulate,dev-cxinterop
cap.device.sensor.cfa,linux,v4l2,native,
cap.device.sensor.cfa,linux,libcamera,native,
cap.device.sensor.cfa,linux,pipewire,deny,dev-nocfa
cap.device.sensor.cfa,win32,mediafoundation,deny,dev-nocfa
cap.device.sensor.cfa,web,getusermedia,deny,dev-webdeny
cap.device.sensor.cfa,uvc-direct,uvc,deny,dev-uvcnoentry
cap.device.sensor.cfa,genicam,sfnc,native,
cap.device.sensor.scan_type,macos,avfoundation,deny,dev-ceiling
cap.device.sensor.scan_type,ios,avfoundation,deny,dev-ceiling
cap.device.sensor.scan_type,android,camera2ndk,deny,dev-ceiling
cap.device.sensor.scan_type,android,camerax,deny,dev-ceiling
cap.device.sensor.scan_type,linux,v4l2,deny,dev-ceiling
cap.device.sensor.scan_type,linux,libcamera,deny,dev-ceiling
cap.device.sensor.scan_type,linux,pipewire,deny,dev-ceiling
cap.device.sensor.scan_type,win32,mediafoundation,deny,dev-ceiling
cap.device.sensor.scan_type,web,getusermedia,deny,dev-ceiling
cap.device.sensor.scan_type,uvc-direct,uvc,deny,dev-uvcnoentry
cap.device.sensor.scan_type,genicam,sfnc,native,
cap.device.sensor.white_level,macos,avfoundation,deny,dev-nowhitelevel
cap.device.sensor.white_level,ios,avfoundation,deny,dev-nowhitelevel
cap.device.sensor.white_level,android,camera2ndk,native,
cap.device.sensor.white_level,android,camerax,emulate,dev-cxinterop
cap.device.sensor.white_level,linux,v4l2,deny,dev-nowhitelevel
cap.device.sensor.white_level,linux,libcamera,deny,dev-nowhitelevel
cap.device.sensor.white_level,linux,pipewire,deny,dev-nowhitelevel
cap.device.sensor.white_level,win32,mediafoundation,deny,dev-nowhitelevel
cap.device.sensor.white_level,web,getusermedia,deny,dev-webdeny
cap.device.sensor.white_level,uvc-direct,uvc,deny,dev-uvcnoentry
cap.device.sensor.white_level,genicam,sfnc,native,
cap.device.lens.aperture.fixed,macos,avfoundation,native,
cap.device.lens.aperture.fixed,ios,avfoundation,native,
cap.device.lens.aperture.fixed,android,camera2ndk,native,
cap.device.lens.aperture.fixed,android,camerax,emulate,dev-cxinterop
cap.device.lens.aperture.fixed,linux,v4l2,deny,dev-noaperturechar
cap.device.lens.aperture.fixed,linux,libcamera,deny,dev-noaperturechar
cap.device.lens.aperture.fixed,linux,pipewire,deny,dev-noaperturechar
cap.device.lens.aperture.fixed,win32,mediafoundation,deny,dev-noaperturechar
cap.device.lens.aperture.fixed,web,getusermedia,deny,dev-webdeny
cap.device.lens.aperture.fixed,uvc-direct,uvc,deny,dev-uvcnoentry
cap.device.lens.aperture.fixed,genicam,sfnc,native,
cap.device.lens.focal_length,macos,avfoundation,deny,dev-nofocallen
cap.device.lens.focal_length,ios,avfoundation,deny,dev-nofocallen
cap.device.lens.focal_length,android,camera2ndk,native,
cap.device.lens.focal_length,android,camerax,emulate,dev-cxinterop
cap.device.lens.focal_length,linux,v4l2,deny,dev-nofocallen
cap.device.lens.focal_length,linux,libcamera,deny,dev-nofocallen
cap.device.lens.focal_length,linux,pipewire,deny,dev-nofocallen
cap.device.lens.focal_length,win32,mediafoundation,native,
cap.device.lens.focal_length,web,getusermedia,deny,dev-webdeny
cap.device.lens.focal_length,uvc-direct,uvc,native,
cap.device.lens.focal_length,genicam,sfnc,native,
cap.device.lens.min_focus_distance,macos,avfoundation,native,
cap.device.lens.min_focus_distance,ios,avfoundation,native,
cap.device.lens.min_focus_distance,android,camera2ndk,native,
cap.device.lens.min_focus_distance,android,camerax,emulate,dev-cxinterop
cap.device.lens.min_focus_distance,linux,v4l2,deny,dev-nominfocus
cap.device.lens.min_focus_distance,linux,libcamera,deny,dev-nominfocus
cap.device.lens.min_focus_distance,linux,pipewire,deny,dev-nominfocus
cap.device.lens.min_focus_distance,win32,mediafoundation,deny,dev-nominfocus
cap.device.lens.min_focus_distance,web,getusermedia,deny,dev-webdeny
cap.device.lens.min_focus_distance,uvc-direct,uvc,deny,dev-uvcnoentry
cap.device.lens.min_focus_distance,genicam,sfnc,deny,dev-genconsumer
cap.device.mic.association,macos,avfoundation,?,dev-avfmicq
cap.device.mic.association,ios,avfoundation,?,dev-avfmicq
cap.device.mic.association,android,camera2ndk,deny,dev-c2nomic
cap.device.mic.association,android,camerax,deny,dev-c2nomic
cap.device.mic.association,linux,v4l2,emulate,dev-usbparent
cap.device.mic.association,linux,libcamera,deny,dev-lcnomic
cap.device.mic.association,linux,pipewire,emulate,dev-pwnodegroup
cap.device.mic.association,win32,mediafoundation,native,
cap.device.mic.association,web,getusermedia,native,
cap.device.mic.association,uvc-direct,uvc,emulate,dev-usbparent
cap.device.mic.association,genicam,sfnc,deny,dev-genconsumer
cap.device.hardware_level,macos,avfoundation,deny,dev-nohwlevel
cap.device.hardware_level,ios,avfoundation,deny,dev-nohwlevel
cap.device.hardware_level,android,camera2ndk,native,
cap.device.hardware_level,android,camerax,emulate,dev-cxinterop
cap.device.hardware_level,linux,v4l2,deny,dev-nohwlevel
cap.device.hardware_level,linux,libcamera,deny,dev-nohwlevel
cap.device.hardware_level,linux,pipewire,deny,dev-nohwlevel
cap.device.hardware_level,win32,mediafoundation,deny,dev-nohwlevel
cap.device.hardware_level,web,getusermedia,deny,dev-webdeny
cap.device.hardware_level,uvc-direct,uvc,deny,dev-uvcnoentry
cap.device.hardware_level,genicam,sfnc,native,
cap.enum.caps.per_device,macos,avfoundation,emulate,dev-avfformatintro
cap.enum.caps.per_device,ios,avfoundation,emulate,dev-avfformatintro
cap.enum.caps.per_device,android,camera2ndk,native,
cap.enum.caps.per_device,android,camerax,native,
cap.enum.caps.per_device,linux,v4l2,native,
cap.enum.caps.per_device,linux,libcamera,native,
cap.enum.caps.per_device,linux,pipewire,emulate,dev-pwpropinfo
cap.enum.caps.per_device,win32,mediafoundation,native,
cap.enum.caps.per_device,web,getusermedia,native,
cap.enum.caps.per_device,uvc-direct,uvc,native,
cap.enum.caps.per_device,genicam,sfnc,native,
cap.enum.media_types,macos,avfoundation,native,
cap.enum.media_types,ios,avfoundation,native,
cap.enum.media_types,android,camera2ndk,emulate,dev-c2mediatype
cap.enum.media_types,android,camerax,emulate,dev-c2mediatype
cap.enum.media_types,linux,v4l2,native,
cap.enum.media_types,linux,libcamera,emulate,dev-lcmediatype
cap.enum.media_types,linux,pipewire,emulate,dev-pwprops
cap.enum.media_types,win32,mediafoundation,native,
cap.enum.media_types,web,getusermedia,native,
cap.enum.media_types,uvc-direct,uvc,emulate,dev-uvcvspin
cap.enum.media_types,genicam,sfnc,native,
cap.enum.feasibility.query_closed,macos,avfoundation,deny,dev-noqueryclosed
cap.enum.feasibility.query_closed,ios,avfoundation,deny,dev-noqueryclosed
cap.enum.feasibility.query_closed,android,camera2ndk,native,
cap.enum.feasibility.query_closed,android,camerax,deny,dev-cxhidesquery
cap.enum.feasibility.query_closed,linux,v4l2,deny,dev-noqueryclosed
cap.enum.feasibility.query_closed,linux,libcamera,deny,dev-noqueryclosed
cap.enum.feasibility.query_closed,linux,pipewire,deny,dev-noqueryclosed
cap.enum.feasibility.query_closed,win32,mediafoundation,emulate,dev-mfprofiletables
cap.enum.feasibility.query_closed,web,getusermedia,deny,dev-noqueryclosed
cap.enum.feasibility.query_closed,uvc-direct,uvc,deny,dev-uvcnoentry
cap.enum.feasibility.query_closed,genicam,sfnc,native,
cap.enum.feasibility.query_open,macos,avfoundation,native,
cap.enum.feasibility.query_open,ios,avfoundation,native,
cap.enum.feasibility.query_open,android,camera2ndk,native,
cap.enum.feasibility.query_open,android,camerax,emulate,dev-cxinterop
cap.enum.feasibility.query_open,linux,v4l2,emulate,dev-v4l2tryfmt
cap.enum.feasibility.query_open,linux,libcamera,emulate,dev-lcvalidate
cap.enum.feasibility.query_open,linux,pipewire,emulate,dev-pwenumformat
cap.enum.feasibility.query_open,win32,mediafoundation,emulate,dev-mfgetnative
cap.enum.feasibility.query_open,web,getusermedia,native,
cap.enum.feasibility.query_open,uvc-direct,uvc,emulate,dev-uvcprobe
cap.enum.feasibility.query_open,genicam,sfnc,emulate,dev-gennodemap
cap.enum.feasibility.combination_tables,macos,avfoundation,native,
cap.enum.feasibility.combination_tables,ios,avfoundation,native,
cap.enum.feasibility.combination_tables,android,camera2ndk,native,
cap.enum.feasibility.combination_tables,android,camerax,emulate,dev-cxconcurinfo
cap.enum.feasibility.combination_tables,linux,v4l2,deny,dev-nocombotables
cap.enum.feasibility.combination_tables,linux,libcamera,deny,dev-nocombotables
cap.enum.feasibility.combination_tables,linux,pipewire,deny,dev-nocombotables
cap.enum.feasibility.combination_tables,win32,mediafoundation,native,
cap.enum.feasibility.combination_tables,web,getusermedia,deny,dev-nocombotables
cap.enum.feasibility.combination_tables,uvc-direct,uvc,deny,dev-uvcnoentry
cap.enum.feasibility.combination_tables,genicam,sfnc,deny,dev-genconsumer
cap.enum.feasibility.try_adjust,macos,avfoundation,deny,dev-notryadjust
cap.enum.feasibility.try_adjust,ios,avfoundation,deny,dev-notryadjust
cap.enum.feasibility.try_adjust,android,camera2ndk,deny,dev-notryadjust
cap.enum.feasibility.try_adjust,android,camerax,deny,dev-notryadjust
cap.enum.feasibility.try_adjust,linux,v4l2,emulate,dev-v4l2tryfmt
cap.enum.feasibility.try_adjust,linux,libcamera,native,
cap.enum.feasibility.try_adjust,linux,pipewire,emulate,dev-pwenumformat
cap.enum.feasibility.try_adjust,win32,mediafoundation,deny,dev-notryadjust
cap.enum.feasibility.try_adjust,web,getusermedia,deny,dev-notryadjust
cap.enum.feasibility.try_adjust,uvc-direct,uvc,emulate,dev-uvcprobe
cap.enum.feasibility.try_adjust,genicam,sfnc,deny,dev-gennotryadj
cap.enum.feasibility.silent_clamp,macos,avfoundation,deny,dev-nosilentclamp
cap.enum.feasibility.silent_clamp,ios,avfoundation,deny,dev-nosilentclamp
cap.enum.feasibility.silent_clamp,android,camera2ndk,deny,dev-nosilentclamp
cap.enum.feasibility.silent_clamp,android,camerax,deny,dev-nosilentclamp
cap.enum.feasibility.silent_clamp,linux,v4l2,native,
cap.enum.feasibility.silent_clamp,linux,libcamera,deny,dev-nosilentclamp
cap.enum.feasibility.silent_clamp,linux,pipewire,deny,dev-nosilentclamp
cap.enum.feasibility.silent_clamp,win32,mediafoundation,native,
cap.enum.feasibility.silent_clamp,web,getusermedia,deny,dev-nosilentclamp
cap.enum.feasibility.silent_clamp,uvc-direct,uvc,deny,dev-uvcnoentry
cap.enum.feasibility.silent_clamp,genicam,sfnc,deny,dev-genconsumer
cap.enum.feasibility.constraints,macos,avfoundation,deny,dev-noconstraints
cap.enum.feasibility.constraints,ios,avfoundation,deny,dev-noconstraints
cap.enum.feasibility.constraints,android,camera2ndk,deny,dev-noconstraints
cap.enum.feasibility.constraints,android,camerax,deny,dev-noconstraints
cap.enum.feasibility.constraints,linux,v4l2,deny,dev-noconstraints
cap.enum.feasibility.constraints,linux,libcamera,deny,dev-noconstraints
cap.enum.feasibility.constraints,linux,pipewire,deny,dev-noconstraints
cap.enum.feasibility.constraints,win32,mediafoundation,deny,dev-noconstraints
cap.enum.feasibility.constraints,web,getusermedia,native,
cap.enum.feasibility.constraints,uvc-direct,uvc,deny,dev-uvcnoentry
cap.enum.feasibility.constraints,genicam,sfnc,deny,dev-genconsumer
cap.enum.feasibility.per_control_range,macos,avfoundation,native,
cap.enum.feasibility.per_control_range,ios,avfoundation,native,
cap.enum.feasibility.per_control_range,android,camera2ndk,native,
cap.enum.feasibility.per_control_range,android,camerax,native,
cap.enum.feasibility.per_control_range,linux,v4l2,native,
cap.enum.feasibility.per_control_range,linux,libcamera,native,
cap.enum.feasibility.per_control_range,linux,pipewire,native,
cap.enum.feasibility.per_control_range,win32,mediafoundation,native,
cap.enum.feasibility.per_control_range,web,getusermedia,native,
cap.enum.feasibility.per_control_range,uvc-direct,uvc,native,
cap.enum.feasibility.per_control_range,genicam,sfnc,native,
cap.enum.feasibility.cost_budget,macos,avfoundation,native,
cap.enum.feasibility.cost_budget,ios,avfoundation,native,
cap.enum.feasibility.cost_budget,android,camera2ndk,deny,dev-nocostbudget
cap.enum.feasibility.cost_budget,android,camerax,deny,dev-nocostbudget
cap.enum.feasibility.cost_budget,linux,v4l2,deny,dev-nocostbudget
cap.enum.feasibility.cost_budget,linux,libcamera,deny,dev-nocostbudget
cap.enum.feasibility.cost_budget,linux,pipewire,deny,dev-nocostbudget
cap.enum.feasibility.cost_budget,win32,mediafoundation,deny,dev-nocostbudget
cap.enum.feasibility.cost_budget,web,getusermedia,deny,dev-nocostbudget
cap.enum.feasibility.cost_budget,uvc-direct,uvc,deny,dev-uvcnoentry
cap.enum.feasibility.cost_budget,genicam,sfnc,deny,dev-genconsumer
cap.enum.concurrent_sets,macos,avfoundation,deny,dev-macosnomulticam
cap.enum.concurrent_sets,ios,avfoundation,native,
cap.enum.concurrent_sets,android,camera2ndk,native,
cap.enum.concurrent_sets,android,camerax,emulate,dev-cxconcurinfo
cap.enum.concurrent_sets,linux,v4l2,deny,dev-noconcurrent
cap.enum.concurrent_sets,linux,libcamera,deny,dev-noconcurrent
cap.enum.concurrent_sets,linux,pipewire,deny,dev-noconcurrent
cap.enum.concurrent_sets,win32,mediafoundation,deny,dev-noconcurrent
cap.enum.concurrent_sets,web,getusermedia,deny,dev-noconcurrent
cap.enum.concurrent_sets,uvc-direct,uvc,deny,dev-uvcnoentry
cap.enum.concurrent_sets,genicam,sfnc,deny,dev-genconsumer
cap.device.access.raw_under_os,macos,avfoundation,emulate,dev-rawuvc
cap.device.access.raw_under_os,ios,avfoundation,deny,dev-iosrawfloor
cap.device.access.raw_under_os,android,camera2ndk,deny,dev-androidrawfloor
cap.device.access.raw_under_os,android,camerax,deny,dev-androidrawfloor
cap.device.access.raw_under_os,linux,v4l2,native,
cap.device.access.raw_under_os,linux,libcamera,emulate,dev-rawuvc
cap.device.access.raw_under_os,linux,pipewire,emulate,dev-rawuvc
cap.device.access.raw_under_os,win32,mediafoundation,emulate,dev-rawuvc
cap.device.access.raw_under_os,web,getusermedia,deny,dev-webdeny
cap.device.access.raw_under_os,uvc-direct,uvc,native,
cap.device.access.raw_under_os,genicam,sfnc,native,
cap.device.access.extension_unit,macos,avfoundation,emulate,dev-rawuvc
cap.device.access.extension_unit,ios,avfoundation,deny,dev-iosrawfloor
cap.device.access.extension_unit,android,camera2ndk,deny,dev-androidrawfloor
cap.device.access.extension_unit,android,camerax,deny,dev-androidrawfloor
cap.device.access.extension_unit,linux,v4l2,native,
cap.device.access.extension_unit,linux,libcamera,emulate,dev-rawuvc
cap.device.access.extension_unit,linux,pipewire,emulate,dev-rawuvc
cap.device.access.extension_unit,win32,mediafoundation,native,
cap.device.access.extension_unit,web,getusermedia,deny,dev-webdeny
cap.device.access.extension_unit,uvc-direct,uvc,native,
cap.device.access.extension_unit,genicam,sfnc,native,
cap.device.hotplug,macos,avfoundation,native,
cap.device.hotplug,ios,avfoundation,native,
cap.device.hotplug,android,camera2ndk,native,
cap.device.hotplug,android,camerax,native,
cap.device.hotplug,linux,v4l2,native,
cap.device.hotplug,linux,libcamera,native,
cap.device.hotplug,linux,pipewire,native,
cap.device.hotplug,win32,mediafoundation,native,
cap.device.hotplug,web,getusermedia,native,
cap.device.hotplug,uvc-direct,uvc,deny,dev-uvcnoentry
cap.device.hotplug,genicam,sfnc,native,
cap.device.connected_state,macos,avfoundation,native,
cap.device.connected_state,ios,avfoundation,native,
cap.device.connected_state,android,camera2ndk,emulate,dev-c2availcb
cap.device.connected_state,android,camerax,emulate,dev-c2availcb
cap.device.connected_state,linux,v4l2,emulate,dev-v4l2openprobe
cap.device.connected_state,linux,libcamera,emulate,dev-lcdisconnected
cap.device.connected_state,linux,pipewire,emulate,dev-pwregistry
cap.device.connected_state,win32,mediafoundation,native,
cap.device.connected_state,web,getusermedia,native,
cap.device.connected_state,uvc-direct,uvc,deny,dev-uvcnoentry
cap.device.connected_state,genicam,sfnc,native,
cap.topology.session.graph,macos,avfoundation,native,
cap.topology.session.graph,ios,avfoundation,native,
cap.topology.session.graph,android,camera2ndk,native,
cap.topology.session.graph,android,camerax,native,top-camerax-graph
cap.topology.session.graph,linux,v4l2,native,
cap.topology.session.graph,linux,libcamera,native,
cap.topology.session.graph,linux,pipewire,native,
cap.topology.session.graph,win32,mediafoundation,native,
cap.topology.session.graph,web,getusermedia,native,
cap.topology.session.graph,uvc-direct,uvc,emulate,top-uvc-graph-implicit
cap.topology.session.graph,genicam,sfnc,native,
cap.topology.multicam.concurrent,macos,avfoundation,deny,top-avf-multicam-nomacos
cap.topology.multicam.concurrent,ios,avfoundation,native,
cap.topology.multicam.concurrent,android,camera2ndk,native,
cap.topology.multicam.concurrent,android,camerax,native,top-camerax-concurrent
cap.topology.multicam.concurrent,linux,v4l2,deny,top-v4l2-nomulticam
cap.topology.multicam.concurrent,linux,libcamera,emulate,top-libcamera-multicam-uncoordinated
cap.topology.multicam.concurrent,linux,pipewire,emulate,top-pw-multicam-backendbound
cap.topology.multicam.concurrent,win32,mediafoundation,emulate,top-mf-multicam-uncoordinated
cap.topology.multicam.concurrent,web,getusermedia,emulate,top-web-twocam
cap.topology.multicam.concurrent,uvc-direct,uvc,deny,top-uvc-singledevice
cap.topology.multicam.concurrent,genicam,sfnc,deny,top-genicam-perdevice
cap.topology.multicam.deviceset.enumerate,macos,avfoundation,deny,top-avf-multicam-nomacos
cap.topology.multicam.deviceset.enumerate,ios,avfoundation,native,
cap.topology.multicam.deviceset.enumerate,android,camera2ndk,native,top-camera2-concurrentid-java
cap.topology.multicam.deviceset.enumerate,android,camerax,native,top-camera2-concurrentid-java
cap.topology.multicam.deviceset.enumerate,linux,v4l2,deny,top-v4l2-nomulticam
cap.topology.multicam.deviceset.enumerate,linux,libcamera,deny,top-libcamera-nodeviceset
cap.topology.multicam.deviceset.enumerate,linux,pipewire,deny,top-pw-nodeviceset
cap.topology.multicam.deviceset.enumerate,win32,mediafoundation,deny,top-mf-nodeviceset
cap.topology.multicam.deviceset.enumerate,web,getusermedia,deny,top-web-nodeviceset
cap.topology.multicam.deviceset.enumerate,uvc-direct,uvc,deny,top-uvc-singledevice
cap.topology.multicam.deviceset.enumerate,genicam,sfnc,deny,top-genicam-perdevice
cap.topology.multicam.cost.hardware,macos,avfoundation,deny,top-avf-multicam-nomacos
cap.topology.multicam.cost.hardware,ios,avfoundation,native,
cap.topology.multicam.cost.hardware,android,camera2ndk,deny,top-no-costbudget
cap.topology.multicam.cost.hardware,android,camerax,deny,top-no-costbudget
cap.topology.multicam.cost.hardware,linux,v4l2,deny,top-no-costbudget
cap.topology.multicam.cost.hardware,linux,libcamera,deny,top-no-costbudget
cap.topology.multicam.cost.hardware,linux,pipewire,deny,top-no-costbudget
cap.topology.multicam.cost.hardware,win32,mediafoundation,deny,top-no-costbudget
cap.topology.multicam.cost.hardware,web,getusermedia,deny,top-no-costbudget
cap.topology.multicam.cost.hardware,uvc-direct,uvc,deny,top-no-costbudget
cap.topology.multicam.cost.hardware,genicam,sfnc,deny,top-no-costbudget
cap.topology.multicam.cost.systempressure,macos,avfoundation,deny,top-avf-multicam-nomacos
cap.topology.multicam.cost.systempressure,ios,avfoundation,native,
cap.topology.multicam.cost.systempressure,android,camera2ndk,deny,top-no-costbudget
cap.topology.multicam.cost.systempressure,android,camerax,deny,top-no-costbudget
cap.topology.multicam.cost.systempressure,linux,v4l2,deny,top-no-costbudget
cap.topology.multicam.cost.systempressure,linux,libcamera,deny,top-no-costbudget
cap.topology.multicam.cost.systempressure,linux,pipewire,deny,top-no-costbudget
cap.topology.multicam.cost.systempressure,win32,mediafoundation,deny,top-no-costbudget
cap.topology.multicam.cost.systempressure,web,getusermedia,deny,top-no-costbudget
cap.topology.multicam.cost.systempressure,uvc-direct,uvc,deny,top-no-costbudget
cap.topology.multicam.cost.systempressure,genicam,sfnc,deny,top-no-costbudget
cap.topology.multicam.perstream.cap,macos,avfoundation,deny,top-avf-multicam-nomacos
cap.topology.multicam.perstream.cap,ios,avfoundation,native,
cap.topology.multicam.perstream.cap,android,camera2ndk,native,
cap.topology.multicam.perstream.cap,android,camerax,emulate,top-camerax-interop
cap.topology.multicam.perstream.cap,linux,v4l2,deny,top-v4l2-nomulticam
cap.topology.multicam.perstream.cap,linux,libcamera,deny,top-libcamera-nodeviceset
cap.topology.multicam.perstream.cap,linux,pipewire,deny,top-pw-nodeviceset
cap.topology.multicam.perstream.cap,win32,mediafoundation,deny,top-mf-nodeviceset
cap.topology.multicam.perstream.cap,web,getusermedia,deny,top-web-nodeviceset
cap.topology.multicam.perstream.cap,uvc-direct,uvc,deny,top-uvc-singledevice
cap.topology.multicam.perstream.cap,genicam,sfnc,deny,top-genicam-perdevice
cap.topology.multicam.participation,macos,avfoundation,deny,top-avf-multicam-nomacos
cap.topology.multicam.participation,ios,avfoundation,native,
cap.topology.multicam.participation,android,camera2ndk,native,top-camera2-concurrentid-java
cap.topology.multicam.participation,android,camerax,native,top-camera2-concurrentid-java
cap.topology.multicam.participation,linux,v4l2,deny,top-v4l2-nomulticam
cap.topology.multicam.participation,linux,libcamera,deny,top-libcamera-nodeviceset
cap.topology.multicam.participation,linux,pipewire,deny,top-pw-nodeviceset
cap.topology.multicam.participation,win32,mediafoundation,deny,top-mf-nodeviceset
cap.topology.multicam.participation,web,getusermedia,deny,top-web-nodeviceset
cap.topology.multicam.participation,uvc-direct,uvc,deny,top-uvc-singledevice
cap.topology.multicam.participation,genicam,sfnc,deny,top-genicam-perdevice
cap.topology.logical.is,macos,avfoundation,native,
cap.topology.logical.is,ios,avfoundation,native,
cap.topology.logical.is,android,camera2ndk,native,
cap.topology.logical.is,android,camerax,emulate,top-camerax-interop
cap.topology.logical.is,linux,v4l2,deny,top-v4l2-nological
cap.topology.logical.is,linux,libcamera,deny,top-libcamera-nological
cap.topology.logical.is,linux,pipewire,deny,top-pw-nological
cap.topology.logical.is,win32,mediafoundation,deny,top-mf-nological
cap.topology.logical.is,web,getusermedia,deny,top-web-nological
cap.topology.logical.is,uvc-direct,uvc,deny,top-uvc-nological
cap.topology.logical.is,genicam,sfnc,deny,top-genicam-source-notlogical
cap.topology.logical.constituents.enumerate,macos,avfoundation,native,
cap.topology.logical.constituents.enumerate,ios,avfoundation,native,
cap.topology.logical.constituents.enumerate,android,camera2ndk,native,
cap.topology.logical.constituents.enumerate,android,camerax,emulate,top-camerax-interop
cap.topology.logical.constituents.enumerate,linux,v4l2,deny,top-v4l2-nological
cap.topology.logical.constituents.enumerate,linux,libcamera,deny,top-libcamera-nological
cap.topology.logical.constituents.enumerate,linux,pipewire,deny,top-pw-nological
cap.topology.logical.constituents.enumerate,win32,mediafoundation,deny,top-mf-nological
cap.topology.logical.constituents.enumerate,web,getusermedia,deny,top-web-nological
cap.topology.logical.constituents.enumerate,uvc-direct,uvc,deny,top-uvc-nological
cap.topology.logical.constituents.enumerate,genicam,sfnc,native,top-genicam-source-as-constituent
cap.topology.logical.constituent.ports,macos,avfoundation,native,
cap.topology.logical.constituent.ports,ios,avfoundation,native,
cap.topology.logical.constituent.ports,android,camera2ndk,native,
cap.topology.logical.constituent.ports,android,camerax,emulate,top-camerax-interop
cap.topology.logical.constituent.ports,linux,v4l2,deny,top-v4l2-nological
cap.topology.logical.constituent.ports,linux,libcamera,deny,top-libcamera-nological
cap.topology.logical.constituent.ports,linux,pipewire,deny,top-pw-nological
cap.topology.logical.constituent.ports,win32,mediafoundation,deny,top-mf-nological
cap.topology.logical.constituent.ports,web,getusermedia,deny,top-web-nological
cap.topology.logical.constituent.ports,uvc-direct,uvc,deny,top-uvc-nological
cap.topology.logical.constituent.ports,genicam,sfnc,deny,top-genicam-source-notlogical
cap.topology.logical.constituent.activephysical,macos,avfoundation,native,
cap.topology.logical.constituent.activephysical,ios,avfoundation,native,
cap.topology.logical.constituent.activephysical,android,camera2ndk,native,
cap.topology.logical.constituent.activephysical,android,camerax,emulate,top-camerax-interop
cap.topology.logical.constituent.activephysical,linux,v4l2,deny,top-v4l2-nological
cap.topology.logical.constituent.activephysical,linux,libcamera,deny,top-libcamera-nological
cap.topology.logical.constituent.activephysical,linux,pipewire,deny,top-pw-nological
cap.topology.logical.constituent.activephysical,win32,mediafoundation,deny,top-mf-nological
cap.topology.logical.constituent.activephysical,web,getusermedia,deny,top-web-nological
cap.topology.logical.constituent.activephysical,uvc-direct,uvc,deny,top-uvc-nological
cap.topology.logical.constituent.activephysical,genicam,sfnc,deny,top-genicam-source-notlogical
cap.topology.logical.switchover.zoomfactors,macos,avfoundation,deny,top-avf-switchover-nomacos
cap.topology.logical.switchover.zoomfactors,ios,avfoundation,native,
cap.topology.logical.switchover.zoomfactors,android,camera2ndk,deny,top-camera2-noswitchover-introspect
cap.topology.logical.switchover.zoomfactors,android,camerax,deny,top-camera2-noswitchover-introspect
cap.topology.logical.switchover.zoomfactors,linux,v4l2,deny,top-v4l2-nological
cap.topology.logical.switchover.zoomfactors,linux,libcamera,deny,top-libcamera-nological
cap.topology.logical.switchover.zoomfactors,linux,pipewire,deny,top-pw-nological
cap.topology.logical.switchover.zoomfactors,win32,mediafoundation,deny,top-mf-nological
cap.topology.logical.switchover.zoomfactors,web,getusermedia,deny,top-web-nological
cap.topology.logical.switchover.zoomfactors,uvc-direct,uvc,deny,top-uvc-nological
cap.topology.logical.switchover.zoomfactors,genicam,sfnc,deny,top-genicam-source-notlogical
cap.topology.logical.switchover.behavior,macos,avfoundation,native,top-avf-switchover-behavior-both
cap.topology.logical.switchover.behavior,ios,avfoundation,native,
cap.topology.logical.switchover.behavior,android,camera2ndk,deny,top-camera2-noswitchover-control
cap.topology.logical.switchover.behavior,android,camerax,deny,top-camera2-noswitchover-control
cap.topology.logical.switchover.behavior,linux,v4l2,deny,top-v4l2-nological
cap.topology.logical.switchover.behavior,linux,libcamera,deny,top-libcamera-nological
cap.topology.logical.switchover.behavior,linux,pipewire,deny,top-pw-nological
cap.topology.logical.switchover.behavior,win32,mediafoundation,deny,top-mf-nological
cap.topology.logical.switchover.behavior,web,getusermedia,deny,top-web-nological
cap.topology.logical.switchover.behavior,uvc-direct,uvc,deny,top-uvc-nological
cap.topology.logical.switchover.behavior,genicam,sfnc,deny,top-genicam-source-notlogical
cap.topology.logical.switchover.lock.recording,macos,avfoundation,native,
cap.topology.logical.switchover.lock.recording,ios,avfoundation,native,
cap.topology.logical.switchover.lock.recording,android,camera2ndk,deny,top-camera2-noswitchover-control
cap.topology.logical.switchover.lock.recording,android,camerax,deny,top-camera2-noswitchover-control
cap.topology.logical.switchover.lock.recording,linux,v4l2,deny,top-v4l2-nological
cap.topology.logical.switchover.lock.recording,linux,libcamera,deny,top-libcamera-nological
cap.topology.logical.switchover.lock.recording,linux,pipewire,deny,top-pw-nological
cap.topology.logical.switchover.lock.recording,win32,mediafoundation,deny,top-mf-nological
cap.topology.logical.switchover.lock.recording,web,getusermedia,deny,top-web-nological
cap.topology.logical.switchover.lock.recording,uvc-direct,uvc,deny,top-uvc-nological
cap.topology.logical.switchover.lock.recording,genicam,sfnc,deny,top-genicam-source-notlogical
cap.topology.logical.sensor.synctype,macos,avfoundation,deny,top-avf-nosynctype
cap.topology.logical.sensor.synctype,ios,avfoundation,deny,top-avf-nosynctype
cap.topology.logical.sensor.synctype,android,camera2ndk,native,
cap.topology.logical.sensor.synctype,android,camerax,emulate,top-camerax-interop
cap.topology.logical.sensor.synctype,linux,v4l2,deny,top-v4l2-nological
cap.topology.logical.sensor.synctype,linux,libcamera,deny,top-libcamera-nological
cap.topology.logical.sensor.synctype,linux,pipewire,deny,top-pw-nological
cap.topology.logical.sensor.synctype,win32,mediafoundation,deny,top-mf-nological
cap.topology.logical.sensor.synctype,web,getusermedia,deny,top-web-nological
cap.topology.logical.sensor.synctype,uvc-direct,uvc,deny,top-uvc-nological
cap.topology.logical.sensor.synctype,genicam,sfnc,deny,top-genicam-source-notlogical
cap.topology.physical.hotplug,macos,avfoundation,deny,top-avf-nophysicalhotplug
cap.topology.physical.hotplug,ios,avfoundation,deny,top-avf-nophysicalhotplug
cap.topology.physical.hotplug,android,camera2ndk,native,top-camera2-physhotplug-java
cap.topology.physical.hotplug,android,camerax,native,top-camera2-physhotplug-java
cap.topology.physical.hotplug,linux,v4l2,deny,top-v4l2-nological
cap.topology.physical.hotplug,linux,libcamera,deny,top-libcamera-nological
cap.topology.physical.hotplug,linux,pipewire,deny,top-pw-nological
cap.topology.physical.hotplug,win32,mediafoundation,deny,top-mf-nological
cap.topology.physical.hotplug,web,getusermedia,deny,top-web-nological
cap.topology.physical.hotplug,uvc-direct,uvc,deny,top-uvc-nological
cap.topology.physical.hotplug,genicam,sfnc,deny,top-genicam-source-notlogical
cap.stream.multi.concurrent,macos,avfoundation,native,
cap.stream.multi.concurrent,ios,avfoundation,native,
cap.stream.multi.concurrent,android,camera2ndk,native,
cap.stream.multi.concurrent,android,camerax,native,top-camerax-multistream
cap.stream.multi.concurrent,linux,v4l2,native,top-v4l2-multinode
cap.stream.multi.concurrent,linux,libcamera,native,
cap.stream.multi.concurrent,linux,pipewire,native,
cap.stream.multi.concurrent,win32,mediafoundation,native,
cap.stream.multi.concurrent,web,getusermedia,native,
cap.stream.multi.concurrent,uvc-direct,uvc,emulate,top-uvc-multivs-firmware
cap.stream.multi.concurrent,genicam,sfnc,native,
cap.stream.multi.perstream.format,macos,avfoundation,native,
cap.stream.multi.perstream.format,ios,avfoundation,native,
cap.stream.multi.perstream.format,android,camera2ndk,native,
cap.stream.multi.perstream.format,android,camerax,native,top-camerax-multistream
cap.stream.multi.perstream.format,linux,v4l2,native,top-v4l2-multinode
cap.stream.multi.perstream.format,linux,libcamera,native,
cap.stream.multi.perstream.format,linux,pipewire,native,
cap.stream.multi.perstream.format,win32,mediafoundation,native,
cap.stream.multi.perstream.format,web,getusermedia,native,
cap.stream.multi.perstream.format,uvc-direct,uvc,emulate,top-uvc-multivs-firmware
cap.stream.multi.perstream.format,genicam,sfnc,native,
cap.stream.multi.perstream.usecase,macos,avfoundation,native,
cap.stream.multi.perstream.usecase,ios,avfoundation,native,
cap.stream.multi.perstream.usecase,android,camera2ndk,native,
cap.stream.multi.perstream.usecase,android,camerax,native,top-camerax-usecase
cap.stream.multi.perstream.usecase,linux,v4l2,deny,top-v4l2-nousecase
cap.stream.multi.perstream.usecase,linux,libcamera,native,
cap.stream.multi.perstream.usecase,linux,pipewire,native,top-pw-mediarole
cap.stream.multi.perstream.usecase,win32,mediafoundation,native,
cap.stream.multi.perstream.usecase,web,getusermedia,deny,top-web-nousecase
cap.stream.multi.perstream.usecase,uvc-direct,uvc,deny,top-uvc-nousecase
cap.stream.multi.perstream.usecase,genicam,sfnc,deny,top-genicam-nousecase
cap.stream.multi.streamcount.ceiling,macos,avfoundation,deny,top-avf-nostreamcount
cap.stream.multi.streamcount.ceiling,ios,avfoundation,deny,top-avf-nostreamcount
cap.stream.multi.streamcount.ceiling,android,camera2ndk,native,
cap.stream.multi.streamcount.ceiling,android,camerax,emulate,top-camerax-interop
cap.stream.multi.streamcount.ceiling,linux,v4l2,deny,top-v4l2-nostreamcount
cap.stream.multi.streamcount.ceiling,linux,libcamera,deny,top-libcamera-nostreamcount
cap.stream.multi.streamcount.ceiling,linux,pipewire,deny,top-pw-nostreamcount
cap.stream.multi.streamcount.ceiling,win32,mediafoundation,deny,top-mf-nostreamcount
cap.stream.multi.streamcount.ceiling,web,getusermedia,deny,top-web-nostreamcount
cap.stream.multi.streamcount.ceiling,uvc-direct,uvc,deny,top-uvc-nostreamcount
cap.stream.multi.streamcount.ceiling,genicam,sfnc,native,
cap.stream.share.fanout,macos,avfoundation,native,
cap.stream.share.fanout,ios,avfoundation,native,
cap.stream.share.fanout,android,camera2ndk,native,
cap.stream.share.fanout,android,camerax,native,top-camerax-streamsharing
cap.stream.share.fanout,linux,v4l2,deny,top-v4l2-nofanout
cap.stream.share.fanout,linux,libcamera,deny,top-libcamera-nofanout
cap.stream.share.fanout,linux,pipewire,deny,top-pw-nofanout
cap.stream.share.fanout,win32,mediafoundation,deny,top-mf-nofanout
cap.stream.share.fanout,web,getusermedia,native,
cap.stream.share.fanout,uvc-direct,uvc,deny,top-uvc-nofanout
cap.stream.share.fanout,genicam,sfnc,native,
cap.stream.multiresolution,macos,avfoundation,deny,top-avf-nomultires
cap.stream.multiresolution,ios,avfoundation,deny,top-avf-nomultires
cap.stream.multiresolution,android,camera2ndk,native,
cap.stream.multiresolution,android,camerax,emulate,top-camerax-interop
cap.stream.multiresolution,linux,v4l2,deny,top-v4l2-nomultires
cap.stream.multiresolution,linux,libcamera,deny,top-libcamera-nomultires
cap.stream.multiresolution,linux,pipewire,deny,top-pw-nomultires
cap.stream.multiresolution,win32,mediafoundation,deny,top-mf-nomultires
cap.stream.multiresolution,web,getusermedia,deny,top-web-nomultires
cap.stream.multiresolution,uvc-direct,uvc,deny,top-uvc-nomultires
cap.stream.multiresolution,genicam,sfnc,deny,top-genicam-nomultires
cap.stream.source.multivs,macos,avfoundation,emulate,top-uvc-multivs-rawmacos
cap.stream.source.multivs,ios,avfoundation,deny,top-ios-noraw
cap.stream.source.multivs,android,camera2ndk,native,top-camera2-physstream
cap.stream.source.multivs,android,camerax,emulate,top-camerax-interop
cap.stream.source.multivs,linux,v4l2,native,top-v4l2-multinode
cap.stream.source.multivs,linux,libcamera,deny,top-libcamera-nomultivs
cap.stream.source.multivs,linux,pipewire,native,top-pw-multivs-backend
cap.stream.source.multivs,win32,mediafoundation,native,
cap.stream.source.multivs,web,getusermedia,deny,top-web-nomultivs
cap.stream.source.multivs,uvc-direct,uvc,native,
cap.stream.source.multivs,genicam,sfnc,native,
cap.stream.source.kind.classify,macos,avfoundation,native,top-avf-kind-coarse
cap.stream.source.kind.classify,ios,avfoundation,native,top-avf-kind-coarse
cap.stream.source.kind.classify,android,camera2ndk,deny,top-camera2-nokind
cap.stream.source.kind.classify,android,camerax,deny,top-camera2-nokind
cap.stream.source.kind.classify,linux,v4l2,deny,top-v4l2-nokind
cap.stream.source.kind.classify,linux,libcamera,deny,top-libcamera-nokind
cap.stream.source.kind.classify,linux,pipewire,deny,top-pw-nokind
cap.stream.source.kind.classify,win32,mediafoundation,native,
cap.stream.source.kind.classify,web,getusermedia,deny,top-web-nokind
cap.stream.source.kind.classify,uvc-direct,uvc,deny,top-uvc-nokind
cap.stream.source.kind.classify,genicam,sfnc,native,
cap.stream.sync.timealigned,macos,avfoundation,deny,top-avf-nosync-macos
cap.stream.sync.timealigned,ios,avfoundation,native,
cap.stream.sync.timealigned,android,camera2ndk,emulate,top-fwk-tsalign
cap.stream.sync.timealigned,android,camerax,emulate,top-fwk-tsalign
cap.stream.sync.timealigned,linux,v4l2,deny,top-v4l2-nosync
cap.stream.sync.timealigned,linux,libcamera,deny,top-libcamera-nosync
cap.stream.sync.timealigned,linux,pipewire,deny,top-pw-nosync
cap.stream.sync.timealigned,win32,mediafoundation,native,
cap.stream.sync.timealigned,web,getusermedia,deny,top-web-nosync
cap.stream.sync.timealigned,uvc-direct,uvc,deny,top-uvc-nosync
cap.stream.sync.timealigned,genicam,sfnc,native,
cap.stream.sync.clock.port,macos,avfoundation,native,
cap.stream.sync.clock.port,ios,avfoundation,native,
cap.stream.sync.clock.port,android,camera2ndk,deny,top-camera2-noportclock
cap.stream.sync.clock.port,android,camerax,deny,top-camera2-noportclock
cap.stream.sync.clock.port,linux,v4l2,deny,top-v4l2-noportclock
cap.stream.sync.clock.port,linux,libcamera,deny,top-libcamera-noportclock
cap.stream.sync.clock.port,linux,pipewire,deny,top-pw-noportclock
cap.stream.sync.clock.port,win32,mediafoundation,deny,top-mf-noportclock
cap.stream.sync.clock.port,web,getusermedia,deny,top-web-noportclock
cap.stream.sync.clock.port,uvc-direct,uvc,native,
cap.stream.sync.clock.port,genicam,sfnc,native,
cap.stream.reconfigure.live,macos,avfoundation,native,
cap.stream.reconfigure.live,ios,avfoundation,native,
cap.stream.reconfigure.live,android,camera2ndk,native,
cap.stream.reconfigure.live,android,camerax,native,top-camerax-reconfig
cap.stream.reconfigure.live,linux,v4l2,deny,top-v4l2-reconfig-teardown
cap.stream.reconfigure.live,linux,libcamera,deny,top-libcamera-locked
cap.stream.reconfigure.live,linux,pipewire,deny,top-pw-reconfig-renegotiate
cap.stream.reconfigure.live,win32,mediafoundation,native,
cap.stream.reconfigure.live,web,getusermedia,native,
cap.stream.reconfigure.live,uvc-direct,uvc,native,
cap.stream.reconfigure.live,genicam,sfnc,deny,top-genicam-locked
cap.stream.reconfigure.deferred.surface,macos,avfoundation,deny,top-avf-nodeferred
cap.stream.reconfigure.deferred.surface,ios,avfoundation,deny,top-avf-nodeferred
cap.stream.reconfigure.deferred.surface,android,camera2ndk,native,
cap.stream.reconfigure.deferred.surface,android,camerax,emulate,top-camerax-interop
cap.stream.reconfigure.deferred.surface,linux,v4l2,deny,top-v4l2-nodeferred
cap.stream.reconfigure.deferred.surface,linux,libcamera,deny,top-libcamera-nodeferred
cap.stream.reconfigure.deferred.surface,linux,pipewire,deny,top-pw-nodeferred
cap.stream.reconfigure.deferred.surface,win32,mediafoundation,deny,top-mf-nodeferred
cap.stream.reconfigure.deferred.surface,web,getusermedia,deny,top-web-nodeferred
cap.stream.reconfigure.deferred.surface,uvc-direct,uvc,deny,top-uvc-nodeferred
cap.stream.reconfigure.deferred.surface,genicam,sfnc,deny,top-genicam-nodeferred
cap.stream.reconfigure.params.session,macos,avfoundation,deny,top-avf-nosessionparams
cap.stream.reconfigure.params.session,ios,avfoundation,deny,top-avf-nosessionparams
cap.stream.reconfigure.params.session,android,camera2ndk,native,
cap.stream.reconfigure.params.session,android,camerax,emulate,top-camerax-interop
cap.stream.reconfigure.params.session,linux,v4l2,deny,top-v4l2-nosessionparams
cap.stream.reconfigure.params.session,linux,libcamera,deny,top-libcamera-nosessionparams
cap.stream.reconfigure.params.session,linux,pipewire,deny,top-pw-nosessionparams
cap.stream.reconfigure.params.session,win32,mediafoundation,deny,top-mf-nosessionparams
cap.stream.reconfigure.params.session,web,getusermedia,deny,top-web-nosessionparams
cap.stream.reconfigure.params.session,uvc-direct,uvc,deny,top-uvc-nosessionparams
cap.stream.reconfigure.params.session,genicam,sfnc,native,
cap.stream.acquisition.mode,macos,avfoundation,native,top-avf-acq-coarse
cap.stream.acquisition.mode,ios,avfoundation,native,top-avf-acq-coarse
cap.stream.acquisition.mode,android,camera2ndk,native,top-camera2-acq-requestmodel
cap.stream.acquisition.mode,android,camerax,native,top-camera2-acq-requestmodel
cap.stream.acquisition.mode,linux,v4l2,deny,top-v4l2-noacqmode
cap.stream.acquisition.mode,linux,libcamera,deny,top-libcamera-noacqmode
cap.stream.acquisition.mode,linux,pipewire,deny,top-pw-noacqmode
cap.stream.acquisition.mode,win32,mediafoundation,deny,top-mf-noacqmode
cap.stream.acquisition.mode,web,getusermedia,deny,top-web-noacqmode
cap.stream.acquisition.mode,uvc-direct,uvc,deny,top-uvc-noacqmode
cap.stream.acquisition.mode,genicam,sfnc,native,
cap.stream.transfer.usercontrolled,macos,avfoundation,deny,top-no-transferctrl
cap.stream.transfer.usercontrolled,ios,avfoundation,deny,top-no-transferctrl
cap.stream.transfer.usercontrolled,android,camera2ndk,deny,top-no-transferctrl
cap.stream.transfer.usercontrolled,android,camerax,deny,top-no-transferctrl
cap.stream.transfer.usercontrolled,linux,v4l2,deny,top-no-transferctrl
cap.stream.transfer.usercontrolled,linux,libcamera,deny,top-no-transferctrl
cap.stream.transfer.usercontrolled,linux,pipewire,deny,top-no-transferctrl
cap.stream.transfer.usercontrolled,win32,mediafoundation,deny,top-no-transferctrl
cap.stream.transfer.usercontrolled,web,getusermedia,deny,top-no-transferctrl
cap.stream.transfer.usercontrolled,uvc-direct,uvc,deny,top-no-transferctrl
cap.stream.transfer.usercontrolled,genicam,sfnc,native,
cap.stream.channel.transport.config,macos,avfoundation,deny,top-no-channeltransport
cap.stream.channel.transport.config,ios,avfoundation,deny,top-no-channeltransport
cap.stream.channel.transport.config,android,camera2ndk,deny,top-no-channeltransport
cap.stream.channel.transport.config,android,camerax,deny,top-no-channeltransport
cap.stream.channel.transport.config,linux,v4l2,deny,top-no-channeltransport
cap.stream.channel.transport.config,linux,libcamera,deny,top-no-channeltransport
cap.stream.channel.transport.config,linux,pipewire,deny,top-no-channeltransport
cap.stream.channel.transport.config,win32,mediafoundation,deny,top-no-channeltransport
cap.stream.channel.transport.config,web,getusermedia,deny,top-no-channeltransport
cap.stream.channel.transport.config,uvc-direct,uvc,deny,top-no-channeltransport
cap.stream.channel.transport.config,genicam,sfnc,native,
cap.control.lock.hardware-config,macos,avfoundation,native,
cap.control.lock.hardware-config,ios,avfoundation,native,
cap.control.lock.hardware-config,android,camera2ndk,native,
cap.control.lock.hardware-config,android,camerax,native,
cap.control.lock.hardware-config,linux,v4l2,native,
cap.control.lock.hardware-config,linux,libcamera,native,
cap.control.lock.hardware-config,linux,pipewire,deny,ctl-pwnolock
cap.control.lock.hardware-config,win32,mediafoundation,native,
cap.control.lock.hardware-config,web,getusermedia,deny,ctl-weblock
cap.control.lock.hardware-config,uvc-direct,uvc,native,
cap.control.lock.hardware-config,genicam,sfnc,native,
cap.control.apply.per-frame,macos,avfoundation,deny,ctl-avfnoperframe
cap.control.apply.per-frame,ios,avfoundation,deny,ctl-avfnoperframe
cap.control.apply.per-frame,android,camera2ndk,native,
cap.control.apply.per-frame,android,camerax,emulate,ctl-cxinterop
cap.control.apply.per-frame,linux,v4l2,native,
cap.control.apply.per-frame,linux,libcamera,native,
cap.control.apply.per-frame,linux,pipewire,deny,ctl-pwnoperframe
cap.control.apply.per-frame,win32,mediafoundation,deny,ctl-mfnoperframe
cap.control.apply.per-frame,web,getusermedia,native,
cap.control.apply.per-frame,uvc-direct,uvc,deny,ctl-uvcnoperframe
cap.control.apply.per-frame,genicam,sfnc,native,
cap.control.apply.applied-value-feedback,macos,avfoundation,native,
cap.control.apply.applied-value-feedback,ios,avfoundation,native,
cap.control.apply.applied-value-feedback,android,camera2ndk,native,
cap.control.apply.applied-value-feedback,android,camerax,emulate,ctl-cxinterop
cap.control.apply.applied-value-feedback,linux,v4l2,deny,ctl-v4l2noresult
cap.control.apply.applied-value-feedback,linux,libcamera,native,
cap.control.apply.applied-value-feedback,linux,pipewire,deny,ctl-pwnoresult
cap.control.apply.applied-value-feedback,win32,mediafoundation,native,
cap.control.apply.applied-value-feedback,web,getusermedia,emulate,ctl-websettings
cap.control.apply.applied-value-feedback,uvc-direct,uvc,deny,ctl-uvcnoresult
cap.control.apply.applied-value-feedback,genicam,sfnc,native,
cap.control.catalog.introspect,macos,avfoundation,native,
cap.control.catalog.introspect,ios,avfoundation,native,
cap.control.catalog.introspect,android,camera2ndk,native,
cap.control.catalog.introspect,android,camerax,emulate,ctl-cxinterop
cap.control.catalog.introspect,linux,v4l2,native,
cap.control.catalog.introspect,linux,libcamera,native,
cap.control.catalog.introspect,linux,pipewire,native,
cap.control.catalog.introspect,win32,mediafoundation,native,
cap.control.catalog.introspect,web,getusermedia,native,
cap.control.catalog.introspect,uvc-direct,uvc,native,
cap.control.catalog.introspect,genicam,sfnc,native,
cap.control.catalog.vendor-passthrough,macos,avfoundation,emulate,ctl-rawuvc
cap.control.catalog.vendor-passthrough,ios,avfoundation,deny,ctl-iosnoraw
cap.control.catalog.vendor-passthrough,android,camera2ndk,native,
cap.control.catalog.vendor-passthrough,android,camerax,emulate,ctl-cxinterop
cap.control.catalog.vendor-passthrough,linux,v4l2,native,
cap.control.catalog.vendor-passthrough,linux,libcamera,deny,ctl-lcnovendor
cap.control.catalog.vendor-passthrough,linux,pipewire,native,
cap.control.catalog.vendor-passthrough,win32,mediafoundation,native,
cap.control.catalog.vendor-passthrough,web,getusermedia,deny,ctl-webdeny
cap.control.catalog.vendor-passthrough,uvc-direct,uvc,native,
cap.control.catalog.vendor-passthrough,genicam,sfnc,native,
cap.control.focus.af-mode,macos,avfoundation,native,
cap.control.focus.af-mode,ios,avfoundation,native,
cap.control.focus.af-mode,android,camera2ndk,native,
cap.control.focus.af-mode,android,camerax,emulate,ctl-cxinterop
cap.control.focus.af-mode,linux,v4l2,native,
cap.control.focus.af-mode,linux,libcamera,native,
cap.control.focus.af-mode,linux,pipewire,emulate,ctl-pwcustom
cap.control.focus.af-mode,win32,mediafoundation,native,
cap.control.focus.af-mode,web,getusermedia,native,
cap.control.focus.af-mode,uvc-direct,uvc,native,
cap.control.focus.af-mode,genicam,sfnc,native,
cap.control.focus.af-trigger,macos,avfoundation,native,
cap.control.focus.af-trigger,ios,avfoundation,native,
cap.control.focus.af-trigger,android,camera2ndk,native,
cap.control.focus.af-trigger,android,camerax,native,
cap.control.focus.af-trigger,linux,v4l2,native,
cap.control.focus.af-trigger,linux,libcamera,native,
cap.control.focus.af-trigger,linux,pipewire,emulate,ctl-pwcustom
cap.control.focus.af-trigger,win32,mediafoundation,deny,ctl-mfnotrigger
cap.control.focus.af-trigger,web,getusermedia,native,
cap.control.focus.af-trigger,uvc-direct,uvc,deny,ctl-uvcnotrigger
cap.control.focus.af-trigger,genicam,sfnc,native,
cap.control.focus.af-range-restriction,macos,avfoundation,native,
cap.control.focus.af-range-restriction,ios,avfoundation,native,
cap.control.focus.af-range-restriction,android,camera2ndk,native,
cap.control.focus.af-range-restriction,android,camerax,emulate,ctl-cxinterop
cap.control.focus.af-range-restriction,linux,v4l2,native,
cap.control.focus.af-range-restriction,linux,libcamera,native,
cap.control.focus.af-range-restriction,linux,pipewire,emulate,ctl-pwcustom
cap.control.focus.af-range-restriction,win32,mediafoundation,deny,ctl-mfmissing
cap.control.focus.af-range-restriction,web,getusermedia,deny,ctl-webdeny
cap.control.focus.af-range-restriction,uvc-direct,uvc,native,
cap.control.focus.af-range-restriction,genicam,sfnc,deny,ctl-genmissing
cap.control.focus.af-speed,macos,avfoundation,native,
cap.control.focus.af-speed,ios,avfoundation,native,
cap.control.focus.af-speed,android,camera2ndk,deny,ctl-c2missing
cap.control.focus.af-speed,android,camerax,deny,ctl-cxmissing
cap.control.focus.af-speed,linux,v4l2,deny,ctl-v4l2missing
cap.control.focus.af-speed,linux,libcamera,native,
cap.control.focus.af-speed,linux,pipewire,deny,ctl-pwmissing
cap.control.focus.af-speed,win32,mediafoundation,deny,ctl-mfmissing
cap.control.focus.af-speed,web,getusermedia,deny,ctl-webdeny
cap.control.focus.af-speed,uvc-direct,uvc,deny,ctl-uvcmissing
cap.control.focus.af-speed,genicam,sfnc,deny,ctl-genmissing
cap.control.focus.af-pause,macos,avfoundation,deny,ctl-avfmissing
cap.control.focus.af-pause,ios,avfoundation,deny,ctl-avfmissing
cap.control.focus.af-pause,android,camera2ndk,deny,ctl-c2missing
cap.control.focus.af-pause,android,camerax,deny,ctl-cxmissing
cap.control.focus.af-pause,linux,v4l2,deny,ctl-v4l2missing
cap.control.focus.af-pause,linux,libcamera,native,
cap.control.focus.af-pause,linux,pipewire,deny,ctl-pwmissing
cap.control.focus.af-pause,win32,mediafoundation,deny,ctl-mfmissing
cap.control.focus.af-pause,web,getusermedia,deny,ctl-webdeny
cap.control.focus.af-pause,uvc-direct,uvc,deny,ctl-uvcmissing
cap.control.focus.af-pause,genicam,sfnc,deny,ctl-genmissing
cap.control.focus.region,macos,avfoundation,native,
cap.control.focus.region,ios,avfoundation,native,
cap.control.focus.region,android,camera2ndk,native,
cap.control.focus.region,android,camerax,native,
cap.control.focus.region,linux,v4l2,deny,ctl-v4l2noregion
cap.control.focus.region,linux,libcamera,native,
cap.control.focus.region,linux,pipewire,deny,ctl-pwmissing
cap.control.focus.region,win32,mediafoundation,native,
cap.control.focus.region,web,getusermedia,native,
cap.control.focus.region,uvc-direct,uvc,native,
cap.control.focus.region,genicam,sfnc,native,
cap.control.focus.manual-lens-position-normalized,macos,avfoundation,native,
cap.control.focus.manual-lens-position-normalized,ios,avfoundation,native,
cap.control.focus.manual-lens-position-normalized,android,camera2ndk,deny,ctl-c2diopters
cap.control.focus.manual-lens-position-normalized,android,camerax,deny,ctl-cxmissing
cap.control.focus.manual-lens-position-normalized,linux,v4l2,deny,ctl-v4l2absunits
cap.control.focus.manual-lens-position-normalized,linux,libcamera,native,
cap.control.focus.manual-lens-position-normalized,linux,pipewire,deny,ctl-pwmissing
cap.control.focus.manual-lens-position-normalized,win32,mediafoundation,deny,ctl-mfabsunits
cap.control.focus.manual-lens-position-normalized,web,getusermedia,deny,ctl-webmeters
cap.control.focus.manual-lens-position-normalized,uvc-direct,uvc,deny,ctl-uvcabsunits
cap.control.focus.manual-lens-position-normalized,genicam,sfnc,deny,ctl-genmissing
cap.control.focus.manual-distance-diopters,macos,avfoundation,deny,ctl-avfnormalized
cap.control.focus.manual-distance-diopters,ios,avfoundation,deny,ctl-avfnormalized
cap.control.focus.manual-distance-diopters,android,camera2ndk,native,
cap.control.focus.manual-distance-diopters,android,camerax,emulate,ctl-cxinterop
cap.control.focus.manual-distance-diopters,linux,v4l2,deny,ctl-v4l2absunits
cap.control.focus.manual-distance-diopters,linux,libcamera,native,
cap.control.focus.manual-distance-diopters,linux,pipewire,deny,ctl-pwmissing
cap.control.focus.manual-distance-diopters,win32,mediafoundation,deny,ctl-mfabsunits
cap.control.focus.manual-distance-diopters,web,getusermedia,deny,ctl-webmeters
cap.control.focus.manual-distance-diopters,uvc-direct,uvc,deny,ctl-uvcabsunits
cap.control.focus.manual-distance-diopters,genicam,sfnc,deny,ctl-genmissing
cap.control.focus.manual-distance-meters,macos,avfoundation,deny,ctl-avfnormalized
cap.control.focus.manual-distance-meters,ios,avfoundation,deny,ctl-avfnormalized
cap.control.focus.manual-distance-meters,android,camera2ndk,deny,ctl-c2diopters
cap.control.focus.manual-distance-meters,android,camerax,deny,ctl-cxmissing
cap.control.focus.manual-distance-meters,linux,v4l2,deny,ctl-v4l2absunits
cap.control.focus.manual-distance-meters,linux,libcamera,deny,ctl-lcdiopters
cap.control.focus.manual-distance-meters,linux,pipewire,deny,ctl-pwmissing
cap.control.focus.manual-distance-meters,win32,mediafoundation,deny,ctl-mfabsunits
cap.control.focus.manual-distance-meters,web,getusermedia,native,
cap.control.focus.manual-distance-meters,uvc-direct,uvc,deny,ctl-uvcabsunits
cap.control.focus.manual-distance-meters,genicam,sfnc,deny,ctl-genmissing
cap.control.focus.manual-position-absolute-units,macos,avfoundation,emulate,ctl-rawuvc
cap.control.focus.manual-position-absolute-units,ios,avfoundation,deny,ctl-iosnoraw
cap.control.focus.manual-position-absolute-units,android,camera2ndk,deny,ctl-c2diopters
cap.control.focus.manual-position-absolute-units,android,camerax,deny,ctl-cxmissing
cap.control.focus.manual-position-absolute-units,linux,v4l2,native,
cap.control.focus.manual-position-absolute-units,linux,libcamera,deny,ctl-lcdiopters
cap.control.focus.manual-position-absolute-units,linux,pipewire,emulate,ctl-pwcustom
cap.control.focus.manual-position-absolute-units,win32,mediafoundation,native,
cap.control.focus.manual-position-absolute-units,web,getusermedia,deny,ctl-webmeters
cap.control.focus.manual-position-absolute-units,uvc-direct,uvc,native,
cap.control.focus.manual-position-absolute-units,genicam,sfnc,deny,ctl-genrelonly
cap.control.focus.manual-relative,macos,avfoundation,emulate,ctl-rawuvc
cap.control.focus.manual-relative,ios,avfoundation,deny,ctl-iosnoraw
cap.control.focus.manual-relative,android,camera2ndk,deny,ctl-c2missing
cap.control.focus.manual-relative,android,camerax,deny,ctl-cxmissing
cap.control.focus.manual-relative,linux,v4l2,native,
cap.control.focus.manual-relative,linux,libcamera,deny,ctl-lcmissing
cap.control.focus.manual-relative,linux,pipewire,emulate,ctl-pwcustom
cap.control.focus.manual-relative,win32,mediafoundation,deny,ctl-mfmissing
cap.control.focus.manual-relative,web,getusermedia,deny,ctl-webdeny
cap.control.focus.manual-relative,uvc-direct,uvc,native,
cap.control.focus.manual-relative,genicam,sfnc,native,
cap.control.focus.range-bounds,macos,avfoundation,native,
cap.control.focus.range-bounds,ios,avfoundation,native,
cap.control.focus.range-bounds,android,camera2ndk,native,
cap.control.focus.range-bounds,android,camerax,emulate,ctl-cxinterop
cap.control.focus.range-bounds,linux,v4l2,deny,ctl-v4l2missing
cap.control.focus.range-bounds,linux,libcamera,deny,ctl-lcmissing
cap.control.focus.range-bounds,linux,pipewire,deny,ctl-pwmissing
cap.control.focus.range-bounds,win32,mediafoundation,deny,ctl-mfmissing
cap.control.focus.range-bounds,web,getusermedia,deny,ctl-webdeny
cap.control.focus.range-bounds,uvc-direct,uvc,deny,ctl-uvcmissing
cap.control.focus.range-bounds,genicam,sfnc,native,
cap.control.focus.distance-calibration-quality,macos,avfoundation,deny,ctl-avfmissing
cap.control.focus.distance-calibration-quality,ios,avfoundation,deny,ctl-avfmissing
cap.control.focus.distance-calibration-quality,android,camera2ndk,native,
cap.control.focus.distance-calibration-quality,android,camerax,emulate,ctl-cxinterop
cap.control.focus.distance-calibration-quality,linux,v4l2,deny,ctl-v4l2missing
cap.control.focus.distance-calibration-quality,linux,libcamera,deny,ctl-lcmissing
cap.control.focus.distance-calibration-quality,linux,pipewire,deny,ctl-pwmissing
cap.control.focus.distance-calibration-quality,win32,mediafoundation,deny,ctl-mfmissing
cap.control.focus.distance-calibration-quality,web,getusermedia,deny,ctl-webdeny
cap.control.focus.distance-calibration-quality,uvc-direct,uvc,deny,ctl-uvcmissing
cap.control.focus.distance-calibration-quality,genicam,sfnc,deny,ctl-genmissing
cap.control.focus.face-driven,macos,avfoundation,native,
cap.control.focus.face-driven,ios,avfoundation,native,
cap.control.focus.face-driven,android,camera2ndk,emulate,ctl-c2facescene
cap.control.focus.face-driven,android,camerax,deny,ctl-cxmissing
cap.control.focus.face-driven,linux,v4l2,deny,ctl-v4l2missing
cap.control.focus.face-driven,linux,libcamera,deny,ctl-lcmissing
cap.control.focus.face-driven,linux,pipewire,deny,ctl-pwmissing
cap.control.focus.face-driven,win32,mediafoundation,native,
cap.control.focus.face-driven,web,getusermedia,deny,ctl-webdeny
cap.control.focus.face-driven,uvc-direct,uvc,deny,ctl-uvcmissing
cap.control.focus.face-driven,genicam,sfnc,deny,ctl-genmissing
cap.control.focus.hunting-state,macos,avfoundation,native,
cap.control.focus.hunting-state,ios,avfoundation,native,
cap.control.focus.hunting-state,android,camera2ndk,native,
cap.control.focus.hunting-state,android,camerax,emulate,ctl-cxinterop
cap.control.focus.hunting-state,linux,v4l2,native,
cap.control.focus.hunting-state,linux,libcamera,native,
cap.control.focus.hunting-state,linux,pipewire,deny,ctl-pwmissing
cap.control.focus.hunting-state,win32,mediafoundation,native,
cap.control.focus.hunting-state,web,getusermedia,deny,ctl-webdeny
cap.control.focus.hunting-state,uvc-direct,uvc,deny,ctl-uvcmissing
cap.control.focus.hunting-state,genicam,sfnc,deny,ctl-genmissing
cap.control.focus.scene-change,macos,avfoundation,native,
cap.control.focus.scene-change,ios,avfoundation,native,
cap.control.focus.scene-change,android,camera2ndk,native,
cap.control.focus.scene-change,android,camerax,emulate,ctl-cxinterop
cap.control.focus.scene-change,linux,v4l2,deny,ctl-v4l2missing
cap.control.focus.scene-change,linux,libcamera,deny,ctl-lcmissing
cap.control.focus.scene-change,linux,pipewire,deny,ctl-pwmissing
cap.control.focus.scene-change,win32,mediafoundation,deny,ctl-mfmissing
cap.control.focus.scene-change,web,getusermedia,deny,ctl-webdeny
cap.control.focus.scene-change,uvc-direct,uvc,deny,ctl-uvcmissing
cap.control.focus.scene-change,genicam,sfnc,deny,ctl-genmissing
cap.control.focus.priority,macos,avfoundation,deny,ctl-avfmissing
cap.control.focus.priority,ios,avfoundation,deny,ctl-avfmissing
cap.control.focus.priority,android,camera2ndk,native,
cap.control.focus.priority,android,camerax,emulate,ctl-cxinterop
cap.control.focus.priority,linux,v4l2,deny,ctl-v4l2missing
cap.control.focus.priority,linux,libcamera,deny,ctl-lcmissing
cap.control.focus.priority,linux,pipewire,deny,ctl-pwmissing
cap.control.focus.priority,win32,mediafoundation,native,
cap.control.focus.priority,web,getusermedia,deny,ctl-webdeny
cap.control.focus.priority,uvc-direct,uvc,deny,ctl-uvcmissing
cap.control.focus.priority,genicam,sfnc,deny,ctl-genmissing
cap.control.focus.figure-of-merit,macos,avfoundation,deny,ctl-avfmissing
cap.control.focus.figure-of-merit,ios,avfoundation,deny,ctl-avfmissing
cap.control.focus.figure-of-merit,android,camera2ndk,deny,ctl-c2missing
cap.control.focus.figure-of-merit,android,camerax,deny,ctl-cxmissing
cap.control.focus.figure-of-merit,linux,v4l2,deny,ctl-v4l2missing
cap.control.focus.figure-of-merit,linux,libcamera,native,
cap.control.focus.figure-of-merit,linux,pipewire,deny,ctl-pwmissing
cap.control.focus.figure-of-merit,win32,mediafoundation,deny,ctl-mfmissing
cap.control.focus.figure-of-merit,web,getusermedia,deny,ctl-webdeny
cap.control.focus.figure-of-merit,uvc-direct,uvc,deny,ctl-uvcmissing
cap.control.focus.figure-of-merit,genicam,sfnc,deny,ctl-genmissing
cap.control.exposure.ae-mode,macos,avfoundation,native,
cap.control.exposure.ae-mode,ios,avfoundation,native,
cap.control.exposure.ae-mode,android,camera2ndk,native,
cap.control.exposure.ae-mode,android,camerax,emulate,ctl-cxinterop
cap.control.exposure.ae-mode,linux,v4l2,native,
cap.control.exposure.ae-mode,linux,libcamera,native,
cap.control.exposure.ae-mode,linux,pipewire,emulate,ctl-pwcustom
cap.control.exposure.ae-mode,win32,mediafoundation,native,
cap.control.exposure.ae-mode,web,getusermedia,native,
cap.control.exposure.ae-mode,uvc-direct,uvc,native,
cap.control.exposure.ae-mode,genicam,sfnc,native,
cap.control.exposure.ae-lock,macos,avfoundation,native,
cap.control.exposure.ae-lock,ios,avfoundation,native,
cap.control.exposure.ae-lock,android,camera2ndk,native,
cap.control.exposure.ae-lock,android,camerax,emulate,ctl-cxinterop
cap.control.exposure.ae-lock,linux,v4l2,native,
cap.control.exposure.ae-lock,linux,libcamera,emulate,ctl-lcaelock
cap.control.exposure.ae-lock,linux,pipewire,emulate,ctl-pwcustom
cap.control.exposure.ae-lock,win32,mediafoundation,emulate,ctl-mfmodelock
cap.control.exposure.ae-lock,web,getusermedia,native,
cap.control.exposure.ae-lock,uvc-direct,uvc,deny,ctl-uvcmodeonly
cap.control.exposure.ae-lock,genicam,sfnc,deny,ctl-genmodeonly
cap.control.exposure.ae-region,macos,avfoundation,native,
cap.control.exposure.ae-region,ios,avfoundation,native,
cap.control.exposure.ae-region,android,camera2ndk,native,
cap.control.exposure.ae-region,android,camerax,native,
cap.control.exposure.ae-region,linux,v4l2,deny,ctl-v4l2noregion
cap.control.exposure.ae-region,linux,libcamera,deny,ctl-lcnoaeregion
cap.control.exposure.ae-region,linux,pipewire,deny,ctl-pwmissing
cap.control.exposure.ae-region,win32,mediafoundation,native,
cap.control.exposure.ae-region,web,getusermedia,native,
cap.control.exposure.ae-region,uvc-direct,uvc,native,
cap.control.exposure.ae-region,genicam,sfnc,native,
cap.control.exposure.ae-metering-mode,macos,avfoundation,deny,ctl-avfmissing
cap.control.exposure.ae-metering-mode,ios,avfoundation,deny,ctl-avfmissing
cap.control.exposure.ae-metering-mode,android,camera2ndk,deny,ctl-c2missing
cap.control.exposure.ae-metering-mode,android,camerax,deny,ctl-cxmissing
cap.control.exposure.ae-metering-mode,linux,v4l2,native,
cap.control.exposure.ae-metering-mode,linux,libcamera,native,
cap.control.exposure.ae-metering-mode,linux,pipewire,emulate,ctl-pwcustom
cap.control.exposure.ae-metering-mode,win32,mediafoundation,deny,ctl-mfmissing
cap.control.exposure.ae-metering-mode,web,getusermedia,deny,ctl-webdeny
cap.control.exposure.ae-metering-mode,uvc-direct,uvc,deny,ctl-uvcmissing
cap.control.exposure.ae-metering-mode,genicam,sfnc,deny,ctl-genmissing
cap.control.exposure.ae-constraint-mode,macos,avfoundation,deny,ctl-avfmissing
cap.control.exposure.ae-constraint-mode,ios,avfoundation,deny,ctl-avfmissing
cap.control.exposure.ae-constraint-mode,android,camera2ndk,deny,ctl-c2missing
cap.control.exposure.ae-constraint-mode,android,camerax,deny,ctl-cxmissing
cap.control.exposure.ae-constraint-mode,linux,v4l2,deny,ctl-v4l2missing
cap.control.exposure.ae-constraint-mode,linux,libcamera,native,
cap.control.exposure.ae-constraint-mode,linux,pipewire,deny,ctl-pwmissing
cap.control.exposure.ae-constraint-mode,win32,mediafoundation,deny,ctl-mfmissing
cap.control.exposure.ae-constraint-mode,web,getusermedia,deny,ctl-webdeny
cap.control.exposure.ae-constraint-mode,uvc-direct,uvc,deny,ctl-uvcmissing
cap.control.exposure.ae-constraint-mode,genicam,sfnc,deny,ctl-genmissing
cap.control.exposure.ae-trade-bias,macos,avfoundation,deny,ctl-avfmissing
cap.control.exposure.ae-trade-bias,ios,avfoundation,deny,ctl-avfmissing
cap.control.exposure.ae-trade-bias,android,camera2ndk,deny,ctl-c2missing
cap.control.exposure.ae-trade-bias,android,camerax,deny,ctl-cxmissing
cap.control.exposure.ae-trade-bias,linux,v4l2,deny,ctl-v4l2missing
cap.control.exposure.ae-trade-bias,linux,libcamera,native,
cap.control.exposure.ae-trade-bias,linux,pipewire,deny,ctl-pwmissing
cap.control.exposure.ae-trade-bias,win32,mediafoundation,deny,ctl-mfmissing
cap.control.exposure.ae-trade-bias,web,getusermedia,deny,ctl-webdeny
cap.control.exposure.ae-trade-bias,uvc-direct,uvc,deny,ctl-uvcmissing
cap.control.exposure.ae-trade-bias,genicam,sfnc,deny,ctl-genmissing
cap.control.exposure.compensation-ev,macos,avfoundation,native,
cap.control.exposure.compensation-ev,ios,avfoundation,native,
cap.control.exposure.compensation-ev,android,camera2ndk,native,
cap.control.exposure.compensation-ev,android,camerax,native,
cap.control.exposure.compensation-ev,linux,v4l2,native,
cap.control.exposure.compensation-ev,linux,libcamera,native,
cap.control.exposure.compensation-ev,linux,pipewire,emulate,ctl-pwcustom
cap.control.exposure.compensation-ev,win32,mediafoundation,native,
cap.control.exposure.compensation-ev,web,getusermedia,native,
cap.control.exposure.compensation-ev,uvc-direct,uvc,native,
cap.control.exposure.compensation-ev,genicam,sfnc,deny,ctl-genmissing
cap.control.exposure.metered-offset,macos,avfoundation,native,
cap.control.exposure.metered-offset,ios,avfoundation,native,
cap.control.exposure.metered-offset,android,camera2ndk,deny,ctl-c2missing
cap.control.exposure.metered-offset,android,camerax,deny,ctl-cxmissing
cap.control.exposure.metered-offset,linux,v4l2,deny,ctl-v4l2missing
cap.control.exposure.metered-offset,linux,libcamera,deny,ctl-lcmissing
cap.control.exposure.metered-offset,linux,pipewire,deny,ctl-pwmissing
cap.control.exposure.metered-offset,win32,mediafoundation,deny,ctl-mfmissing
cap.control.exposure.metered-offset,web,getusermedia,deny,ctl-webdeny
cap.control.exposure.metered-offset,uvc-direct,uvc,deny,ctl-uvcmissing
cap.control.exposure.metered-offset,genicam,sfnc,deny,ctl-genmissing
cap.control.exposure.manual-time,macos,avfoundation,native,
cap.control.exposure.manual-time,ios,avfoundation,native,
cap.control.exposure.manual-time,android,camera2ndk,native,
cap.control.exposure.manual-time,android,camerax,emulate,ctl-cxinterop
cap.control.exposure.manual-time,linux,v4l2,native,
cap.control.exposure.manual-time,linux,libcamera,native,
cap.control.exposure.manual-time,linux,pipewire,emulate,ctl-pwcustom
cap.control.exposure.manual-time,win32,mediafoundation,native,
cap.control.exposure.manual-time,web,getusermedia,native,
cap.control.exposure.manual-time,uvc-direct,uvc,native,
cap.control.exposure.manual-time,genicam,sfnc,native,
cap.control.exposure.manual-time-relative,macos,avfoundation,emulate,ctl-rawuvc
cap.control.exposure.manual-time-relative,ios,avfoundation,deny,ctl-iosnoraw
cap.control.exposure.manual-time-relative,android,camera2ndk,deny,ctl-c2missing
cap.control.exposure.manual-time-relative,android,camerax,deny,ctl-cxmissing
cap.control.exposure.manual-time-relative,linux,v4l2,deny,ctl-v4l2missing
cap.control.exposure.manual-time-relative,linux,libcamera,deny,ctl-lcmissing
cap.control.exposure.manual-time-relative,linux,pipewire,deny,ctl-pwmissing
cap.control.exposure.manual-time-relative,win32,mediafoundation,deny,ctl-mfmissing
cap.control.exposure.manual-time-relative,web,getusermedia,deny,ctl-webdeny
cap.control.exposure.manual-time-relative,uvc-direct,uvc,native,
cap.control.exposure.manual-time-relative,genicam,sfnc,deny,ctl-genmissing
cap.control.exposure.ae-max-time-clamp,macos,avfoundation,native,
cap.control.exposure.ae-max-time-clamp,ios,avfoundation,native,
cap.control.exposure.ae-max-time-clamp,android,camera2ndk,deny,ctl-c2missing
cap.control.exposure.ae-max-time-clamp,android,camerax,deny,ctl-cxmissing
cap.control.exposure.ae-max-time-clamp,linux,v4l2,deny,ctl-v4l2missing
cap.control.exposure.ae-max-time-clamp,linux,libcamera,deny,ctl-lcmissing
cap.control.exposure.ae-max-time-clamp,linux,pipewire,deny,ctl-pwmissing
cap.control.exposure.ae-max-time-clamp,win32,mediafoundation,deny,ctl-mfmissing
cap.control.exposure.ae-max-time-clamp,web,getusermedia,deny,ctl-webdeny
cap.control.exposure.ae-max-time-clamp,uvc-direct,uvc,deny,ctl-uvcmissing
cap.control.exposure.ae-max-time-clamp,genicam,sfnc,deny,ctl-genmissing
cap.control.exposure.priority-mode,macos,avfoundation,deny,ctl-avfmissing
cap.control.exposure.priority-mode,ios,avfoundation,deny,ctl-avfmissing
cap.control.exposure.priority-mode,android,camera2ndk,native,
cap.control.exposure.priority-mode,android,camerax,emulate,ctl-cxinterop
cap.control.exposure.priority-mode,linux,v4l2,native,
cap.control.exposure.priority-mode,linux,libcamera,deny,ctl-lcmissing
cap.control.exposure.priority-mode,linux,pipewire,emulate,ctl-pwcustom
cap.control.exposure.priority-mode,win32,mediafoundation,native,
cap.control.exposure.priority-mode,web,getusermedia,deny,ctl-webdeny
cap.control.exposure.priority-mode,uvc-direct,uvc,native,
cap.control.exposure.priority-mode,genicam,sfnc,deny,ctl-genmissing
cap.control.exposure.ae-frame-rate-tradeoff,macos,avfoundation,native,
cap.control.exposure.ae-frame-rate-tradeoff,ios,avfoundation,native,
cap.control.exposure.ae-frame-rate-tradeoff,android,camera2ndk,emulate,ctl-c2fpsrange
cap.control.exposure.ae-frame-rate-tradeoff,android,camerax,emulate,ctl-cxinterop
cap.control.exposure.ae-frame-rate-tradeoff,linux,v4l2,native,
cap.control.exposure.ae-frame-rate-tradeoff,linux,libcamera,deny,ctl-lcmissing
cap.control.exposure.ae-frame-rate-tradeoff,linux,pipewire,emulate,ctl-pwcustom
cap.control.exposure.ae-frame-rate-tradeoff,win32,mediafoundation,native,
cap.control.exposure.ae-frame-rate-tradeoff,web,getusermedia,deny,ctl-webdeny
cap.control.exposure.ae-frame-rate-tradeoff,uvc-direct,uvc,deny,ctl-uvcmissing
cap.control.exposure.ae-frame-rate-tradeoff,genicam,sfnc,deny,ctl-genmissing
cap.control.exposure.ae-state,macos,avfoundation,native,
cap.control.exposure.ae-state,ios,avfoundation,native,
cap.control.exposure.ae-state,android,camera2ndk,native,
cap.control.exposure.ae-state,android,camerax,emulate,ctl-cxinterop
cap.control.exposure.ae-state,linux,v4l2,deny,ctl-v4l2missing
cap.control.exposure.ae-state,linux,libcamera,native,
cap.control.exposure.ae-state,linux,pipewire,deny,ctl-pwmissing
cap.control.exposure.ae-state,win32,mediafoundation,deny,ctl-mfmissing
cap.control.exposure.ae-state,web,getusermedia,deny,ctl-webdeny
cap.control.exposure.ae-state,uvc-direct,uvc,deny,ctl-uvcmissing
cap.control.exposure.ae-state,genicam,sfnc,deny,ctl-genmissing
cap.control.exposure.ae-precapture-trigger,macos,avfoundation,deny,ctl-avfmissing
cap.control.exposure.ae-precapture-trigger,ios,avfoundation,deny,ctl-avfmissing
cap.control.exposure.ae-precapture-trigger,android,camera2ndk,native,
cap.control.exposure.ae-precapture-trigger,android,camerax,emulate,ctl-cxinterop
cap.control.exposure.ae-precapture-trigger,linux,v4l2,deny,ctl-v4l2missing
cap.control.exposure.ae-precapture-trigger,linux,libcamera,native,
cap.control.exposure.ae-precapture-trigger,linux,pipewire,deny,ctl-pwmissing
cap.control.exposure.ae-precapture-trigger,win32,mediafoundation,deny,ctl-mfmissing
cap.control.exposure.ae-precapture-trigger,web,getusermedia,deny,ctl-webdeny
cap.control.exposure.ae-precapture-trigger,uvc-direct,uvc,deny,ctl-uvcmissing
cap.control.exposure.ae-precapture-trigger,genicam,sfnc,deny,ctl-genmissing
cap.control.exposure.face-driven,macos,avfoundation,native,
cap.control.exposure.face-driven,ios,avfoundation,native,
cap.control.exposure.face-driven,android,camera2ndk,emulate,ctl-c2facescene
cap.control.exposure.face-driven,android,camerax,deny,ctl-cxmissing
cap.control.exposure.face-driven,linux,v4l2,deny,ctl-v4l2missing
cap.control.exposure.face-driven,linux,libcamera,deny,ctl-lcmissing
cap.control.exposure.face-driven,linux,pipewire,deny,ctl-pwmissing
cap.control.exposure.face-driven,win32,mediafoundation,native,
cap.control.exposure.face-driven,web,getusermedia,deny,ctl-webdeny
cap.control.exposure.face-driven,uvc-direct,uvc,deny,ctl-uvcmissing
cap.control.exposure.face-driven,genicam,sfnc,deny,ctl-genmissing
cap.control.exposure.range-bounds,macos,avfoundation,native,
cap.control.exposure.range-bounds,ios,avfoundation,native,
cap.control.exposure.range-bounds,android,camera2ndk,native,
cap.control.exposure.range-bounds,android,camerax,emulate,ctl-cxinterop
cap.control.exposure.range-bounds,linux,v4l2,native,
cap.control.exposure.range-bounds,linux,libcamera,native,
cap.control.exposure.range-bounds,linux,pipewire,emulate,ctl-pwcustom
cap.control.exposure.range-bounds,win32,mediafoundation,native,
cap.control.exposure.range-bounds,web,getusermedia,native,
cap.control.exposure.range-bounds,uvc-direct,uvc,native,
cap.control.exposure.range-bounds,genicam,sfnc,native,
cap.control.iso.manual,macos,avfoundation,native,
cap.control.iso.manual,ios,avfoundation,native,
cap.control.iso.manual,android,camera2ndk,native,
cap.control.iso.manual,android,camerax,emulate,ctl-cxinterop
cap.control.iso.manual,linux,v4l2,native,
cap.control.iso.manual,linux,libcamera,deny,ctl-lcgainnotiso
cap.control.iso.manual,linux,pipewire,emulate,ctl-pwcustom
cap.control.iso.manual,win32,mediafoundation,native,
cap.control.iso.manual,web,getusermedia,native,
cap.control.iso.manual,uvc-direct,uvc,deny,ctl-uvcgainnotiso
cap.control.iso.manual,genicam,sfnc,deny,ctl-gengainnotiso
cap.control.iso.auto,macos,avfoundation,deny,ctl-avfaeonly
cap.control.iso.auto,ios,avfoundation,deny,ctl-avfaeonly
cap.control.iso.auto,android,camera2ndk,emulate,ctl-c2aeauto
cap.control.iso.auto,android,camerax,emulate,ctl-cxinterop
cap.control.iso.auto,linux,v4l2,native,
cap.control.iso.auto,linux,libcamera,deny,ctl-lcgainauto
cap.control.iso.auto,linux,pipewire,emulate,ctl-pwcustom
cap.control.iso.auto,win32,mediafoundation,native,
cap.control.iso.auto,web,getusermedia,deny,ctl-webaeonly
cap.control.iso.auto,uvc-direct,uvc,deny,ctl-uvcmissing
cap.control.iso.auto,genicam,sfnc,deny,ctl-gengainauto
cap.control.iso.analog-ceiling,macos,avfoundation,deny,ctl-avfmissing
cap.control.iso.analog-ceiling,ios,avfoundation,deny,ctl-avfmissing
cap.control.iso.analog-ceiling,android,camera2ndk,native,
cap.control.iso.analog-ceiling,android,camerax,emulate,ctl-cxinterop
cap.control.iso.analog-ceiling,linux,v4l2,deny,ctl-v4l2missing
cap.control.iso.analog-ceiling,linux,libcamera,deny,ctl-lcmissing
cap.control.iso.analog-ceiling,linux,pipewire,deny,ctl-pwmissing
cap.control.iso.analog-ceiling,win32,mediafoundation,deny,ctl-mfmissing
cap.control.iso.analog-ceiling,web,getusermedia,deny,ctl-webdeny
cap.control.iso.analog-ceiling,uvc-direct,uvc,deny,ctl-uvcmissing
cap.control.iso.analog-ceiling,genicam,sfnc,deny,ctl-genmissing
cap.control.iso.post-raw-digital-boost,macos,avfoundation,deny,ctl-avfmissing
cap.control.iso.post-raw-digital-boost,ios,avfoundation,deny,ctl-avfmissing
cap.control.iso.post-raw-digital-boost,android,camera2ndk,native,
cap.control.iso.post-raw-digital-boost,android,camerax,emulate,ctl-cxinterop
cap.control.iso.post-raw-digital-boost,linux,v4l2,deny,ctl-v4l2missing
cap.control.iso.post-raw-digital-boost,linux,libcamera,deny,ctl-lcmissing
cap.control.iso.post-raw-digital-boost,linux,pipewire,deny,ctl-pwmissing
cap.control.iso.post-raw-digital-boost,win32,mediafoundation,deny,ctl-mfmissing
cap.control.iso.post-raw-digital-boost,web,getusermedia,deny,ctl-webdeny
cap.control.iso.post-raw-digital-boost,uvc-direct,uvc,deny,ctl-uvcmissing
cap.control.iso.post-raw-digital-boost,genicam,sfnc,deny,ctl-genmissing
cap.control.iso.range-bounds,macos,avfoundation,native,
cap.control.iso.range-bounds,ios,avfoundation,native,
cap.control.iso.range-bounds,android,camera2ndk,native,
cap.control.iso.range-bounds,android,camerax,emulate,ctl-cxinterop
cap.control.iso.range-bounds,linux,v4l2,native,
cap.control.iso.range-bounds,linux,libcamera,deny,ctl-lcgainnotiso
cap.control.iso.range-bounds,linux,pipewire,emulate,ctl-pwcustom
cap.control.iso.range-bounds,win32,mediafoundation,native,
cap.control.iso.range-bounds,web,getusermedia,native,
cap.control.iso.range-bounds,uvc-direct,uvc,deny,ctl-uvcgainnotiso
cap.control.iso.range-bounds,genicam,sfnc,deny,ctl-gengainnotiso
cap.control.gain.analog-manual,macos,avfoundation,deny,ctl-avfisoonly
cap.control.gain.analog-manual,ios,avfoundation,deny,ctl-avfisoonly
cap.control.gain.analog-manual,android,camera2ndk,native,
cap.control.gain.analog-manual,android,camerax,emulate,ctl-cxinterop
cap.control.gain.analog-manual,linux,v4l2,native,
cap.control.gain.analog-manual,linux,libcamera,native,
cap.control.gain.analog-manual,linux,pipewire,native,
cap.control.gain.analog-manual,win32,mediafoundation,native,
cap.control.gain.analog-manual,web,getusermedia,deny,ctl-webisoonly
cap.control.gain.analog-manual,uvc-direct,uvc,native,
cap.control.gain.analog-manual,genicam,sfnc,native,
cap.control.gain.analog-auto,macos,avfoundation,deny,ctl-avfaeonly
cap.control.gain.analog-auto,ios,avfoundation,deny,ctl-avfaeonly
cap.control.gain.analog-auto,android,camera2ndk,deny,ctl-c2aeonly
cap.control.gain.analog-auto,android,camerax,emulate,ctl-cxinterop
cap.control.gain.analog-auto,linux,v4l2,native,
cap.control.gain.analog-auto,linux,libcamera,native,
cap.control.gain.analog-auto,linux,pipewire,emulate,ctl-pwcustom
cap.control.gain.analog-auto,win32,mediafoundation,native,
cap.control.gain.analog-auto,web,getusermedia,deny,ctl-webaeonly
cap.control.gain.analog-auto,uvc-direct,uvc,deny,ctl-uvcaeonly
cap.control.gain.analog-auto,genicam,sfnc,native,
cap.control.gain.digital-manual,macos,avfoundation,deny,ctl-avfmissing
cap.control.gain.digital-manual,ios,avfoundation,deny,ctl-avfmissing
cap.control.gain.digital-manual,android,camera2ndk,native,
cap.control.gain.digital-manual,android,camerax,emulate,ctl-cxinterop
cap.control.gain.digital-manual,linux,v4l2,deny,ctl-v4l2nogainsplit
cap.control.gain.digital-manual,linux,libcamera,native,
cap.control.gain.digital-manual,linux,pipewire,deny,ctl-pwmissing
cap.control.gain.digital-manual,win32,mediafoundation,native,
cap.control.gain.digital-manual,web,getusermedia,deny,ctl-webdeny
cap.control.gain.digital-manual,uvc-direct,uvc,deny,ctl-uvcdigmult
cap.control.gain.digital-manual,genicam,sfnc,native,
cap.control.gain.selector,macos,avfoundation,deny,ctl-avfmissing
cap.control.gain.selector,ios,avfoundation,deny,ctl-avfmissing
cap.control.gain.selector,android,camera2ndk,deny,ctl-c2missing
cap.control.gain.selector,android,camerax,deny,ctl-cxmissing
cap.control.gain.selector,linux,v4l2,deny,ctl-v4l2missing
cap.control.gain.selector,linux,libcamera,deny,ctl-lcmissing
cap.control.gain.selector,linux,pipewire,deny,ctl-pwmissing
cap.control.gain.selector,win32,mediafoundation,deny,ctl-mfmissing
cap.control.gain.selector,web,getusermedia,deny,ctl-webdeny
cap.control.gain.selector,uvc-direct,uvc,deny,ctl-uvcmissing
cap.control.gain.selector,genicam,sfnc,native,
cap.control.gain.auto-balance,macos,avfoundation,deny,ctl-avfmissing
cap.control.gain.auto-balance,ios,avfoundation,deny,ctl-avfmissing
cap.control.gain.auto-balance,android,camera2ndk,deny,ctl-c2missing
cap.control.gain.auto-balance,android,camerax,deny,ctl-cxmissing
cap.control.gain.auto-balance,linux,v4l2,deny,ctl-v4l2missing
cap.control.gain.auto-balance,linux,libcamera,deny,ctl-lcmissing
cap.control.gain.auto-balance,linux,pipewire,deny,ctl-pwmissing
cap.control.gain.auto-balance,win32,mediafoundation,deny,ctl-mfmissing
cap.control.gain.auto-balance,web,getusermedia,deny,ctl-webdeny
cap.control.gain.auto-balance,uvc-direct,uvc,deny,ctl-uvcmissing
cap.control.gain.auto-balance,genicam,sfnc,native,
cap.control.gain.digital-multiplier,macos,avfoundation,emulate,ctl-rawuvc
cap.control.gain.digital-multiplier,ios,avfoundation,deny,ctl-iosnoraw
cap.control.gain.digital-multiplier,android,camera2ndk,deny,ctl-c2missing
cap.control.gain.digital-multiplier,android,camerax,deny,ctl-cxmissing
cap.control.gain.digital-multiplier,linux,v4l2,native,
cap.control.gain.digital-multiplier,linux,libcamera,deny,ctl-lcmissing
cap.control.gain.digital-multiplier,linux,pipewire,emulate,ctl-pwcustom
cap.control.gain.digital-multiplier,win32,mediafoundation,native,
cap.control.gain.digital-multiplier,web,getusermedia,deny,ctl-webdeny
cap.control.gain.digital-multiplier,uvc-direct,uvc,native,
cap.control.gain.digital-multiplier,genicam,sfnc,deny,ctl-genmissing
cap.control.gain.sensitivity-readback,macos,avfoundation,deny,ctl-avfmissing
cap.control.gain.sensitivity-readback,ios,avfoundation,deny,ctl-avfmissing
cap.control.gain.sensitivity-readback,android,camera2ndk,native,
cap.control.gain.sensitivity-readback,android,camerax,emulate,ctl-cxinterop
cap.control.gain.sensitivity-readback,linux,v4l2,deny,ctl-v4l2missing
cap.control.gain.sensitivity-readback,linux,libcamera,native,
cap.control.gain.sensitivity-readback,linux,pipewire,deny,ctl-pwmissing
cap.control.gain.sensitivity-readback,win32,mediafoundation,deny,ctl-mfmissing
cap.control.gain.sensitivity-readback,web,getusermedia,deny,ctl-webdeny
cap.control.gain.sensitivity-readback,uvc-direct,uvc,deny,ctl-uvcmissing
cap.control.gain.sensitivity-readback,genicam,sfnc,deny,ctl-genmissing
cap.control.wb.mode,macos,avfoundation,native,
cap.control.wb.mode,ios,avfoundation,native,
cap.control.wb.mode,android,camera2ndk,native,
cap.control.wb.mode,android,camerax,emulate,ctl-cxinterop
cap.control.wb.mode,linux,v4l2,native,
cap.control.wb.mode,linux,libcamera,native,
cap.control.wb.mode,linux,pipewire,emulate,ctl-pwcustom
cap.control.wb.mode,win32,mediafoundation,native,
cap.control.wb.mode,web,getusermedia,native,
cap.control.wb.mode,uvc-direct,uvc,native,
cap.control.wb.mode,genicam,sfnc,native,
cap.control.wb.lock,macos,avfoundation,native,
cap.control.wb.lock,ios,avfoundation,native,
cap.control.wb.lock,android,camera2ndk,native,
cap.control.wb.lock,android,camerax,emulate,ctl-cxinterop
cap.control.wb.lock,linux,v4l2,native,
cap.control.wb.lock,linux,libcamera,emulate,ctl-lcaelock
cap.control.wb.lock,linux,pipewire,emulate,ctl-pwcustom
cap.control.wb.lock,win32,mediafoundation,emulate,ctl-mfmodelock
cap.control.wb.lock,web,getusermedia,deny,ctl-webmodeonly
cap.control.wb.lock,uvc-direct,uvc,deny,ctl-uvcmodeonly
cap.control.wb.lock,genicam,sfnc,deny,ctl-genmodeonly
cap.control.wb.region,macos,avfoundation,deny,ctl-avfmissing
cap.control.wb.region,ios,avfoundation,deny,ctl-avfmissing
cap.control.wb.region,android,camera2ndk,native,
cap.control.wb.region,android,camerax,native,
cap.control.wb.region,linux,v4l2,deny,ctl-v4l2noregion
cap.control.wb.region,linux,libcamera,deny,ctl-lcmissing
cap.control.wb.region,linux,pipewire,deny,ctl-pwmissing
cap.control.wb.region,win32,mediafoundation,native,
cap.control.wb.region,web,getusermedia,deny,ctl-webdeny
cap.control.wb.region,uvc-direct,uvc,deny,ctl-uvcmissing
cap.control.wb.region,genicam,sfnc,native,
cap.control.wb.manual-temperature-kelvin,macos,avfoundation,native,
cap.control.wb.manual-temperature-kelvin,ios,avfoundation,native,
cap.control.wb.manual-temperature-kelvin,android,camera2ndk,deny,ctl-c2gainsonly
cap.control.wb.manual-temperature-kelvin,android,camerax,deny,ctl-cxmissing
cap.control.wb.manual-temperature-kelvin,linux,v4l2,native,
cap.control.wb.manual-temperature-kelvin,linux,libcamera,native,
cap.control.wb.manual-temperature-kelvin,linux,pipewire,emulate,ctl-pwcustom
cap.control.wb.manual-temperature-kelvin,win32,mediafoundation,native,
cap.control.wb.manual-temperature-kelvin,web,getusermedia,native,
cap.control.wb.manual-temperature-kelvin,uvc-direct,uvc,native,
cap.control.wb.manual-temperature-kelvin,genicam,sfnc,deny,ctl-genratioonly
cap.control.wb.manual-tint,macos,avfoundation,native,
cap.control.wb.manual-tint,ios,avfoundation,native,
cap.control.wb.manual-tint,android,camera2ndk,deny,ctl-c2missing
cap.control.wb.manual-tint,android,camerax,deny,ctl-cxmissing
cap.control.wb.manual-tint,linux,v4l2,deny,ctl-v4l2missing
cap.control.wb.manual-tint,linux,libcamera,deny,ctl-lcmissing
cap.control.wb.manual-tint,linux,pipewire,deny,ctl-pwmissing
cap.control.wb.manual-tint,win32,mediafoundation,deny,ctl-mfmissing
cap.control.wb.manual-tint,web,getusermedia,deny,ctl-webdeny
cap.control.wb.manual-tint,uvc-direct,uvc,deny,ctl-uvcmissing
cap.control.wb.manual-tint,genicam,sfnc,deny,ctl-genmissing
cap.control.wb.manual-gains-rgb,macos,avfoundation,native,
cap.control.wb.manual-gains-rgb,ios,avfoundation,native,
cap.control.wb.manual-gains-rgb,android,camera2ndk,native,
cap.control.wb.manual-gains-rgb,android,camerax,emulate,ctl-cxinterop
cap.control.wb.manual-gains-rgb,linux,v4l2,deny,ctl-v4l2componentonly
cap.control.wb.manual-gains-rgb,linux,libcamera,native,
cap.control.wb.manual-gains-rgb,linux,pipewire,deny,ctl-pwmissing
cap.control.wb.manual-gains-rgb,win32,mediafoundation,native,
cap.control.wb.manual-gains-rgb,web,getusermedia,deny,ctl-webtemponly
cap.control.wb.manual-gains-rgb,uvc-direct,uvc,deny,ctl-uvccomponentonly
cap.control.wb.manual-gains-rgb,genicam,sfnc,deny,ctl-gencomponentonly
cap.control.wb.manual-gains-component,macos,avfoundation,emulate,ctl-rawuvc
cap.control.wb.manual-gains-component,ios,avfoundation,deny,ctl-iosnoraw
cap.control.wb.manual-gains-component,android,camera2ndk,deny,ctl-c2rgbonly
cap.control.wb.manual-gains-component,android,camerax,deny,ctl-cxmissing
cap.control.wb.manual-gains-component,linux,v4l2,native,
cap.control.wb.manual-gains-component,linux,libcamera,native,
cap.control.wb.manual-gains-component,linux,pipewire,emulate,ctl-pwcustom
cap.control.wb.manual-gains-component,win32,mediafoundation,deny,ctl-mfrgbonly
cap.control.wb.manual-gains-component,web,getusermedia,deny,ctl-webtemponly
cap.control.wb.manual-gains-component,uvc-direct,uvc,native,
cap.control.wb.manual-gains-component,genicam,sfnc,native,
cap.control.wb.manual-chromaticity-xy,macos,avfoundation,native,
cap.control.wb.manual-chromaticity-xy,ios,avfoundation,native,
cap.control.wb.manual-chromaticity-xy,android,camera2ndk,deny,ctl-c2missing
cap.control.wb.manual-chromaticity-xy,android,camerax,deny,ctl-cxmissing
cap.control.wb.manual-chromaticity-xy,linux,v4l2,deny,ctl-v4l2missing
cap.control.wb.manual-chromaticity-xy,linux,libcamera,deny,ctl-lcmissing
cap.control.wb.manual-chromaticity-xy,linux,pipewire,deny,ctl-pwmissing
cap.control.wb.manual-chromaticity-xy,win32,mediafoundation,deny,ctl-mfmissing
cap.control.wb.manual-chromaticity-xy,web,getusermedia,deny,ctl-webdeny
cap.control.wb.manual-chromaticity-xy,uvc-direct,uvc,deny,ctl-uvcmissing
cap.control.wb.manual-chromaticity-xy,genicam,sfnc,deny,ctl-genmissing
cap.control.wb.gain-ceiling,macos,avfoundation,native,
cap.control.wb.gain-ceiling,ios,avfoundation,native,
cap.control.wb.gain-ceiling,android,camera2ndk,deny,ctl-c2missing
cap.control.wb.gain-ceiling,android,camerax,deny,ctl-cxmissing
cap.control.wb.gain-ceiling,linux,v4l2,deny,ctl-v4l2missing
cap.control.wb.gain-ceiling,linux,libcamera,deny,ctl-lcmissing
cap.control.wb.gain-ceiling,linux,pipewire,deny,ctl-pwmissing
cap.control.wb.gain-ceiling,win32,mediafoundation,deny,ctl-mfmissing
cap.control.wb.gain-ceiling,web,getusermedia,deny,ctl-webdeny
cap.control.wb.gain-ceiling,uvc-direct,uvc,deny,ctl-uvcmissing
cap.control.wb.gain-ceiling,genicam,sfnc,deny,ctl-genmissing
cap.control.wb.gray-world,macos,avfoundation,native,
cap.control.wb.gray-world,ios,avfoundation,native,
cap.control.wb.gray-world,android,camera2ndk,deny,ctl-c2missing
cap.control.wb.gray-world,android,camerax,deny,ctl-cxmissing
cap.control.wb.gray-world,linux,v4l2,deny,ctl-v4l2missing
cap.control.wb.gray-world,linux,libcamera,deny,ctl-lcmissing
cap.control.wb.gray-world,linux,pipewire,deny,ctl-pwmissing
cap.control.wb.gray-world,win32,mediafoundation,deny,ctl-mfmissing
cap.control.wb.gray-world,web,getusermedia,deny,ctl-webdeny
cap.control.wb.gray-world,uvc-direct,uvc,deny,ctl-uvcmissing
cap.control.wb.gray-world,genicam,sfnc,deny,ctl-genmissing
cap.control.wb.one-shot,macos,avfoundation,deny,ctl-avfmodeonly
cap.control.wb.one-shot,ios,avfoundation,deny,ctl-avfmodeonly
cap.control.wb.one-shot,android,camera2ndk,deny,ctl-c2modeonly
cap.control.wb.one-shot,android,camerax,deny,ctl-cxmissing
cap.control.wb.one-shot,linux,v4l2,native,
cap.control.wb.one-shot,linux,libcamera,deny,ctl-lcmodeonly
cap.control.wb.one-shot,linux,pipewire,emulate,ctl-pwcustom
cap.control.wb.one-shot,win32,mediafoundation,deny,ctl-mfmodeonly
cap.control.wb.one-shot,web,getusermedia,native,
cap.control.wb.one-shot,uvc-direct,uvc,deny,ctl-uvcmodeonly
cap.control.wb.one-shot,genicam,sfnc,native,
cap.control.wb.state,macos,avfoundation,native,
cap.control.wb.state,ios,avfoundation,native,
cap.control.wb.state,android,camera2ndk,native,
cap.control.wb.state,android,camerax,emulate,ctl-cxinterop
cap.control.wb.state,linux,v4l2,deny,ctl-v4l2missing
cap.control.wb.state,linux,libcamera,native,
cap.control.wb.state,linux,pipewire,deny,ctl-pwmissing
cap.control.wb.state,win32,mediafoundation,deny,ctl-mfmissing
cap.control.wb.state,web,getusermedia,deny,ctl-webdeny
cap.control.wb.state,uvc-direct,uvc,deny,ctl-uvcmissing
cap.control.wb.state,genicam,sfnc,deny,ctl-genmissing
cap.control.aperture.manual,macos,avfoundation,emulate,ctl-rawuvc
cap.control.aperture.manual,ios,avfoundation,deny,ctl-iosnoraw
cap.control.aperture.manual,android,camera2ndk,native,
cap.control.aperture.manual,android,camerax,emulate,ctl-cxinterop
cap.control.aperture.manual,linux,v4l2,native,
cap.control.aperture.manual,linux,libcamera,deny,ctl-lcmissing
cap.control.aperture.manual,linux,pipewire,emulate,ctl-pwcustom
cap.control.aperture.manual,win32,mediafoundation,native,
cap.control.aperture.manual,web,getusermedia,deny,ctl-webdeny
cap.control.aperture.manual,uvc-direct,uvc,native,
cap.control.aperture.manual,genicam,sfnc,native,
cap.control.aperture.relative,macos,avfoundation,emulate,ctl-rawuvc
cap.control.aperture.relative,ios,avfoundation,deny,ctl-iosnoraw
cap.control.aperture.relative,android,camera2ndk,deny,ctl-c2missing
cap.control.aperture.relative,android,camerax,deny,ctl-cxmissing
cap.control.aperture.relative,linux,v4l2,native,
cap.control.aperture.relative,linux,libcamera,deny,ctl-lcmissing
cap.control.aperture.relative,linux,pipewire,emulate,ctl-pwcustom
cap.control.aperture.relative,win32,mediafoundation,deny,ctl-mfmissing
cap.control.aperture.relative,web,getusermedia,deny,ctl-webdeny
cap.control.aperture.relative,uvc-direct,uvc,native,
cap.control.aperture.relative,genicam,sfnc,deny,ctl-genmissing
cap.control.aperture.readback,macos,avfoundation,native,
cap.control.aperture.readback,ios,avfoundation,native,
cap.control.aperture.readback,android,camera2ndk,deny,ctl-c2missing
cap.control.aperture.readback,android,camerax,deny,ctl-cxmissing
cap.control.aperture.readback,linux,v4l2,deny,ctl-v4l2missing
cap.control.aperture.readback,linux,libcamera,deny,ctl-lcmissing
cap.control.aperture.readback,linux,pipewire,deny,ctl-pwmissing
cap.control.aperture.readback,win32,mediafoundation,deny,ctl-mfmissing
cap.control.aperture.readback,web,getusermedia,deny,ctl-webdeny
cap.control.aperture.readback,uvc-direct,uvc,deny,ctl-uvcmissing
cap.control.aperture.readback,genicam,sfnc,deny,ctl-genmissing
cap.control.nd-filter.density,macos,avfoundation,deny,ctl-avfmissing
cap.control.nd-filter.density,ios,avfoundation,deny,ctl-avfmissing
cap.control.nd-filter.density,android,camera2ndk,native,
cap.control.nd-filter.density,android,camerax,emulate,ctl-cxinterop
cap.control.nd-filter.density,linux,v4l2,deny,ctl-v4l2missing
cap.control.nd-filter.density,linux,libcamera,deny,ctl-lcmissing
cap.control.nd-filter.density,linux,pipewire,deny,ctl-pwmissing
cap.control.nd-filter.density,win32,mediafoundation,deny,ctl-mfmissing
cap.control.nd-filter.density,web,getusermedia,deny,ctl-webdeny
cap.control.nd-filter.density,uvc-direct,uvc,deny,ctl-uvcmissing
cap.control.nd-filter.density,genicam,sfnc,native,
cap.control.zoom.digital-crop-rect,macos,avfoundation,deny,ctl-avfratioonly
cap.control.zoom.digital-crop-rect,ios,avfoundation,deny,ctl-avfratioonly
cap.control.zoom.digital-crop-rect,android,camera2ndk,native,
cap.control.zoom.digital-crop-rect,android,camerax,emulate,ctl-cxinterop
cap.control.zoom.digital-crop-rect,linux,v4l2,native,
cap.control.zoom.digital-crop-rect,linux,libcamera,native,
cap.control.zoom.digital-crop-rect,linux,pipewire,deny,ctl-pwmissing
cap.control.zoom.digital-crop-rect,win32,mediafoundation,native,
cap.control.zoom.digital-crop-rect,web,getusermedia,deny,ctl-webratioonly
cap.control.zoom.digital-crop-rect,uvc-direct,uvc,deny,ctl-uvcmissing
cap.control.zoom.digital-crop-rect,genicam,sfnc,native,
cap.control.zoom.ratio,macos,avfoundation,native,
cap.control.zoom.ratio,ios,avfoundation,native,
cap.control.zoom.ratio,android,camera2ndk,native,
cap.control.zoom.ratio,android,camerax,native,
cap.control.zoom.ratio,linux,v4l2,deny,ctl-v4l2croponly
cap.control.zoom.ratio,linux,libcamera,deny,ctl-lccroponly
cap.control.zoom.ratio,linux,pipewire,deny,ctl-pwmissing
cap.control.zoom.ratio,win32,mediafoundation,native,
cap.control.zoom.ratio,web,getusermedia,native,
cap.control.zoom.ratio,uvc-direct,uvc,deny,ctl-uvcmissing
cap.control.zoom.ratio,genicam,sfnc,deny,ctl-gencroponly
cap.control.zoom.method-select,macos,avfoundation,deny,ctl-avfmissing
cap.control.zoom.method-select,ios,avfoundation,deny,ctl-avfmissing
cap.control.zoom.method-select,android,camera2ndk,native,
cap.control.zoom.method-select,android,camerax,emulate,ctl-cxinterop
cap.control.zoom.method-select,linux,v4l2,deny,ctl-v4l2missing
cap.control.zoom.method-select,linux,libcamera,deny,ctl-lcmissing
cap.control.zoom.method-select,linux,pipewire,deny,ctl-pwmissing
cap.control.zoom.method-select,win32,mediafoundation,native,
cap.control.zoom.method-select,web,getusermedia,native,
cap.control.zoom.method-select,uvc-direct,uvc,deny,ctl-uvcmissing
cap.control.zoom.method-select,genicam,sfnc,deny,ctl-genmissing
cap.control.zoom.ramp-with-rate,macos,avfoundation,native,
cap.control.zoom.ramp-with-rate,ios,avfoundation,native,
cap.control.zoom.ramp-with-rate,android,camera2ndk,deny,ctl-c2missing
cap.control.zoom.ramp-with-rate,android,camerax,deny,ctl-cxmissing
cap.control.zoom.ramp-with-rate,linux,v4l2,deny,ctl-v4l2missing
cap.control.zoom.ramp-with-rate,linux,libcamera,deny,ctl-lcmissing
cap.control.zoom.ramp-with-rate,linux,pipewire,deny,ctl-pwmissing
cap.control.zoom.ramp-with-rate,win32,mediafoundation,emulate,ctl-mfsmoothzoom
cap.control.zoom.ramp-with-rate,web,getusermedia,deny,ctl-webdeny
cap.control.zoom.ramp-with-rate,uvc-direct,uvc,deny,ctl-uvcmissing
cap.control.zoom.ramp-with-rate,genicam,sfnc,deny,ctl-genmissing
cap.control.zoom.bounds,macos,avfoundation,native,
cap.control.zoom.bounds,ios,avfoundation,native,
cap.control.zoom.bounds,android,camera2ndk,native,
cap.control.zoom.bounds,android,camerax,native,
cap.control.zoom.bounds,linux,v4l2,native,
cap.control.zoom.bounds,linux,libcamera,native,
cap.control.zoom.bounds,linux,pipewire,deny,ctl-pwmissing
cap.control.zoom.bounds,win32,mediafoundation,native,
cap.control.zoom.bounds,web,getusermedia,native,
cap.control.zoom.bounds,uvc-direct,uvc,deny,ctl-uvcmissing
cap.control.zoom.bounds,genicam,sfnc,native,
cap.control.zoom.upscale-threshold,macos,avfoundation,deny,ctl-macunavail
cap.control.zoom.upscale-threshold,ios,avfoundation,native,
cap.control.zoom.upscale-threshold,android,camera2ndk,deny,ctl-c2missing
cap.control.zoom.upscale-threshold,android,camerax,deny,ctl-cxmissing
cap.control.zoom.upscale-threshold,linux,v4l2,deny,ctl-v4l2missing
cap.control.zoom.upscale-threshold,linux,libcamera,deny,ctl-lcmissing
cap.control.zoom.upscale-threshold,linux,pipewire,deny,ctl-pwmissing
cap.control.zoom.upscale-threshold,win32,mediafoundation,deny,ctl-mfmissing
cap.control.zoom.upscale-threshold,web,getusermedia,deny,ctl-webdeny
cap.control.zoom.upscale-threshold,uvc-direct,uvc,deny,ctl-uvcmissing
cap.control.zoom.upscale-threshold,genicam,sfnc,deny,ctl-genmissing
cap.control.zoom.native-resolution-stops,macos,avfoundation,native,
cap.control.zoom.native-resolution-stops,ios,avfoundation,native,
cap.control.zoom.native-resolution-stops,android,camera2ndk,deny,ctl-c2missing
cap.control.zoom.native-resolution-stops,android,camerax,deny,ctl-cxmissing
cap.control.zoom.native-resolution-stops,linux,v4l2,deny,ctl-v4l2missing
cap.control.zoom.native-resolution-stops,linux,libcamera,deny,ctl-lcmissing
cap.control.zoom.native-resolution-stops,linux,pipewire,deny,ctl-pwmissing
cap.control.zoom.native-resolution-stops,win32,mediafoundation,deny,ctl-mfmissing
cap.control.zoom.native-resolution-stops,web,getusermedia,deny,ctl-webdeny
cap.control.zoom.native-resolution-stops,uvc-direct,uvc,deny,ctl-uvcmissing
cap.control.zoom.native-resolution-stops,genicam,sfnc,deny,ctl-genmissing
cap.control.zoom.low-latency-override,macos,avfoundation,deny,ctl-avfmissing
cap.control.zoom.low-latency-override,ios,avfoundation,deny,ctl-avfmissing
cap.control.zoom.low-latency-override,android,camera2ndk,native,
cap.control.zoom.low-latency-override,android,camerax,emulate,ctl-cxinterop
cap.control.zoom.low-latency-override,linux,v4l2,deny,ctl-v4l2missing
cap.control.zoom.low-latency-override,linux,libcamera,deny,ctl-lcmissing
cap.control.zoom.low-latency-override,linux,pipewire,deny,ctl-pwmissing
cap.control.zoom.low-latency-override,win32,mediafoundation,deny,ctl-mfmissing
cap.control.zoom.low-latency-override,web,getusermedia,deny,ctl-webdeny
cap.control.zoom.low-latency-override,uvc-direct,uvc,deny,ctl-uvcmissing
cap.control.zoom.low-latency-override,genicam,sfnc,deny,ctl-genmissing
cap.control.isp.contrast,macos,avfoundation,emulate,ctl-rawuvc
cap.control.isp.contrast,ios,avfoundation,deny,ctl-iosnoraw
cap.control.isp.contrast,android,camera2ndk,deny,ctl-c2missing
cap.control.isp.contrast,android,camerax,deny,ctl-cxmissing
cap.control.isp.contrast,linux,v4l2,native,
cap.control.isp.contrast,linux,libcamera,native,
cap.control.isp.contrast,linux,pipewire,native,
cap.control.isp.contrast,win32,mediafoundation,native,
cap.control.isp.contrast,web,getusermedia,native,
cap.control.isp.contrast,uvc-direct,uvc,native,
cap.control.isp.contrast,genicam,sfnc,deny,ctl-genmissing
cap.control.isp.brightness,macos,avfoundation,emulate,ctl-rawuvc
cap.control.isp.brightness,ios,avfoundation,deny,ctl-iosnoraw
cap.control.isp.brightness,android,camera2ndk,deny,ctl-c2missing
cap.control.isp.brightness,android,camerax,deny,ctl-cxmissing
cap.control.isp.brightness,linux,v4l2,native,
cap.control.isp.brightness,linux,libcamera,native,
cap.control.isp.brightness,linux,pipewire,native,
cap.control.isp.brightness,win32,mediafoundation,native,
cap.control.isp.brightness,web,getusermedia,native,
cap.control.isp.brightness,uvc-direct,uvc,native,
cap.control.isp.brightness,genicam,sfnc,deny,ctl-genmissing
cap.control.isp.saturation,macos,avfoundation,emulate,ctl-rawuvc
cap.control.isp.saturation,ios,avfoundation,deny,ctl-iosnoraw
cap.control.isp.saturation,android,camera2ndk,deny,ctl-c2missing
cap.control.isp.saturation,android,camerax,deny,ctl-cxmissing
cap.control.isp.saturation,linux,v4l2,native,
cap.control.isp.saturation,linux,libcamera,native,
cap.control.isp.saturation,linux,pipewire,native,
cap.control.isp.saturation,win32,mediafoundation,native,
cap.control.isp.saturation,web,getusermedia,native,
cap.control.isp.saturation,uvc-direct,uvc,native,
cap.control.isp.saturation,genicam,sfnc,deny,ctl-genmissing
cap.control.isp.sharpness,macos,avfoundation,emulate,ctl-rawuvc
cap.control.isp.sharpness,ios,avfoundation,deny,ctl-iosnoraw
cap.control.isp.sharpness,android,camera2ndk,deny,ctl-c2missing
cap.control.isp.sharpness,android,camerax,deny,ctl-cxmissing
cap.control.isp.sharpness,linux,v4l2,native,
cap.control.isp.sharpness,linux,libcamera,native,
cap.control.isp.sharpness,linux,pipewire,native,
cap.control.isp.sharpness,win32,mediafoundation,native,
cap.control.isp.sharpness,web,getusermedia,native,
cap.control.isp.sharpness,uvc-direct,uvc,native,
cap.control.isp.sharpness,genicam,sfnc,deny,ctl-genmissing
cap.control.isp.hue,macos,avfoundation,emulate,ctl-rawuvc
cap.control.isp.hue,ios,avfoundation,deny,ctl-iosnoraw
cap.control.isp.hue,android,camera2ndk,deny,ctl-c2missing
cap.control.isp.hue,android,camerax,deny,ctl-cxmissing
cap.control.isp.hue,linux,v4l2,native,
cap.control.isp.hue,linux,libcamera,native,
cap.control.isp.hue,linux,pipewire,native,
cap.control.isp.hue,win32,mediafoundation,native,
cap.control.isp.hue,web,getusermedia,deny,ctl-webdeny
cap.control.isp.hue,uvc-direct,uvc,native,
cap.control.isp.hue,genicam,sfnc,deny,ctl-genmissing
cap.control.isp.gamma,macos,avfoundation,emulate,ctl-rawuvc
cap.control.isp.gamma,ios,avfoundation,deny,ctl-iosnoraw
cap.control.isp.gamma,android,camera2ndk,deny,ctl-c2missing
cap.control.isp.gamma,android,camerax,deny,ctl-cxmissing
cap.control.isp.gamma,linux,v4l2,native,
cap.control.isp.gamma,linux,libcamera,native,
cap.control.isp.gamma,linux,pipewire,native,
cap.control.isp.gamma,win32,mediafoundation,native,
cap.control.isp.gamma,web,getusermedia,deny,ctl-webdeny
cap.control.isp.gamma,uvc-direct,uvc,native,
cap.control.isp.gamma,genicam,sfnc,native,
cap.control.isp.edge-enhancement,macos,avfoundation,deny,ctl-avfmissing
cap.control.isp.edge-enhancement,ios,avfoundation,deny,ctl-avfmissing
cap.control.isp.edge-enhancement,android,camera2ndk,native,
cap.control.isp.edge-enhancement,android,camerax,emulate,ctl-cxinterop
cap.control.isp.edge-enhancement,linux,v4l2,deny,ctl-v4l2missing
cap.control.isp.edge-enhancement,linux,libcamera,deny,ctl-lcmissing
cap.control.isp.edge-enhancement,linux,pipewire,deny,ctl-pwmissing
cap.control.isp.edge-enhancement,win32,mediafoundation,deny,ctl-mfmissing
cap.control.isp.edge-enhancement,web,getusermedia,deny,ctl-webdeny
cap.control.isp.edge-enhancement,uvc-direct,uvc,deny,ctl-uvcmissing
cap.control.isp.edge-enhancement,genicam,sfnc,deny,ctl-genmissing
cap.control.isp.noise-reduction,macos,avfoundation,deny,ctl-avfmissing
cap.control.isp.noise-reduction,ios,avfoundation,deny,ctl-avfmissing
cap.control.isp.noise-reduction,android,camera2ndk,native,
cap.control.isp.noise-reduction,android,camerax,emulate,ctl-cxinterop
cap.control.isp.noise-reduction,linux,v4l2,deny,ctl-v4l2missing
cap.control.isp.noise-reduction,linux,libcamera,native,
cap.control.isp.noise-reduction,linux,pipewire,deny,ctl-pwmissing
cap.control.isp.noise-reduction,win32,mediafoundation,deny,ctl-mfmissing
cap.control.isp.noise-reduction,web,getusermedia,deny,ctl-webdeny
cap.control.isp.noise-reduction,uvc-direct,uvc,deny,ctl-uvcmissing
cap.control.isp.noise-reduction,genicam,sfnc,deny,ctl-genmissing
cap.control.isp.temporal-denoise,macos,avfoundation,deny,ctl-avfmissing
cap.control.isp.temporal-denoise,ios,avfoundation,deny,ctl-avfmissing
cap.control.isp.temporal-denoise,android,camera2ndk,deny,ctl-c2missing
cap.control.isp.temporal-denoise,android,camerax,deny,ctl-cxmissing
cap.control.isp.temporal-denoise,linux,v4l2,deny,ctl-v4l2missing
cap.control.isp.temporal-denoise,linux,libcamera,deny,ctl-lcmissing
cap.control.isp.temporal-denoise,linux,pipewire,deny,ctl-pwmissing
cap.control.isp.temporal-denoise,win32,mediafoundation,native,
cap.control.isp.temporal-denoise,web,getusermedia,deny,ctl-webdeny
cap.control.isp.temporal-denoise,uvc-direct,uvc,deny,ctl-uvcmissing
cap.control.isp.temporal-denoise,genicam,sfnc,deny,ctl-genmissing
cap.control.isp.hot-pixel-correction,macos,avfoundation,deny,ctl-avfmissing
cap.control.isp.hot-pixel-correction,ios,avfoundation,deny,ctl-avfmissing
cap.control.isp.hot-pixel-correction,android,camera2ndk,native,
cap.control.isp.hot-pixel-correction,android,camerax,emulate,ctl-cxinterop
cap.control.isp.hot-pixel-correction,linux,v4l2,deny,ctl-v4l2missing
cap.control.isp.hot-pixel-correction,linux,libcamera,deny,ctl-lcmissing
cap.control.isp.hot-pixel-correction,linux,pipewire,deny,ctl-pwmissing
cap.control.isp.hot-pixel-correction,win32,mediafoundation,deny,ctl-mfmissing
cap.control.isp.hot-pixel-correction,web,getusermedia,deny,ctl-webdeny
cap.control.isp.hot-pixel-correction,uvc-direct,uvc,deny,ctl-uvcmissing
cap.control.isp.hot-pixel-correction,genicam,sfnc,deny,ctl-genmissing
cap.control.isp.lens-shading-correction,macos,avfoundation,deny,ctl-avfmissing
cap.control.isp.lens-shading-correction,ios,avfoundation,deny,ctl-avfmissing
cap.control.isp.lens-shading-correction,android,camera2ndk,native,
cap.control.isp.lens-shading-correction,android,camerax,emulate,ctl-cxinterop
cap.control.isp.lens-shading-correction,linux,v4l2,deny,ctl-v4l2missing
cap.control.isp.lens-shading-correction,linux,libcamera,native,
cap.control.isp.lens-shading-correction,linux,pipewire,deny,ctl-pwmissing
cap.control.isp.lens-shading-correction,win32,mediafoundation,deny,ctl-mfmissing
cap.control.isp.lens-shading-correction,web,getusermedia,deny,ctl-webdeny
cap.control.isp.lens-shading-correction,uvc-direct,uvc,deny,ctl-uvcmissing
cap.control.isp.lens-shading-correction,genicam,sfnc,deny,ctl-genmissing
cap.control.isp.chromatic-aberration-correction,macos,avfoundation,deny,ctl-avfmissing
cap.control.isp.chromatic-aberration-correction,ios,avfoundation,deny,ctl-avfmissing
cap.control.isp.chromatic-aberration-correction,android,camera2ndk,native,
cap.control.isp.chromatic-aberration-correction,android,camerax,emulate,ctl-cxinterop
cap.control.isp.chromatic-aberration-correction,linux,v4l2,deny,ctl-v4l2missing
cap.control.isp.chromatic-aberration-correction,linux,libcamera,native,
cap.control.isp.chromatic-aberration-correction,linux,pipewire,deny,ctl-pwmissing
cap.control.isp.chromatic-aberration-correction,win32,mediafoundation,deny,ctl-mfmissing
cap.control.isp.chromatic-aberration-correction,web,getusermedia,deny,ctl-webdeny
cap.control.isp.chromatic-aberration-correction,uvc-direct,uvc,deny,ctl-uvcmissing
cap.control.isp.chromatic-aberration-correction,genicam,sfnc,deny,ctl-genmissing
cap.control.isp.geometric-distortion-correction,macos,avfoundation,native,
cap.control.isp.geometric-distortion-correction,ios,avfoundation,native,
cap.control.isp.geometric-distortion-correction,android,camera2ndk,native,
cap.control.isp.geometric-distortion-correction,android,camerax,emulate,ctl-cxinterop
cap.control.isp.geometric-distortion-correction,linux,v4l2,deny,ctl-v4l2missing
cap.control.isp.geometric-distortion-correction,linux,libcamera,native,
cap.control.isp.geometric-distortion-correction,linux,pipewire,deny,ctl-pwmissing
cap.control.isp.geometric-distortion-correction,win32,mediafoundation,deny,ctl-mfmissing
cap.control.isp.geometric-distortion-correction,web,getusermedia,deny,ctl-webdeny
cap.control.isp.geometric-distortion-correction,uvc-direct,uvc,deny,ctl-uvcmissing
cap.control.isp.geometric-distortion-correction,genicam,sfnc,deny,ctl-genmissing
cap.control.isp.color-correction-matrix,macos,avfoundation,deny,ctl-avfmissing
cap.control.isp.color-correction-matrix,ios,avfoundation,deny,ctl-avfmissing
cap.control.isp.color-correction-matrix,android,camera2ndk,native,
cap.control.isp.color-correction-matrix,android,camerax,emulate,ctl-cxinterop
cap.control.isp.color-correction-matrix,linux,v4l2,deny,ctl-v4l2missing
cap.control.isp.color-correction-matrix,linux,libcamera,native,
cap.control.isp.color-correction-matrix,linux,pipewire,deny,ctl-pwmissing
cap.control.isp.color-correction-matrix,win32,mediafoundation,native,
cap.control.isp.color-correction-matrix,web,getusermedia,deny,ctl-webdeny
cap.control.isp.color-correction-matrix,uvc-direct,uvc,deny,ctl-uvcmissing
cap.control.isp.color-correction-matrix,genicam,sfnc,native,
cap.control.isp.color-correction-mode,macos,avfoundation,deny,ctl-avfmissing
cap.control.isp.color-correction-mode,ios,avfoundation,deny,ctl-avfmissing
cap.control.isp.color-correction-mode,android,camera2ndk,native,
cap.control.isp.color-correction-mode,android,camerax,emulate,ctl-cxinterop
cap.control.isp.color-correction-mode,linux,v4l2,deny,ctl-v4l2missing
cap.control.isp.color-correction-mode,linux,libcamera,deny,ctl-lcmissing
cap.control.isp.color-correction-mode,linux,pipewire,deny,ctl-pwmissing
cap.control.isp.color-correction-mode,win32,mediafoundation,deny,ctl-mfmissing
cap.control.isp.color-correction-mode,web,getusermedia,deny,ctl-webdeny
cap.control.isp.color-correction-mode,uvc-direct,uvc,deny,ctl-uvcmissing
cap.control.isp.color-correction-mode,genicam,sfnc,native,
cap.control.isp.color-effect-preset,macos,avfoundation,deny,ctl-avfmissing
cap.control.isp.color-effect-preset,ios,avfoundation,deny,ctl-avfmissing
cap.control.isp.color-effect-preset,android,camera2ndk,native,
cap.control.isp.color-effect-preset,android,camerax,emulate,ctl-cxinterop
cap.control.isp.color-effect-preset,linux,v4l2,native,
cap.control.isp.color-effect-preset,linux,libcamera,deny,ctl-lcmissing
cap.control.isp.color-effect-preset,linux,pipewire,emulate,ctl-pwcustom
cap.control.isp.color-effect-preset,win32,mediafoundation,native,
cap.control.isp.color-effect-preset,web,getusermedia,deny,ctl-webdeny
cap.control.isp.color-effect-preset,uvc-direct,uvc,deny,ctl-uvcmissing
cap.control.isp.color-effect-preset,genicam,sfnc,deny,ctl-genmissing
cap.control.isp.black-level-lock,macos,avfoundation,deny,ctl-avfmissing
cap.control.isp.black-level-lock,ios,avfoundation,deny,ctl-avfmissing
cap.control.isp.black-level-lock,android,camera2ndk,native,
cap.control.isp.black-level-lock,android,camerax,emulate,ctl-cxinterop
cap.control.isp.black-level-lock,linux,v4l2,deny,ctl-v4l2missing
cap.control.isp.black-level-lock,linux,libcamera,deny,ctl-lcmissing
cap.control.isp.black-level-lock,linux,pipewire,deny,ctl-pwmissing
cap.control.isp.black-level-lock,win32,mediafoundation,deny,ctl-mfmissing
cap.control.isp.black-level-lock,web,getusermedia,deny,ctl-webdeny
cap.control.isp.black-level-lock,uvc-direct,uvc,deny,ctl-uvcmissing
cap.control.isp.black-level-lock,genicam,sfnc,deny,ctl-genmissing
cap.control.isp.black-level-manual,macos,avfoundation,deny,ctl-avfmissing
cap.control.isp.black-level-manual,ios,avfoundation,deny,ctl-avfmissing
cap.control.isp.black-level-manual,android,camera2ndk,deny,ctl-c2reportonly
cap.control.isp.black-level-manual,android,camerax,deny,ctl-cxmissing
cap.control.isp.black-level-manual,linux,v4l2,deny,ctl-v4l2missing
cap.control.isp.black-level-manual,linux,libcamera,deny,ctl-lcmissing
cap.control.isp.black-level-manual,linux,pipewire,deny,ctl-pwmissing
cap.control.isp.black-level-manual,win32,mediafoundation,deny,ctl-mfmissing
cap.control.isp.black-level-manual,web,getusermedia,deny,ctl-webdeny
cap.control.isp.black-level-manual,uvc-direct,uvc,deny,ctl-uvcmissing
cap.control.isp.black-level-manual,genicam,sfnc,native,
cap.control.isp.white-clip,macos,avfoundation,deny,ctl-avfmissing
cap.control.isp.white-clip,ios,avfoundation,deny,ctl-avfmissing
cap.control.isp.white-clip,android,camera2ndk,deny,ctl-c2missing
cap.control.isp.white-clip,android,camerax,deny,ctl-cxmissing
cap.control.isp.white-clip,linux,v4l2,deny,ctl-v4l2missing
cap.control.isp.white-clip,linux,libcamera,deny,ctl-lcmissing
cap.control.isp.white-clip,linux,pipewire,deny,ctl-pwmissing
cap.control.isp.white-clip,win32,mediafoundation,deny,ctl-mfmissing
cap.control.isp.white-clip,web,getusermedia,deny,ctl-webdeny
cap.control.isp.white-clip,uvc-direct,uvc,deny,ctl-uvcmissing
cap.control.isp.white-clip,genicam,sfnc,native,
cap.control.isp.color-killer,macos,avfoundation,deny,ctl-avfmissing
cap.control.isp.color-killer,ios,avfoundation,deny,ctl-avfmissing
cap.control.isp.color-killer,android,camera2ndk,deny,ctl-c2missing
cap.control.isp.color-killer,android,camerax,deny,ctl-cxmissing
cap.control.isp.color-killer,linux,v4l2,native,
cap.control.isp.color-killer,linux,libcamera,deny,ctl-lcmissing
cap.control.isp.color-killer,linux,pipewire,emulate,ctl-pwcustom
cap.control.isp.color-killer,win32,mediafoundation,deny,ctl-mfmissing
cap.control.isp.color-killer,web,getusermedia,deny,ctl-webdeny
cap.control.isp.color-killer,uvc-direct,uvc,deny,ctl-uvcmissing
cap.control.isp.color-killer,genicam,sfnc,deny,ctl-genmissing
cap.control.isp.chroma-gain,macos,avfoundation,deny,ctl-avfmissing
cap.control.isp.chroma-gain,ios,avfoundation,deny,ctl-avfmissing
cap.control.isp.chroma-gain,android,camera2ndk,deny,ctl-c2missing
cap.control.isp.chroma-gain,android,camerax,deny,ctl-cxmissing
cap.control.isp.chroma-gain,linux,v4l2,native,
cap.control.isp.chroma-gain,linux,libcamera,deny,ctl-lcmissing
cap.control.isp.chroma-gain,linux,pipewire,emulate,ctl-pwcustom
cap.control.isp.chroma-gain,win32,mediafoundation,deny,ctl-mfmissing
cap.control.isp.chroma-gain,web,getusermedia,deny,ctl-webdeny
cap.control.isp.chroma-gain,uvc-direct,uvc,deny,ctl-uvcmissing
cap.control.isp.chroma-gain,genicam,sfnc,deny,ctl-genmissing
cap.control.isp.backlight-compensation,macos,avfoundation,emulate,ctl-rawuvc
cap.control.isp.backlight-compensation,ios,avfoundation,deny,ctl-iosnoraw
cap.control.isp.backlight-compensation,android,camera2ndk,deny,ctl-c2missing
cap.control.isp.backlight-compensation,android,camerax,deny,ctl-cxmissing
cap.control.isp.backlight-compensation,linux,v4l2,native,
cap.control.isp.backlight-compensation,linux,libcamera,deny,ctl-lcmissing
cap.control.isp.backlight-compensation,linux,pipewire,emulate,ctl-pwcustom
cap.control.isp.backlight-compensation,win32,mediafoundation,native,
cap.control.isp.backlight-compensation,web,getusermedia,deny,ctl-webdeny
cap.control.isp.backlight-compensation,uvc-direct,uvc,native,
cap.control.isp.backlight-compensation,genicam,sfnc,deny,ctl-genmissing
cap.control.isp.anti-flicker-power-line,macos,avfoundation,emulate,ctl-rawuvc
cap.control.isp.anti-flicker-power-line,ios,avfoundation,deny,ctl-iosnoraw
cap.control.isp.anti-flicker-power-line,android,camera2ndk,native,
cap.control.isp.anti-flicker-power-line,android,camerax,emulate,ctl-cxinterop
cap.control.isp.anti-flicker-power-line,linux,v4l2,native,
cap.control.isp.anti-flicker-power-line,linux,libcamera,native,
cap.control.isp.anti-flicker-power-line,linux,pipewire,emulate,ctl-pwcustom
cap.control.isp.anti-flicker-power-line,win32,mediafoundation,native,
cap.control.isp.anti-flicker-power-line,web,getusermedia,deny,ctl-webdeny
cap.control.isp.anti-flicker-power-line,uvc-direct,uvc,native,
cap.control.isp.anti-flicker-power-line,genicam,sfnc,deny,ctl-genmissing
cap.control.isp.test-pattern,macos,avfoundation,deny,ctl-avfmissing
cap.control.isp.test-pattern,ios,avfoundation,deny,ctl-avfmissing
cap.control.isp.test-pattern,android,camera2ndk,native,
cap.control.isp.test-pattern,android,camerax,emulate,ctl-cxinterop
cap.control.isp.test-pattern,linux,v4l2,native,
cap.control.isp.test-pattern,linux,libcamera,native,
cap.control.isp.test-pattern,linux,pipewire,emulate,ctl-pwcustom
cap.control.isp.test-pattern,win32,mediafoundation,deny,ctl-mfmissing
cap.control.isp.test-pattern,web,getusermedia,deny,ctl-webdeny
cap.control.isp.test-pattern,uvc-direct,uvc,deny,ctl-uvcmissing
cap.control.isp.test-pattern,genicam,sfnc,native,
cap.control.catalog.scene-illuminance,macos,avfoundation,deny,ctl-avfmissing
cap.control.catalog.scene-illuminance,ios,avfoundation,deny,ctl-avfmissing
cap.control.catalog.scene-illuminance,android,camera2ndk,deny,ctl-c2missing
cap.control.catalog.scene-illuminance,android,camerax,deny,ctl-cxmissing
cap.control.catalog.scene-illuminance,linux,v4l2,deny,ctl-v4l2missing
cap.control.catalog.scene-illuminance,linux,libcamera,native,
cap.control.catalog.scene-illuminance,linux,pipewire,deny,ctl-pwmissing
cap.control.catalog.scene-illuminance,win32,mediafoundation,deny,ctl-mfmissing
cap.control.catalog.scene-illuminance,web,getusermedia,deny,ctl-webdeny
cap.control.catalog.scene-illuminance,uvc-direct,uvc,deny,ctl-uvcmissing
cap.control.catalog.scene-illuminance,genicam,sfnc,deny,ctl-genmissing
cap.control.tone.tonemap-curve,macos,avfoundation,deny,ctl-avfmissing
cap.control.tone.tonemap-curve,ios,avfoundation,deny,ctl-avfmissing
cap.control.tone.tonemap-curve,android,camera2ndk,native,
cap.control.tone.tonemap-curve,android,camerax,emulate,ctl-cxinterop
cap.control.tone.tonemap-curve,linux,v4l2,deny,ctl-v4l2missing
cap.control.tone.tonemap-curve,linux,libcamera,deny,ctl-lcmissing
cap.control.tone.tonemap-curve,linux,pipewire,deny,ctl-pwmissing
cap.control.tone.tonemap-curve,win32,mediafoundation,deny,ctl-mfmissing
cap.control.tone.tonemap-curve,web,getusermedia,deny,ctl-webdeny
cap.control.tone.tonemap-curve,uvc-direct,uvc,deny,ctl-uvcmissing
cap.control.tone.tonemap-curve,genicam,sfnc,native,
cap.control.tone.tonemap-gamma-value,macos,avfoundation,deny,ctl-avfmissing
cap.control.tone.tonemap-gamma-value,ios,avfoundation,deny,ctl-avfmissing
cap.control.tone.tonemap-gamma-value,android,camera2ndk,native,
cap.control.tone.tonemap-gamma-value,android,camerax,emulate,ctl-cxinterop
cap.control.tone.tonemap-gamma-value,linux,v4l2,deny,ctl-v4l2missing
cap.control.tone.tonemap-gamma-value,linux,libcamera,deny,ctl-lcmissing
cap.control.tone.tonemap-gamma-value,linux,pipewire,deny,ctl-pwmissing
cap.control.tone.tonemap-gamma-value,win32,mediafoundation,deny,ctl-mfmissing
cap.control.tone.tonemap-gamma-value,web,getusermedia,deny,ctl-webdeny
cap.control.tone.tonemap-gamma-value,uvc-direct,uvc,deny,ctl-uvcmissing
cap.control.tone.tonemap-gamma-value,genicam,sfnc,deny,ctl-genmissing
cap.control.tone.tonemap-preset-curve,macos,avfoundation,deny,ctl-avfmissing
cap.control.tone.tonemap-preset-curve,ios,avfoundation,deny,ctl-avfmissing
cap.control.tone.tonemap-preset-curve,android,camera2ndk,native,
cap.control.tone.tonemap-preset-curve,android,camerax,emulate,ctl-cxinterop
cap.control.tone.tonemap-preset-curve,linux,v4l2,deny,ctl-v4l2missing
cap.control.tone.tonemap-preset-curve,linux,libcamera,deny,ctl-lcmissing
cap.control.tone.tonemap-preset-curve,linux,pipewire,deny,ctl-pwmissing
cap.control.tone.tonemap-preset-curve,win32,mediafoundation,deny,ctl-mfmissing
cap.control.tone.tonemap-preset-curve,web,getusermedia,deny,ctl-webdeny
cap.control.tone.tonemap-preset-curve,uvc-direct,uvc,deny,ctl-uvcmissing
cap.control.tone.tonemap-preset-curve,genicam,sfnc,deny,ctl-genmissing
cap.control.tone.global-tone-mapping,macos,avfoundation,native,
cap.control.tone.global-tone-mapping,ios,avfoundation,native,
cap.control.tone.global-tone-mapping,android,camera2ndk,deny,ctl-c2missing
cap.control.tone.global-tone-mapping,android,camerax,deny,ctl-cxmissing
cap.control.tone.global-tone-mapping,linux,v4l2,deny,ctl-v4l2missing
cap.control.tone.global-tone-mapping,linux,libcamera,deny,ctl-lcmissing
cap.control.tone.global-tone-mapping,linux,pipewire,deny,ctl-pwmissing
cap.control.tone.global-tone-mapping,win32,mediafoundation,deny,ctl-mfmissing
cap.control.tone.global-tone-mapping,web,getusermedia,deny,ctl-webdeny
cap.control.tone.global-tone-mapping,uvc-direct,uvc,deny,ctl-uvcmissing
cap.control.tone.global-tone-mapping,genicam,sfnc,deny,ctl-genmissing
cap.control.tone.wide-dynamic-range,macos,avfoundation,deny,ctl-avfmissing
cap.control.tone.wide-dynamic-range,ios,avfoundation,deny,ctl-avfmissing
cap.control.tone.wide-dynamic-range,android,camera2ndk,deny,ctl-c2missing
cap.control.tone.wide-dynamic-range,android,camerax,deny,ctl-cxmissing
cap.control.tone.wide-dynamic-range,linux,v4l2,native,
cap.control.tone.wide-dynamic-range,linux,libcamera,native,
cap.control.tone.wide-dynamic-range,linux,pipewire,emulate,ctl-pwcustom
cap.control.tone.wide-dynamic-range,win32,mediafoundation,deny,ctl-mfmissing
cap.control.tone.wide-dynamic-range,web,getusermedia,deny,ctl-webdeny
cap.control.tone.wide-dynamic-range,uvc-direct,uvc,deny,ctl-uvcmissing
cap.control.tone.wide-dynamic-range,genicam,sfnc,deny,ctl-genmissing
cap.control.tone.lut-enable,macos,avfoundation,deny,ctl-avfmissing
cap.control.tone.lut-enable,ios,avfoundation,deny,ctl-avfmissing
cap.control.tone.lut-enable,android,camera2ndk,deny,ctl-c2missing
cap.control.tone.lut-enable,android,camerax,deny,ctl-cxmissing
cap.control.tone.lut-enable,linux,v4l2,deny,ctl-v4l2missing
cap.control.tone.lut-enable,linux,libcamera,deny,ctl-lcmissing
cap.control.tone.lut-enable,linux,pipewire,deny,ctl-pwmissing
cap.control.tone.lut-enable,win32,mediafoundation,deny,ctl-mfmissing
cap.control.tone.lut-enable,web,getusermedia,deny,ctl-webdeny
cap.control.tone.lut-enable,uvc-direct,uvc,deny,ctl-uvcmissing
cap.control.tone.lut-enable,genicam,sfnc,native,
cap.control.3a.master-mode,macos,avfoundation,emulate,ctl-3acompose
cap.control.3a.master-mode,ios,avfoundation,emulate,ctl-3acompose
cap.control.3a.master-mode,android,camera2ndk,native,
cap.control.3a.master-mode,android,camerax,emulate,ctl-cxinterop
cap.control.3a.master-mode,linux,v4l2,emulate,ctl-3acompose
cap.control.3a.master-mode,linux,libcamera,native,
cap.control.3a.master-mode,linux,pipewire,deny,ctl-pwmissing
cap.control.3a.master-mode,win32,mediafoundation,deny,ctl-mfmissing
cap.control.3a.master-mode,web,getusermedia,emulate,ctl-3acompose
cap.control.3a.master-mode,uvc-direct,uvc,deny,ctl-uvcmissing
cap.control.3a.master-mode,genicam,sfnc,emulate,ctl-3acompose
cap.control.3a.scene-mode,macos,avfoundation,deny,ctl-avfmissing
cap.control.3a.scene-mode,ios,avfoundation,deny,ctl-avfmissing
cap.control.3a.scene-mode,android,camera2ndk,native,
cap.control.3a.scene-mode,android,camerax,emulate,ctl-cxinterop
cap.control.3a.scene-mode,linux,v4l2,native,
cap.control.3a.scene-mode,linux,libcamera,deny,ctl-lcmissing
cap.control.3a.scene-mode,linux,pipewire,emulate,ctl-pwcustom
cap.control.3a.scene-mode,win32,mediafoundation,native,
cap.control.3a.scene-mode,web,getusermedia,deny,ctl-webdeny
cap.control.3a.scene-mode,uvc-direct,uvc,deny,ctl-uvcmissing
cap.control.3a.scene-mode,genicam,sfnc,deny,ctl-genmissing
cap.control.3a.combined-lock,macos,avfoundation,emulate,ctl-3acompose
cap.control.3a.combined-lock,ios,avfoundation,emulate,ctl-3acompose
cap.control.3a.combined-lock,android,camera2ndk,emulate,ctl-3acompose
cap.control.3a.combined-lock,android,camerax,emulate,ctl-cxinterop
cap.control.3a.combined-lock,linux,v4l2,native,
cap.control.3a.combined-lock,linux,libcamera,emulate,ctl-3acompose
cap.control.3a.combined-lock,linux,pipewire,emulate,ctl-pwcustom
cap.control.3a.combined-lock,win32,mediafoundation,deny,ctl-mfmissing
cap.control.3a.combined-lock,web,getusermedia,emulate,ctl-3acompose
cap.control.3a.combined-lock,uvc-direct,uvc,deny,ctl-uvcmissing
cap.control.3a.combined-lock,genicam,sfnc,emulate,ctl-3acompose
cap.control.3a.region-max-counts,macos,avfoundation,deny,ctl-avfsingleroi
cap.control.3a.region-max-counts,ios,avfoundation,deny,ctl-avfsingleroi
cap.control.3a.region-max-counts,android,camera2ndk,native,
cap.control.3a.region-max-counts,android,camerax,emulate,ctl-cxinterop
cap.control.3a.region-max-counts,linux,v4l2,deny,ctl-v4l2missing
cap.control.3a.region-max-counts,linux,libcamera,deny,ctl-lcmissing
cap.control.3a.region-max-counts,linux,pipewire,deny,ctl-pwmissing
cap.control.3a.region-max-counts,win32,mediafoundation,native,
cap.control.3a.region-max-counts,web,getusermedia,native,
cap.control.3a.region-max-counts,uvc-direct,uvc,deny,ctl-uvcmissing
cap.control.3a.region-max-counts,genicam,sfnc,native,
cap.control.3a.region-unified-roi,macos,avfoundation,emulate,ctl-rawuvc
cap.control.3a.region-unified-roi,ios,avfoundation,deny,ctl-iosnoraw
cap.control.3a.region-unified-roi,android,camera2ndk,emulate,ctl-3acompose
cap.control.3a.region-unified-roi,android,camerax,native,
cap.control.3a.region-unified-roi,linux,v4l2,deny,ctl-v4l2noregion
cap.control.3a.region-unified-roi,linux,libcamera,deny,ctl-lcafonly
cap.control.3a.region-unified-roi,linux,pipewire,deny,ctl-pwmissing
cap.control.3a.region-unified-roi,win32,mediafoundation,native,
cap.control.3a.region-unified-roi,web,getusermedia,native,
cap.control.3a.region-unified-roi,uvc-direct,uvc,native,
cap.control.3a.region-unified-roi,genicam,sfnc,native,
cap.control.3a.capture-intent,macos,avfoundation,deny,ctl-avfmissing
cap.control.3a.capture-intent,ios,avfoundation,deny,ctl-avfmissing
cap.control.3a.capture-intent,android,camera2ndk,native,
cap.control.3a.capture-intent,android,camerax,emulate,ctl-cxinterop
cap.control.3a.capture-intent,linux,v4l2,deny,ctl-v4l2missing
cap.control.3a.capture-intent,linux,libcamera,deny,ctl-lcmissing
cap.control.3a.capture-intent,linux,pipewire,deny,ctl-pwmissing
cap.control.3a.capture-intent,win32,mediafoundation,deny,ctl-mfmissing
cap.control.3a.capture-intent,web,getusermedia,deny,ctl-webdeny
cap.control.3a.capture-intent,uvc-direct,uvc,deny,ctl-uvcmissing
cap.control.3a.capture-intent,genicam,sfnc,deny,ctl-genmissing
cap.control.flash.still-mode,macos,avfoundation,?,ctl-macflashnohw
cap.control.flash.still-mode,ios,avfoundation,native,
cap.control.flash.still-mode,android,camera2ndk,native,
cap.control.flash.still-mode,android,camerax,native,
cap.control.flash.still-mode,linux,v4l2,emulate,ctl-v4l2flashclass
cap.control.flash.still-mode,linux,libcamera,deny,ctl-lcmissing
cap.control.flash.still-mode,linux,pipewire,deny,ctl-pwmissing
cap.control.flash.still-mode,win32,mediafoundation,native,
cap.control.flash.still-mode,web,getusermedia,native,
cap.control.flash.still-mode,uvc-direct,uvc,deny,ctl-uvcmissing
cap.control.flash.still-mode,genicam,sfnc,deny,ctl-genmissing
cap.control.flash.still-strength,macos,avfoundation,deny,ctl-avfmissing
cap.control.flash.still-strength,ios,avfoundation,deny,ctl-avfmissing
cap.control.flash.still-strength,android,camera2ndk,native,
cap.control.flash.still-strength,android,camerax,emulate,ctl-cxinterop
cap.control.flash.still-strength,linux,v4l2,deny,ctl-v4l2missing
cap.control.flash.still-strength,linux,libcamera,deny,ctl-lcmissing
cap.control.flash.still-strength,linux,pipewire,deny,ctl-pwmissing
cap.control.flash.still-strength,win32,mediafoundation,native,
cap.control.flash.still-strength,web,getusermedia,deny,ctl-webdeny
cap.control.flash.still-strength,uvc-direct,uvc,deny,ctl-uvcmissing
cap.control.flash.still-strength,genicam,sfnc,deny,ctl-genmissing
cap.control.flash.preflash-redeye,macos,avfoundation,?,ctl-macflashnohw
cap.control.flash.preflash-redeye,ios,avfoundation,native,
cap.control.flash.preflash-redeye,android,camera2ndk,native,
cap.control.flash.preflash-redeye,android,camerax,emulate,ctl-cxinterop
cap.control.flash.preflash-redeye,linux,v4l2,deny,ctl-v4l2missing
cap.control.flash.preflash-redeye,linux,libcamera,deny,ctl-lcmissing
cap.control.flash.preflash-redeye,linux,pipewire,deny,ctl-pwmissing
cap.control.flash.preflash-redeye,win32,mediafoundation,deny,ctl-mfmissing
cap.control.flash.preflash-redeye,web,getusermedia,native,
cap.control.flash.preflash-redeye,uvc-direct,uvc,deny,ctl-uvcmissing
cap.control.flash.preflash-redeye,genicam,sfnc,deny,ctl-genmissing
cap.control.flash.scene-detect,macos,avfoundation,?,ctl-macflashnohw
cap.control.flash.scene-detect,ios,avfoundation,native,
cap.control.flash.scene-detect,android,camera2ndk,native,
cap.control.flash.scene-detect,android,camerax,emulate,ctl-cxinterop
cap.control.flash.scene-detect,linux,v4l2,deny,ctl-v4l2missing
cap.control.flash.scene-detect,linux,libcamera,deny,ctl-lcmissing
cap.control.flash.scene-detect,linux,pipewire,deny,ctl-pwmissing
cap.control.flash.scene-detect,win32,mediafoundation,deny,ctl-mfmissing
cap.control.flash.scene-detect,web,getusermedia,deny,ctl-webdeny
cap.control.flash.scene-detect,uvc-direct,uvc,deny,ctl-uvcmissing
cap.control.flash.scene-detect,genicam,sfnc,deny,ctl-genmissing
cap.control.flash.charge-state,macos,avfoundation,native,
cap.control.flash.charge-state,ios,avfoundation,native,
cap.control.flash.charge-state,android,camera2ndk,native,
cap.control.flash.charge-state,android,camerax,native,
cap.control.flash.charge-state,linux,v4l2,deny,ctl-v4l2missing
cap.control.flash.charge-state,linux,libcamera,deny,ctl-lcmissing
cap.control.flash.charge-state,linux,pipewire,deny,ctl-pwmissing
cap.control.flash.charge-state,win32,mediafoundation,deny,ctl-mfmissing
cap.control.flash.charge-state,web,getusermedia,deny,ctl-webdeny
cap.control.flash.charge-state,uvc-direct,uvc,deny,ctl-uvcmissing
cap.control.flash.charge-state,genicam,sfnc,deny,ctl-genmissing
cap.control.flash.torch-mode,macos,avfoundation,native,
cap.control.flash.torch-mode,ios,avfoundation,native,
cap.control.flash.torch-mode,android,camera2ndk,native,
cap.control.flash.torch-mode,android,camerax,native,
cap.control.flash.torch-mode,linux,v4l2,native,
cap.control.flash.torch-mode,linux,libcamera,deny,ctl-lcmissing
cap.control.flash.torch-mode,linux,pipewire,deny,ctl-pwmissing
cap.control.flash.torch-mode,win32,mediafoundation,native,
cap.control.flash.torch-mode,web,getusermedia,native,
cap.control.flash.torch-mode,uvc-direct,uvc,deny,ctl-uvcmissing
cap.control.flash.torch-mode,genicam,sfnc,deny,ctl-genmissing
cap.control.flash.torch-strength,macos,avfoundation,native,
cap.control.flash.torch-strength,ios,avfoundation,native,
cap.control.flash.torch-strength,android,camera2ndk,native,
cap.control.flash.torch-strength,android,camerax,emulate,ctl-cxinterop
cap.control.flash.torch-strength,linux,v4l2,deny,ctl-v4l2missing
cap.control.flash.torch-strength,linux,libcamera,deny,ctl-lcmissing
cap.control.flash.torch-strength,linux,pipewire,deny,ctl-pwmissing
cap.control.flash.torch-strength,win32,mediafoundation,deny,ctl-mfmissing
cap.control.flash.torch-strength,web,getusermedia,deny,ctl-webdeny
cap.control.flash.torch-strength,uvc-direct,uvc,deny,ctl-uvcmissing
cap.control.flash.torch-strength,genicam,sfnc,deny,ctl-genmissing
cap.control.flash.ir-torch,macos,avfoundation,emulate,ctl-rawuvc
cap.control.flash.ir-torch,ios,avfoundation,deny,ctl-iosnoraw
cap.control.flash.ir-torch,android,camera2ndk,deny,ctl-c2missing
cap.control.flash.ir-torch,android,camerax,deny,ctl-cxmissing
cap.control.flash.ir-torch,linux,v4l2,native,
cap.control.flash.ir-torch,linux,libcamera,deny,ctl-lcmissing
cap.control.flash.ir-torch,linux,pipewire,emulate,ctl-pwcustom
cap.control.flash.ir-torch,win32,mediafoundation,native,
cap.control.flash.ir-torch,web,getusermedia,deny,ctl-webdeny
cap.control.flash.ir-torch,uvc-direct,uvc,native,
cap.control.flash.ir-torch,genicam,sfnc,deny,ctl-genmissing
cap.control.flash.external-flash-mode,macos,avfoundation,deny,ctl-avfmissing
cap.control.flash.external-flash-mode,ios,avfoundation,deny,ctl-avfmissing
cap.control.flash.external-flash-mode,android,camera2ndk,native,
cap.control.flash.external-flash-mode,android,camerax,emulate,ctl-cxinterop
cap.control.flash.external-flash-mode,linux,v4l2,deny,ctl-v4l2missing
cap.control.flash.external-flash-mode,linux,libcamera,deny,ctl-lcmissing
cap.control.flash.external-flash-mode,linux,pipewire,deny,ctl-pwmissing
cap.control.flash.external-flash-mode,win32,mediafoundation,deny,ctl-mfmissing
cap.control.flash.external-flash-mode,web,getusermedia,deny,ctl-webdeny
cap.control.flash.external-flash-mode,uvc-direct,uvc,deny,ctl-uvcmissing
cap.control.flash.external-flash-mode,genicam,sfnc,deny,ctl-genmissing
cap.control.catalog.scanning-mode,macos,avfoundation,emulate,ctl-rawuvc
cap.control.catalog.scanning-mode,ios,avfoundation,deny,ctl-iosnoraw
cap.control.catalog.scanning-mode,android,camera2ndk,deny,ctl-c2missing
cap.control.catalog.scanning-mode,android,camerax,deny,ctl-cxmissing
cap.control.catalog.scanning-mode,linux,v4l2,deny,ctl-v4l2noscanmode
cap.control.catalog.scanning-mode,linux,libcamera,deny,ctl-lcmissing
cap.control.catalog.scanning-mode,linux,pipewire,deny,ctl-pwmissing
cap.control.catalog.scanning-mode,win32,mediafoundation,native,
cap.control.catalog.scanning-mode,web,getusermedia,deny,ctl-webdeny
cap.control.catalog.scanning-mode,uvc-direct,uvc,native,
cap.control.catalog.scanning-mode,genicam,sfnc,deny,ctl-genmissing
cap.control.catalog.privacy-block,macos,avfoundation,emulate,ctl-rawuvc
cap.control.catalog.privacy-block,ios,avfoundation,deny,ctl-iosnoraw
cap.control.catalog.privacy-block,android,camera2ndk,deny,ctl-c2missing
cap.control.catalog.privacy-block,android,camerax,deny,ctl-cxmissing
cap.control.catalog.privacy-block,linux,v4l2,native,
cap.control.catalog.privacy-block,linux,libcamera,deny,ctl-lcmissing
cap.control.catalog.privacy-block,linux,pipewire,emulate,ctl-pwcustom
cap.control.catalog.privacy-block,win32,mediafoundation,native,
cap.control.catalog.privacy-block,web,getusermedia,deny,ctl-webdeny
cap.control.catalog.privacy-block,uvc-direct,uvc,native,
cap.control.catalog.privacy-block,genicam,sfnc,deny,ctl-genmissing
cap.control.catalog.analog-video-standard,macos,avfoundation,emulate,ctl-rawuvc
cap.control.catalog.analog-video-standard,ios,avfoundation,deny,ctl-iosnoraw
cap.control.catalog.analog-video-standard,android,camera2ndk,deny,ctl-c2missing
cap.control.catalog.analog-video-standard,android,camerax,deny,ctl-cxmissing
cap.control.catalog.analog-video-standard,linux,v4l2,native,
cap.control.catalog.analog-video-standard,linux,libcamera,deny,ctl-lcmissing
cap.control.catalog.analog-video-standard,linux,pipewire,deny,ctl-pwmissing
cap.control.catalog.analog-video-standard,win32,mediafoundation,deny,ctl-mfmissing
cap.control.catalog.analog-video-standard,web,getusermedia,deny,ctl-webdeny
cap.control.catalog.analog-video-standard,uvc-direct,uvc,native,
cap.control.catalog.analog-video-standard,genicam,sfnc,deny,ctl-genmissing
cap.ptz.pan.absolute,macos,avfoundation,emulate,ptz-rawuvc
cap.ptz.pan.absolute,ios,avfoundation,deny,ptz-noiosrawusb
cap.ptz.pan.absolute,android,camera2ndk,deny,ptz-androidnouvc
cap.ptz.pan.absolute,android,camerax,deny,ptz-androidnouvc
cap.ptz.pan.absolute,linux,v4l2,native,ptz-v4l2native
cap.ptz.pan.absolute,linux,libcamera,emulate,ptz-rawuvc
cap.ptz.pan.absolute,linux,pipewire,emulate,ptz-rawuvc
cap.ptz.pan.absolute,win32,mediafoundation,native,ptz-mfnative
cap.ptz.pan.absolute,web,getusermedia,native,ptz-webchromium
cap.ptz.pan.absolute,uvc-direct,uvc,native,ptz-uvcnative
cap.ptz.pan.absolute,genicam,sfnc,deny,ptz-genicamfixedmount
cap.ptz.pan.relative,macos,avfoundation,emulate,ptz-rawuvc
cap.ptz.pan.relative,ios,avfoundation,deny,ptz-noiosrawusb
cap.ptz.pan.relative,android,camera2ndk,deny,ptz-androidnouvc
cap.ptz.pan.relative,android,camerax,deny,ptz-androidnouvc
cap.ptz.pan.relative,linux,v4l2,native,ptz-v4l2native
cap.ptz.pan.relative,linux,libcamera,emulate,ptz-rawuvc
cap.ptz.pan.relative,linux,pipewire,emulate,ptz-rawuvc
cap.ptz.pan.relative,win32,mediafoundation,native,ptz-mfnative
cap.ptz.pan.relative,web,getusermedia,deny,ptz-webnorelative
cap.ptz.pan.relative,uvc-direct,uvc,native,ptz-uvcnative
cap.ptz.pan.relative,genicam,sfnc,deny,ptz-genicamfixedmount
cap.ptz.pan.speed,macos,avfoundation,emulate,ptz-rawuvc
cap.ptz.pan.speed,ios,avfoundation,deny,ptz-noiosrawusb
cap.ptz.pan.speed,android,camera2ndk,deny,ptz-androidnouvc
cap.ptz.pan.speed,android,camerax,deny,ptz-androidnouvc
cap.ptz.pan.speed,linux,v4l2,native,ptz-v4l2native
cap.ptz.pan.speed,linux,libcamera,emulate,ptz-rawuvc
cap.ptz.pan.speed,linux,pipewire,emulate,ptz-rawuvc
cap.ptz.pan.speed,win32,mediafoundation,native,ptz-mfnative
cap.ptz.pan.speed,web,getusermedia,deny,ptz-webnospeed
cap.ptz.pan.speed,uvc-direct,uvc,emulate,ptz-uvcspeedsubfield
cap.ptz.pan.speed,genicam,sfnc,deny,ptz-genicamfixedmount
cap.ptz.pan.reset,macos,avfoundation,deny,ptz-uvcnoreset
cap.ptz.pan.reset,ios,avfoundation,deny,ptz-noiosrawusb
cap.ptz.pan.reset,android,camera2ndk,deny,ptz-androidnouvc
cap.ptz.pan.reset,android,camerax,deny,ptz-androidnouvc
cap.ptz.pan.reset,linux,v4l2,native,ptz-v4l2native
cap.ptz.pan.reset,linux,libcamera,deny,ptz-uvcnoreset
cap.ptz.pan.reset,linux,pipewire,deny,ptz-uvcnoreset
cap.ptz.pan.reset,win32,mediafoundation,deny,ptz-mfnoreset
cap.ptz.pan.reset,web,getusermedia,deny,ptz-webnoreset
cap.ptz.pan.reset,uvc-direct,uvc,deny,ptz-uvcnoreset
cap.ptz.pan.reset,genicam,sfnc,deny,ptz-genicamfixedmount
cap.ptz.tilt.absolute,macos,avfoundation,emulate,ptz-rawuvc
cap.ptz.tilt.absolute,ios,avfoundation,deny,ptz-noiosrawusb
cap.ptz.tilt.absolute,android,camera2ndk,deny,ptz-androidnouvc
cap.ptz.tilt.absolute,android,camerax,deny,ptz-androidnouvc
cap.ptz.tilt.absolute,linux,v4l2,native,ptz-v4l2native
cap.ptz.tilt.absolute,linux,libcamera,emulate,ptz-rawuvc
cap.ptz.tilt.absolute,linux,pipewire,emulate,ptz-rawuvc
cap.ptz.tilt.absolute,win32,mediafoundation,native,ptz-mfnative
cap.ptz.tilt.absolute,web,getusermedia,native,ptz-webchromium
cap.ptz.tilt.absolute,uvc-direct,uvc,native,ptz-uvcnative
cap.ptz.tilt.absolute,genicam,sfnc,deny,ptz-genicamfixedmount
cap.ptz.tilt.relative,macos,avfoundation,emulate,ptz-rawuvc
cap.ptz.tilt.relative,ios,avfoundation,deny,ptz-noiosrawusb
cap.ptz.tilt.relative,android,camera2ndk,deny,ptz-androidnouvc
cap.ptz.tilt.relative,android,camerax,deny,ptz-androidnouvc
cap.ptz.tilt.relative,linux,v4l2,native,ptz-v4l2native
cap.ptz.tilt.relative,linux,libcamera,emulate,ptz-rawuvc
cap.ptz.tilt.relative,linux,pipewire,emulate,ptz-rawuvc
cap.ptz.tilt.relative,win32,mediafoundation,native,ptz-mfnative
cap.ptz.tilt.relative,web,getusermedia,deny,ptz-webnorelative
cap.ptz.tilt.relative,uvc-direct,uvc,native,ptz-uvcnative
cap.ptz.tilt.relative,genicam,sfnc,deny,ptz-genicamfixedmount
cap.ptz.tilt.speed,macos,avfoundation,emulate,ptz-rawuvc
cap.ptz.tilt.speed,ios,avfoundation,deny,ptz-noiosrawusb
cap.ptz.tilt.speed,android,camera2ndk,deny,ptz-androidnouvc
cap.ptz.tilt.speed,android,camerax,deny,ptz-androidnouvc
cap.ptz.tilt.speed,linux,v4l2,native,ptz-v4l2native
cap.ptz.tilt.speed,linux,libcamera,emulate,ptz-rawuvc
cap.ptz.tilt.speed,linux,pipewire,emulate,ptz-rawuvc
cap.ptz.tilt.speed,win32,mediafoundation,native,ptz-mfnative
cap.ptz.tilt.speed,web,getusermedia,deny,ptz-webnospeed
cap.ptz.tilt.speed,uvc-direct,uvc,emulate,ptz-uvcspeedsubfield
cap.ptz.tilt.speed,genicam,sfnc,deny,ptz-genicamfixedmount
cap.ptz.tilt.reset,macos,avfoundation,deny,ptz-uvcnoreset
cap.ptz.tilt.reset,ios,avfoundation,deny,ptz-noiosrawusb
cap.ptz.tilt.reset,android,camera2ndk,deny,ptz-androidnouvc
cap.ptz.tilt.reset,android,camerax,deny,ptz-androidnouvc
cap.ptz.tilt.reset,linux,v4l2,native,ptz-v4l2native
cap.ptz.tilt.reset,linux,libcamera,deny,ptz-uvcnoreset
cap.ptz.tilt.reset,linux,pipewire,deny,ptz-uvcnoreset
cap.ptz.tilt.reset,win32,mediafoundation,deny,ptz-mfnoreset
cap.ptz.tilt.reset,web,getusermedia,deny,ptz-webnoreset
cap.ptz.tilt.reset,uvc-direct,uvc,deny,ptz-uvcnoreset
cap.ptz.tilt.reset,genicam,sfnc,deny,ptz-genicamfixedmount
cap.ptz.roll.absolute,macos,avfoundation,emulate,ptz-rawuvc
cap.ptz.roll.absolute,ios,avfoundation,deny,ptz-noiosrawusb
cap.ptz.roll.absolute,android,camera2ndk,deny,ptz-androidnouvc
cap.ptz.roll.absolute,android,camerax,deny,ptz-androidnouvc
cap.ptz.roll.absolute,linux,v4l2,deny,ptz-v4l2noroll
cap.ptz.roll.absolute,linux,libcamera,emulate,ptz-rawuvc
cap.ptz.roll.absolute,linux,pipewire,emulate,ptz-rawuvc
cap.ptz.roll.absolute,win32,mediafoundation,native,ptz-mfnative
cap.ptz.roll.absolute,web,getusermedia,deny,ptz-webnoroll
cap.ptz.roll.absolute,uvc-direct,uvc,native,ptz-uvcnative
cap.ptz.roll.absolute,genicam,sfnc,deny,ptz-genicamfixedmount
cap.ptz.roll.relative,macos,avfoundation,emulate,ptz-rawuvc
cap.ptz.roll.relative,ios,avfoundation,deny,ptz-noiosrawusb
cap.ptz.roll.relative,android,camera2ndk,deny,ptz-androidnouvc
cap.ptz.roll.relative,android,camerax,deny,ptz-androidnouvc
cap.ptz.roll.relative,linux,v4l2,deny,ptz-v4l2noroll
cap.ptz.roll.relative,linux,libcamera,emulate,ptz-rawuvc
cap.ptz.roll.relative,linux,pipewire,emulate,ptz-rawuvc
cap.ptz.roll.relative,win32,mediafoundation,?,ptz-mfrollrelative
cap.ptz.roll.relative,web,getusermedia,deny,ptz-webnoroll
cap.ptz.roll.relative,uvc-direct,uvc,native,ptz-uvcnative
cap.ptz.roll.relative,genicam,sfnc,deny,ptz-genicamfixedmount
cap.ptz.zoom.optical.absolute,macos,avfoundation,emulate,ptz-rawuvc
cap.ptz.zoom.optical.absolute,ios,avfoundation,deny,ptz-noiosrawusb
cap.ptz.zoom.optical.absolute,android,camera2ndk,deny,ptz-androidnouvc
cap.ptz.zoom.optical.absolute,android,camerax,deny,ptz-androidnouvc
cap.ptz.zoom.optical.absolute,linux,v4l2,native,ptz-v4l2native
cap.ptz.zoom.optical.absolute,linux,libcamera,emulate,ptz-rawuvc
cap.ptz.zoom.optical.absolute,linux,pipewire,emulate,ptz-rawuvc
cap.ptz.zoom.optical.absolute,win32,mediafoundation,native,ptz-mfnative
cap.ptz.zoom.optical.absolute,web,getusermedia,native,ptz-webchromium
cap.ptz.zoom.optical.absolute,uvc-direct,uvc,native,ptz-uvcnative
cap.ptz.zoom.optical.absolute,genicam,sfnc,native,ptz-genicamopticfocal
cap.ptz.zoom.optical.relative,macos,avfoundation,emulate,ptz-rawuvc
cap.ptz.zoom.optical.relative,ios,avfoundation,deny,ptz-noiosrawusb
cap.ptz.zoom.optical.relative,android,camera2ndk,deny,ptz-androidnouvc
cap.ptz.zoom.optical.relative,android,camerax,deny,ptz-androidnouvc
cap.ptz.zoom.optical.relative,linux,v4l2,native,ptz-v4l2native
cap.ptz.zoom.optical.relative,linux,libcamera,emulate,ptz-rawuvc
cap.ptz.zoom.optical.relative,linux,pipewire,emulate,ptz-rawuvc
cap.ptz.zoom.optical.relative,win32,mediafoundation,deny,ptz-mfnozoomrel
cap.ptz.zoom.optical.relative,web,getusermedia,deny,ptz-webnorelative
cap.ptz.zoom.optical.relative,uvc-direct,uvc,native,ptz-uvcnative
cap.ptz.zoom.optical.relative,genicam,sfnc,deny,ptz-genicamabsonly
cap.ptz.zoom.optical.speed,macos,avfoundation,emulate,ptz-rawuvc
cap.ptz.zoom.optical.speed,ios,avfoundation,deny,ptz-noiosrawusb
cap.ptz.zoom.optical.speed,android,camera2ndk,deny,ptz-androidnouvc
cap.ptz.zoom.optical.speed,android,camerax,deny,ptz-androidnouvc
cap.ptz.zoom.optical.speed,linux,v4l2,native,ptz-v4l2native
cap.ptz.zoom.optical.speed,linux,libcamera,emulate,ptz-rawuvc
cap.ptz.zoom.optical.speed,linux,pipewire,emulate,ptz-rawuvc
cap.ptz.zoom.optical.speed,win32,mediafoundation,deny,ptz-mfnozoomspeed
cap.ptz.zoom.optical.speed,web,getusermedia,deny,ptz-webnospeed
cap.ptz.zoom.optical.speed,uvc-direct,uvc,emulate,ptz-uvcspeedsubfield
cap.ptz.zoom.optical.speed,genicam,sfnc,deny,ptz-genicamabsonly
cap.ptz.privacy.shutter,macos,avfoundation,emulate,ptz-rawuvc
cap.ptz.privacy.shutter,ios,avfoundation,deny,ptz-noiosrawusb
cap.ptz.privacy.shutter,android,camera2ndk,deny,ptz-androidnouvc
cap.ptz.privacy.shutter,android,camerax,deny,ptz-androidnouvc
cap.ptz.privacy.shutter,linux,v4l2,native,ptz-v4l2privacy
cap.ptz.privacy.shutter,linux,libcamera,emulate,ptz-rawuvc
cap.ptz.privacy.shutter,linux,pipewire,emulate,ptz-rawuvc
cap.ptz.privacy.shutter,win32,mediafoundation,native,ptz-mfprivacy
cap.ptz.privacy.shutter,web,getusermedia,deny,ptz-webnoprivacy
cap.ptz.privacy.shutter,uvc-direct,uvc,native,ptz-uvcnative
cap.ptz.privacy.shutter,genicam,sfnc,deny,ptz-genicamfixedmount
cap.ptz.position.query,macos,avfoundation,emulate,ptz-rawuvc
cap.ptz.position.query,ios,avfoundation,deny,ptz-noiosrawusb
cap.ptz.position.query,android,camera2ndk,deny,ptz-androidnouvc
cap.ptz.position.query,android,camerax,deny,ptz-androidnouvc
cap.ptz.position.query,linux,v4l2,native,ptz-v4l2query
cap.ptz.position.query,linux,libcamera,emulate,ptz-rawuvc
cap.ptz.position.query,linux,pipewire,emulate,ptz-rawuvc
cap.ptz.position.query,win32,mediafoundation,native,ptz-mfquery
cap.ptz.position.query,web,getusermedia,native,ptz-webquery
cap.ptz.position.query,uvc-direct,uvc,native,ptz-uvcquery
cap.ptz.position.query,genicam,sfnc,native,ptz-genicamopticstatus
cap.ptz.auto.mode,macos,avfoundation,deny,ptz-rawuvcnoauto
cap.ptz.auto.mode,ios,avfoundation,deny,ptz-noiosrawusb
cap.ptz.auto.mode,android,camera2ndk,deny,ptz-androidnouvc
cap.ptz.auto.mode,android,camerax,deny,ptz-androidnouvc
cap.ptz.auto.mode,linux,v4l2,deny,ptz-v4l2noauto
cap.ptz.auto.mode,linux,libcamera,deny,ptz-v4l2noauto
cap.ptz.auto.mode,linux,pipewire,deny,ptz-v4l2noauto
cap.ptz.auto.mode,win32,mediafoundation,native,ptz-mfautoflag
cap.ptz.auto.mode,web,getusermedia,deny,ptz-webnoauto
cap.ptz.auto.mode,uvc-direct,uvc,deny,ptz-uvcnoautoflag
cap.ptz.auto.mode,genicam,sfnc,deny,ptz-genicamfixedmount
cap.ptz.lens.shutter,macos,avfoundation,deny,ptz-genicamonly
cap.ptz.lens.shutter,ios,avfoundation,deny,ptz-genicamonly
cap.ptz.lens.shutter,android,camera2ndk,deny,ptz-genicamonly
cap.ptz.lens.shutter,android,camerax,deny,ptz-genicamonly
cap.ptz.lens.shutter,linux,v4l2,deny,ptz-genicamonly
cap.ptz.lens.shutter,linux,libcamera,deny,ptz-genicamonly
cap.ptz.lens.shutter,linux,pipewire,deny,ptz-genicamonly
cap.ptz.lens.shutter,win32,mediafoundation,deny,ptz-genicamonly
cap.ptz.lens.shutter,web,getusermedia,deny,ptz-genicamonly
cap.ptz.lens.shutter,uvc-direct,uvc,deny,ptz-genicamonly
cap.ptz.lens.shutter,genicam,sfnc,native,ptz-genicamopticlens
cap.ptz.lens.filter,macos,avfoundation,deny,ptz-genicamonly
cap.ptz.lens.filter,ios,avfoundation,deny,ptz-genicamonly
cap.ptz.lens.filter,android,camera2ndk,deny,ptz-genicamonly
cap.ptz.lens.filter,android,camerax,deny,ptz-genicamonly
cap.ptz.lens.filter,linux,v4l2,deny,ptz-genicamonly
cap.ptz.lens.filter,linux,libcamera,deny,ptz-genicamonly
cap.ptz.lens.filter,linux,pipewire,deny,ptz-genicamonly
cap.ptz.lens.filter,win32,mediafoundation,deny,ptz-genicamonly
cap.ptz.lens.filter,web,getusermedia,deny,ptz-genicamonly
cap.ptz.lens.filter,uvc-direct,uvc,deny,ptz-genicamonly
cap.ptz.lens.filter,genicam,sfnc,native,ptz-genicamopticlens
cap.ptz.lens.magnification,macos,avfoundation,deny,ptz-genicamonly
cap.ptz.lens.magnification,ios,avfoundation,deny,ptz-genicamonly
cap.ptz.lens.magnification,android,camera2ndk,deny,ptz-genicamonly
cap.ptz.lens.magnification,android,camerax,deny,ptz-genicamonly
cap.ptz.lens.magnification,linux,v4l2,deny,ptz-genicamonly
cap.ptz.lens.magnification,linux,libcamera,deny,ptz-genicamonly
cap.ptz.lens.magnification,linux,pipewire,deny,ptz-genicamonly
cap.ptz.lens.magnification,win32,mediafoundation,deny,ptz-genicamonly
cap.ptz.lens.magnification,web,getusermedia,deny,ptz-genicamonly
cap.ptz.lens.magnification,uvc-direct,uvc,deny,ptz-genicamonly
cap.ptz.lens.magnification,genicam,sfnc,native,ptz-genicamopticlens
cap.ptz.controller.lifecycle,macos,avfoundation,deny,ptz-genicamonly
cap.ptz.controller.lifecycle,ios,avfoundation,deny,ptz-genicamonly
cap.ptz.controller.lifecycle,android,camera2ndk,deny,ptz-genicamonly
cap.ptz.controller.lifecycle,android,camerax,deny,ptz-genicamonly
cap.ptz.controller.lifecycle,linux,v4l2,deny,ptz-genicamonly
cap.ptz.controller.lifecycle,linux,libcamera,deny,ptz-genicamonly
cap.ptz.controller.lifecycle,linux,pipewire,deny,ptz-genicamonly
cap.ptz.controller.lifecycle,win32,mediafoundation,deny,ptz-genicamonly
cap.ptz.controller.lifecycle,web,getusermedia,deny,ptz-genicamonly
cap.ptz.controller.lifecycle,uvc-direct,uvc,deny,ptz-genicamonly
cap.ptz.controller.lifecycle,genicam,sfnc,native,ptz-genicamopticlifecycle
cap.capture.still,macos,avfoundation,native,
cap.capture.still,ios,avfoundation,native,
cap.capture.still,android,camera2ndk,native,
cap.capture.still,android,camerax,native,
cap.capture.still,linux,v4l2,native,
cap.capture.still,linux,libcamera,native,
cap.capture.still,linux,pipewire,deny,fallback:cap.capture.still
cap.capture.still,win32,mediafoundation,native,
cap.capture.still,web,getusermedia,native,
cap.capture.still,uvc-direct,uvc,emulate,cap-rawuvc:still via UVC stillpipe or video-frame grab
cap.capture.still,genicam,sfnc,native,
cap.capture.still.maxdims,macos,avfoundation,native,
cap.capture.still.maxdims,ios,avfoundation,native,
cap.capture.still.maxdims,android,camera2ndk,native,
cap.capture.still.maxdims,android,camerax,native,
cap.capture.still.maxdims,linux,v4l2,native,
cap.capture.still.maxdims,linux,libcamera,native,
cap.capture.still.maxdims,linux,pipewire,deny,fallback:cap.capture.still
cap.capture.still.maxdims,win32,mediafoundation,native,
cap.capture.still.maxdims,web,getusermedia,native,
cap.capture.still.maxdims,uvc-direct,uvc,emulate,cap-rawuvc:UVC still res via stillpipe negotiation
cap.capture.still.maxdims,genicam,sfnc,native,
cap.capture.still.qualityprioritization,macos,avfoundation,native,
cap.capture.still.qualityprioritization,ios,avfoundation,native,
cap.capture.still.qualityprioritization,android,camera2ndk,native,
cap.capture.still.qualityprioritization,android,camerax,native,
cap.capture.still.qualityprioritization,linux,v4l2,deny,fallback:cap.capture.still
cap.capture.still.qualityprioritization,linux,libcamera,deny,fallback:cap.capture.still
cap.capture.still.qualityprioritization,linux,pipewire,deny,fallback:cap.capture.still
cap.capture.still.qualityprioritization,win32,mediafoundation,deny,
cap.capture.still.qualityprioritization,web,getusermedia,deny,fallback:cap.capture.still
cap.capture.still.qualityprioritization,uvc-direct,uvc,deny,fallback:cap.capture.still
cap.capture.still.qualityprioritization,genicam,sfnc,deny,fallback:cap.capture.still
cap.capture.still.grabframe,macos,avfoundation,native,
cap.capture.still.grabframe,ios,avfoundation,native,
cap.capture.still.grabframe,android,camera2ndk,deny,
cap.capture.still.grabframe,android,camerax,deny,
cap.capture.still.grabframe,linux,v4l2,deny,
cap.capture.still.grabframe,linux,libcamera,deny,
cap.capture.still.grabframe,linux,pipewire,deny,fallback:cap.capture.still
cap.capture.still.grabframe,win32,mediafoundation,deny,
cap.capture.still.grabframe,web,getusermedia,native,
cap.capture.still.grabframe,uvc-direct,uvc,emulate,cap-rawuvc:preview-frame grab off isoc stream
cap.capture.still.grabframe,genicam,sfnc,deny,fallback:cap.capture.still
cap.capture.raw.bayer,macos,avfoundation,native,
cap.capture.raw.bayer,ios,avfoundation,native,
cap.capture.raw.bayer,android,camera2ndk,native,
cap.capture.raw.bayer,android,camerax,emulate,cap-cxinterop:RAW_SENSOR via Camera2Interop ImageReader; CameraX hides RAW
cap.capture.raw.bayer,linux,v4l2,native,
cap.capture.raw.bayer,linux,libcamera,native,
cap.capture.raw.bayer,linux,pipewire,native,
cap.capture.raw.bayer,win32,mediafoundation,deny,fallback:none
cap.capture.raw.bayer,web,getusermedia,deny,fallback:none
cap.capture.raw.bayer,uvc-direct,uvc,deny,fallback:none
cap.capture.raw.bayer,genicam,sfnc,native,
cap.capture.raw.fused,macos,avfoundation,?,cap-iosonly:ProRAW iOS-centric; macOS Apple-silicon unconfirmed in inventory
cap.capture.raw.fused,ios,avfoundation,native,
cap.capture.raw.fused,android,camera2ndk,deny,fallback:cap.capture.raw.bayer
cap.capture.raw.fused,android,camerax,deny,fallback:cap.capture.raw.bayer
cap.capture.raw.fused,linux,v4l2,deny,fallback:cap.capture.raw.bayer
cap.capture.raw.fused,linux,libcamera,deny,fallback:cap.capture.raw.bayer
cap.capture.raw.fused,linux,pipewire,deny,fallback:none
cap.capture.raw.fused,win32,mediafoundation,deny,fallback:cap.capture.raw.bayer
cap.capture.raw.fused,web,getusermedia,deny,fallback:none
cap.capture.raw.fused,uvc-direct,uvc,deny,fallback:none
cap.capture.raw.fused,genicam,sfnc,deny,fallback:cap.capture.raw.bayer
cap.capture.raw.format,macos,avfoundation,native,
cap.capture.raw.format,ios,avfoundation,native,
cap.capture.raw.format,android,camera2ndk,native,
cap.capture.raw.format,android,camerax,emulate,cap-cxinterop:RAW format via Camera2Interop
cap.capture.raw.format,linux,v4l2,native,
cap.capture.raw.format,linux,libcamera,native,
cap.capture.raw.format,linux,pipewire,deny,fallback:cap.capture.raw.bayer
cap.capture.raw.format,win32,mediafoundation,deny,fallback:cap.capture.raw.bayer
cap.capture.raw.format,web,getusermedia,deny,fallback:none
cap.capture.raw.format,uvc-direct,uvc,deny,fallback:cap.capture.raw.bayer
cap.capture.raw.format,genicam,sfnc,native,
cap.capture.raw.codec,macos,avfoundation,native,
cap.capture.raw.codec,ios,avfoundation,native,
cap.capture.raw.codec,android,camera2ndk,deny,fallback:cap.capture.raw.format
cap.capture.raw.codec,android,camerax,deny,fallback:cap.capture.raw.format
cap.capture.raw.codec,linux,v4l2,native,
cap.capture.raw.codec,linux,libcamera,deny,fallback:cap.capture.raw.format
cap.capture.raw.codec,linux,pipewire,deny,fallback:none
cap.capture.raw.codec,win32,mediafoundation,deny,fallback:cap.capture.raw.format
cap.capture.raw.codec,web,getusermedia,deny,fallback:none
cap.capture.raw.codec,uvc-direct,uvc,deny,fallback:none
cap.capture.raw.codec,genicam,sfnc,deny,fallback:cap.capture.raw.format
cap.capture.raw.sidecar,macos,avfoundation,native,
cap.capture.raw.sidecar,ios,avfoundation,native,
cap.capture.raw.sidecar,android,camera2ndk,native,
cap.capture.raw.sidecar,android,camerax,emulate,cap-cxinterop:DngCreator via Camera2Interop RAW result
cap.capture.raw.sidecar,linux,v4l2,deny,fallback:cap.capture.raw.bayer
cap.capture.raw.sidecar,linux,libcamera,deny,fallback:cap.capture.raw.bayer
cap.capture.raw.sidecar,linux,pipewire,deny,fallback:none
cap.capture.raw.sidecar,win32,mediafoundation,deny,fallback:cap.capture.raw.bayer
cap.capture.raw.sidecar,web,getusermedia,deny,fallback:none
cap.capture.raw.sidecar,uvc-direct,uvc,deny,fallback:none
cap.capture.raw.sidecar,genicam,sfnc,deny,fallback:cap.capture.raw.bayer
cap.capture.raw.plusprocessed,macos,avfoundation,native,
cap.capture.raw.plusprocessed,ios,avfoundation,native,
cap.capture.raw.plusprocessed,android,camera2ndk,native,
cap.capture.raw.plusprocessed,android,camerax,emulate,cap-cxinterop:RAW+YUV/JPEG multi-surface via Camera2Interop
cap.capture.raw.plusprocessed,linux,v4l2,deny,fallback:cap.capture.raw.bayer
cap.capture.raw.plusprocessed,linux,libcamera,deny,fallback:cap.capture.raw.bayer
cap.capture.raw.plusprocessed,linux,pipewire,deny,fallback:none
cap.capture.raw.plusprocessed,win32,mediafoundation,deny,fallback:cap.capture.raw.bayer
cap.capture.raw.plusprocessed,web,getusermedia,deny,fallback:none
cap.capture.raw.plusprocessed,uvc-direct,uvc,deny,fallback:none
cap.capture.raw.plusprocessed,genicam,sfnc,deny,fallback:cap.capture.raw.bayer
cap.capture.encodedstill.jpeg,macos,avfoundation,native,
cap.capture.encodedstill.jpeg,ios,avfoundation,native,
cap.capture.encodedstill.jpeg,android,camera2ndk,native,
cap.capture.encodedstill.jpeg,android,camerax,native,
cap.capture.encodedstill.jpeg,linux,v4l2,native,
cap.capture.encodedstill.jpeg,linux,libcamera,deny,fallback:cap.capture.still
cap.capture.encodedstill.jpeg,linux,pipewire,deny,fallback:cap.capture.still
cap.capture.encodedstill.jpeg,win32,mediafoundation,native,
cap.capture.encodedstill.jpeg,web,getusermedia,native,
cap.capture.encodedstill.jpeg,uvc-direct,uvc,emulate,cap-rawuvc:MJPEG/still payload off UVC stream
cap.capture.encodedstill.jpeg,genicam,sfnc,native,
cap.capture.encodedstill.heic,macos,avfoundation,native,
cap.capture.encodedstill.heic,ios,avfoundation,native,
cap.capture.encodedstill.heic,android,camera2ndk,native,
cap.capture.encodedstill.heic,android,camerax,emulate,cap-cxinterop:HEIC ImageFormat via Camera2Interop; CameraX surfaces JPEG only
cap.capture.encodedstill.heic,linux,v4l2,deny,fallback:cap.capture.encodedstill.jpeg
cap.capture.encodedstill.heic,linux,libcamera,deny,fallback:cap.capture.encodedstill.jpeg
cap.capture.encodedstill.heic,linux,pipewire,deny,fallback:cap.capture.still
cap.capture.encodedstill.heic,win32,mediafoundation,native,
cap.capture.encodedstill.heic,web,getusermedia,deny,fallback:cap.capture.encodedstill.jpeg
cap.capture.encodedstill.heic,uvc-direct,uvc,deny,fallback:cap.capture.encodedstill.jpeg
cap.capture.encodedstill.heic,genicam,sfnc,deny,fallback:cap.capture.encodedstill.jpeg
cap.capture.encodedstill.dng,macos,avfoundation,native,
cap.capture.encodedstill.dng,ios,avfoundation,native,
cap.capture.encodedstill.dng,android,camera2ndk,native,
cap.capture.encodedstill.dng,android,camerax,emulate,cap-cxinterop:DngCreator via Camera2Interop RAW
cap.capture.encodedstill.dng,linux,v4l2,deny,fallback:cap.capture.raw.bayer
cap.capture.encodedstill.dng,linux,libcamera,deny,fallback:cap.capture.raw.bayer
cap.capture.encodedstill.dng,linux,pipewire,deny,fallback:none
cap.capture.encodedstill.dng,win32,mediafoundation,deny,fallback:cap.capture.encodedstill.jpeg
cap.capture.encodedstill.dng,web,getusermedia,deny,fallback:none
cap.capture.encodedstill.dng,uvc-direct,uvc,deny,fallback:none
cap.capture.encodedstill.dng,genicam,sfnc,deny,fallback:cap.capture.raw.bayer
cap.capture.encodedstill.ultrahdr,macos,avfoundation,deny,fallback:cap.capture.encodedstill.jpeg
cap.capture.encodedstill.ultrahdr,ios,avfoundation,deny,fallback:cap.capture.encodedstill.jpeg
cap.capture.encodedstill.ultrahdr,android,camera2ndk,native,
cap.capture.encodedstill.ultrahdr,android,camerax,emulate,cap-cxinterop:JPEG_R/HEIC UltraHDR via Camera2Interop
cap.capture.encodedstill.ultrahdr,linux,v4l2,deny,fallback:cap.capture.encodedstill.jpeg
cap.capture.encodedstill.ultrahdr,linux,libcamera,deny,fallback:cap.capture.encodedstill.jpeg
cap.capture.encodedstill.ultrahdr,linux,pipewire,deny,fallback:cap.capture.still
cap.capture.encodedstill.ultrahdr,win32,mediafoundation,deny,fallback:cap.capture.encodedstill.jpeg
cap.capture.encodedstill.ultrahdr,web,getusermedia,deny,fallback:cap.capture.encodedstill.jpeg
cap.capture.encodedstill.ultrahdr,uvc-direct,uvc,deny,fallback:cap.capture.encodedstill.jpeg
cap.capture.encodedstill.ultrahdr,genicam,sfnc,deny,fallback:cap.capture.encodedstill.jpeg
cap.capture.encodedstill.embeddedmeta,macos,avfoundation,native,
cap.capture.encodedstill.embeddedmeta,ios,avfoundation,native,
cap.capture.encodedstill.embeddedmeta,android,camera2ndk,native,
cap.capture.encodedstill.embeddedmeta,android,camerax,native,
cap.capture.encodedstill.embeddedmeta,linux,v4l2,deny,fallback:cap.capture.encodedstill.jpeg
cap.capture.encodedstill.embeddedmeta,linux,libcamera,deny,fallback:cap.capture.encodedstill.jpeg
cap.capture.encodedstill.embeddedmeta,linux,pipewire,deny,fallback:cap.capture.still
cap.capture.encodedstill.embeddedmeta,win32,mediafoundation,native,
cap.capture.encodedstill.embeddedmeta,web,getusermedia,deny,fallback:cap.capture.encodedstill.jpeg
cap.capture.encodedstill.embeddedmeta,uvc-direct,uvc,deny,fallback:cap.capture.encodedstill.jpeg
cap.capture.encodedstill.embeddedmeta,genicam,sfnc,deny,fallback:cap.capture.encodedstill.jpeg
cap.capture.encodedstill.embeddedgps,macos,avfoundation,deny,fallback:cap.capture.encodedstill.embeddedmeta
cap.capture.encodedstill.embeddedgps,ios,avfoundation,deny,fallback:cap.capture.encodedstill.embeddedmeta
cap.capture.encodedstill.embeddedgps,android,camera2ndk,native,
cap.capture.encodedstill.embeddedgps,android,camerax,native,
cap.capture.encodedstill.embeddedgps,linux,v4l2,deny,fallback:cap.capture.encodedstill.embeddedmeta
cap.capture.encodedstill.embeddedgps,linux,libcamera,deny,fallback:cap.capture.encodedstill.embeddedmeta
cap.capture.encodedstill.embeddedgps,linux,pipewire,deny,fallback:cap.capture.still
cap.capture.encodedstill.embeddedgps,win32,mediafoundation,deny,fallback:cap.capture.encodedstill.embeddedmeta
cap.capture.encodedstill.embeddedgps,web,getusermedia,deny,fallback:cap.capture.encodedstill.embeddedmeta
cap.capture.encodedstill.embeddedgps,uvc-direct,uvc,deny,fallback:cap.capture.encodedstill.embeddedmeta
cap.capture.encodedstill.embeddedgps,genicam,sfnc,deny,fallback:cap.capture.encodedstill.embeddedmeta
cap.capture.readout.binning,macos,avfoundation,deny,fallback:none
cap.capture.readout.binning,ios,avfoundation,deny,fallback:none
cap.capture.readout.binning,android,camera2ndk,deny,camera2 binning is descriptive only; prescriptive select absent
cap.capture.readout.binning,android,camerax,deny,fallback:none
cap.capture.readout.binning,linux,v4l2,emulate,cap-v4l2subdev:media-controller subdev binning [trap]; embedded-Linux only; cost media-ctl topology
cap.capture.readout.binning,linux,libcamera,native,
cap.capture.readout.binning,linux,pipewire,deny,fallback:none
cap.capture.readout.binning,win32,mediafoundation,deny,fallback:none
cap.capture.readout.binning,web,getusermedia,deny,fallback:none
cap.capture.readout.binning,uvc-direct,uvc,deny,fallback:none
cap.capture.readout.binning,genicam,sfnc,native,
cap.capture.readout.decimation,macos,avfoundation,deny,fallback:none
cap.capture.readout.decimation,ios,avfoundation,deny,fallback:none
cap.capture.readout.decimation,android,camera2ndk,deny,fallback:cap.capture.readout.binning
cap.capture.readout.decimation,android,camerax,deny,fallback:none
cap.capture.readout.decimation,linux,v4l2,emulate,cap-v4l2subdev:subdev skipping; embedded-Linux only; cost media-ctl topology
cap.capture.readout.decimation,linux,libcamera,native,
cap.capture.readout.decimation,linux,pipewire,deny,fallback:none
cap.capture.readout.decimation,win32,mediafoundation,deny,fallback:none
cap.capture.readout.decimation,web,getusermedia,deny,fallback:none
cap.capture.readout.decimation,uvc-direct,uvc,deny,fallback:none
cap.capture.readout.decimation,genicam,sfnc,native,
cap.capture.readout.binningfactor,macos,avfoundation,deny,fallback:none
cap.capture.readout.binningfactor,ios,avfoundation,deny,fallback:none
cap.capture.readout.binningfactor,android,camera2ndk,native,
cap.capture.readout.binningfactor,android,camerax,emulate,cap-cxinterop:SENSOR_RAW_BINNING_FACTOR_USED via Camera2CameraInfo result
cap.capture.readout.binningfactor,linux,v4l2,deny,fallback:none
cap.capture.readout.binningfactor,linux,libcamera,native,
cap.capture.readout.binningfactor,linux,pipewire,deny,fallback:none
cap.capture.readout.binningfactor,win32,mediafoundation,deny,fallback:none
cap.capture.readout.binningfactor,web,getusermedia,deny,fallback:none
cap.capture.readout.binningfactor,uvc-direct,uvc,deny,fallback:none
cap.capture.readout.binningfactor,genicam,sfnc,deny,fallback:cap.capture.readout.binning
cap.capture.readout.pixelmode,macos,avfoundation,deny,fallback:none
cap.capture.readout.pixelmode,ios,avfoundation,deny,fallback:none
cap.capture.readout.pixelmode,android,camera2ndk,native,
cap.capture.readout.pixelmode,android,camerax,emulate,cap-cxinterop:SENSOR_PIXEL_MODE/ULTRA_HIGH_RES via Camera2Interop; CameraX hides remosaic
cap.capture.readout.pixelmode,linux,v4l2,deny,fallback:none
cap.capture.readout.pixelmode,linux,libcamera,native,
cap.capture.readout.pixelmode,linux,pipewire,deny,fallback:none
cap.capture.readout.pixelmode,win32,mediafoundation,deny,fallback:none
cap.capture.readout.pixelmode,web,getusermedia,deny,fallback:none
cap.capture.readout.pixelmode,uvc-direct,uvc,deny,fallback:none
cap.capture.readout.pixelmode,genicam,sfnc,deny,fallback:cap.capture.readout.binning
cap.capture.readout.remosaic,macos,avfoundation,deny,fallback:none
cap.capture.readout.remosaic,ios,avfoundation,deny,fallback:none
cap.capture.readout.remosaic,android,camera2ndk,native,
cap.capture.readout.remosaic,android,camerax,emulate,cap-cxinterop:REMOSAIC_REPROCESSING via Camera2Interop; CameraX hides remosaic
cap.capture.readout.remosaic,linux,v4l2,deny,fallback:none
cap.capture.readout.remosaic,linux,libcamera,deny,fallback:cap.capture.readout.pixelmode
cap.capture.readout.remosaic,linux,pipewire,deny,fallback:none
cap.capture.readout.remosaic,win32,mediafoundation,deny,fallback:none
cap.capture.readout.remosaic,web,getusermedia,deny,fallback:none
cap.capture.readout.remosaic,uvc-direct,uvc,deny,fallback:none
cap.capture.readout.remosaic,genicam,sfnc,deny,fallback:none
cap.capture.readout.cropregion,macos,avfoundation,deny,fallback:none
cap.capture.readout.cropregion,ios,avfoundation,deny,fallback:none
cap.capture.readout.cropregion,android,camera2ndk,native,
cap.capture.readout.cropregion,android,camerax,emulate,cap-cxinterop:SCALER_CROP_REGION via Camera2CameraControl request option
cap.capture.readout.cropregion,linux,v4l2,deny,fallback:none
cap.capture.readout.cropregion,linux,libcamera,native,
cap.capture.readout.cropregion,linux,pipewire,deny,fallback:none
cap.capture.readout.cropregion,win32,mediafoundation,deny,fallback:none
cap.capture.readout.cropregion,web,getusermedia,deny,fallback:none
cap.capture.readout.cropregion,uvc-direct,uvc,deny,fallback:none
cap.capture.readout.cropregion,genicam,sfnc,native,
cap.capture.readout.multiroi,macos,avfoundation,deny,fallback:cap.capture.readout.cropregion
cap.capture.readout.multiroi,ios,avfoundation,deny,fallback:cap.capture.readout.cropregion
cap.capture.readout.multiroi,android,camera2ndk,deny,fallback:cap.capture.readout.cropregion
cap.capture.readout.multiroi,android,camerax,deny,fallback:cap.capture.readout.cropregion
cap.capture.readout.multiroi,linux,v4l2,deny,fallback:cap.capture.readout.cropregion
cap.capture.readout.multiroi,linux,libcamera,deny,fallback:cap.capture.readout.cropregion
cap.capture.readout.multiroi,linux,pipewire,deny,fallback:none
cap.capture.readout.multiroi,win32,mediafoundation,deny,fallback:cap.capture.readout.cropregion
cap.capture.readout.multiroi,web,getusermedia,deny,fallback:none
cap.capture.readout.multiroi,uvc-direct,uvc,deny,fallback:cap.capture.readout.cropregion
cap.capture.readout.multiroi,genicam,sfnc,native,
cap.capture.readout.shuttermode,macos,avfoundation,deny,fallback:none
cap.capture.readout.shuttermode,ios,avfoundation,deny,fallback:none
cap.capture.readout.shuttermode,android,camera2ndk,deny,fallback:none
cap.capture.readout.shuttermode,android,camerax,deny,fallback:none
cap.capture.readout.shuttermode,linux,v4l2,deny,fallback:none
cap.capture.readout.shuttermode,linux,libcamera,deny,fallback:none
cap.capture.readout.shuttermode,linux,pipewire,deny,fallback:none
cap.capture.readout.shuttermode,win32,mediafoundation,deny,fallback:none
cap.capture.readout.shuttermode,web,getusermedia,deny,fallback:none
cap.capture.readout.shuttermode,uvc-direct,uvc,deny,fallback:none
cap.capture.readout.shuttermode,genicam,sfnc,native,
cap.capture.zsl,macos,avfoundation,native,
cap.capture.zsl,ios,avfoundation,native,
cap.capture.zsl,android,camera2ndk,native,
cap.capture.zsl,android,camerax,native,
cap.capture.zsl,linux,v4l2,deny,fallback:cap.capture.still
cap.capture.zsl,linux,libcamera,deny,fallback:cap.capture.still
cap.capture.zsl,linux,pipewire,deny,fallback:none
cap.capture.zsl,win32,mediafoundation,native,
cap.capture.zsl,web,getusermedia,deny,fallback:cap.capture.still
cap.capture.zsl,uvc-direct,uvc,deny,fallback:cap.capture.still
cap.capture.zsl,genicam,sfnc,deny,fallback:cap.capture.still
cap.capture.zsl.reprocess,macos,avfoundation,deny,fallback:cap.capture.zsl
cap.capture.zsl.reprocess,ios,avfoundation,deny,fallback:cap.capture.zsl
cap.capture.zsl.reprocess,android,camera2ndk,native,
cap.capture.zsl.reprocess,android,camerax,deny,CameraX hides reprocessing sessions; no Camera2Interop hook to ImageWriter input
cap.capture.zsl.reprocess,linux,v4l2,deny,fallback:cap.capture.zsl
cap.capture.zsl.reprocess,linux,libcamera,deny,fallback:cap.capture.zsl
cap.capture.zsl.reprocess,linux,pipewire,deny,fallback:none
cap.capture.zsl.reprocess,win32,mediafoundation,deny,fallback:cap.capture.zsl
cap.capture.zsl.reprocess,web,getusermedia,deny,fallback:cap.capture.still
cap.capture.zsl.reprocess,uvc-direct,uvc,deny,fallback:cap.capture.still
cap.capture.zsl.reprocess,genicam,sfnc,deny,fallback:none
cap.capture.responsive,macos,avfoundation,native,
cap.capture.responsive,ios,avfoundation,native,
cap.capture.responsive,android,camera2ndk,deny,fallback:cap.capture.zsl
cap.capture.responsive,android,camerax,deny,fallback:cap.capture.zsl
cap.capture.responsive,linux,v4l2,deny,fallback:cap.capture.still
cap.capture.responsive,linux,libcamera,deny,fallback:cap.capture.still
cap.capture.responsive,linux,pipewire,deny,fallback:none
cap.capture.responsive,win32,mediafoundation,deny,fallback:cap.capture.zsl
cap.capture.responsive,web,getusermedia,deny,fallback:cap.capture.still
cap.capture.responsive,uvc-direct,uvc,deny,fallback:cap.capture.still
cap.capture.responsive,genicam,sfnc,deny,fallback:none
cap.capture.bracket.exposure,macos,avfoundation,native,
cap.capture.bracket.exposure,ios,avfoundation,native,
cap.capture.bracket.exposure,android,camera2ndk,emulate,cap-perframebracket:per-request EV sequence; no native bracket primitive; cost manual timing
cap.capture.bracket.exposure,android,camerax,deny,CameraX has no bracket primitive; Camera2Interop key injection can't sequence per-frame EV reliably
cap.capture.bracket.exposure,linux,v4l2,emulate,cap-perframebracket:S_EXT_CTRLS timed vs DQBUF; cost manual timing; no primitive
cap.capture.bracket.exposure,linux,libcamera,emulate,cap-perframebracket:per-request control queue; cost app orchestration
cap.capture.bracket.exposure,linux,pipewire,deny,fallback:none
cap.capture.bracket.exposure,win32,mediafoundation,native,
cap.capture.bracket.exposure,web,getusermedia,deny,fallback:cap.capture.still
cap.capture.bracket.exposure,uvc-direct,uvc,deny,fallback:cap.capture.still
cap.capture.bracket.exposure,genicam,sfnc,native,
cap.capture.bracket.focus,macos,avfoundation,?,cap-focusbracket:AVCapturePhotoBracketSettings focus-bracket unconfirmed; stays ? per vocab
cap.capture.bracket.focus,ios,avfoundation,?,cap-focusbracket:AVCapturePhotoBracketSettings focus-bracket unconfirmed; stays ? per vocab
cap.capture.bracket.focus,android,camera2ndk,emulate,cap-perframebracket:per-request lens-position sequence; cost manual timing
cap.capture.bracket.focus,android,camerax,deny,CameraX no bracket primitive
cap.capture.bracket.focus,linux,v4l2,emulate,cap-perframebracket:per-frame focus via S_EXT_CTRLS timed vs DQBUF; cost manual timing
cap.capture.bracket.focus,linux,libcamera,emulate,cap-perframebracket:per-request LensPosition queue; cost app orchestration
cap.capture.bracket.focus,linux,pipewire,deny,fallback:none
cap.capture.bracket.focus,win32,mediafoundation,native,
cap.capture.bracket.focus,web,getusermedia,deny,fallback:cap.capture.still
cap.capture.bracket.focus,uvc-direct,uvc,deny,fallback:cap.capture.still
cap.capture.bracket.focus,genicam,sfnc,native,
cap.capture.bracket.lensstabilization,macos,avfoundation,native,
cap.capture.bracket.lensstabilization,ios,avfoundation,native,
cap.capture.bracket.lensstabilization,android,camera2ndk,deny,fallback:cap.capture.bracket.exposure
cap.capture.bracket.lensstabilization,android,camerax,deny,fallback:cap.capture.bracket.exposure
cap.capture.bracket.lensstabilization,linux,v4l2,deny,fallback:none
cap.capture.bracket.lensstabilization,linux,libcamera,deny,fallback:none
cap.capture.bracket.lensstabilization,linux,pipewire,deny,fallback:none
cap.capture.bracket.lensstabilization,win32,mediafoundation,deny,fallback:cap.capture.bracket.exposure
cap.capture.bracket.lensstabilization,web,getusermedia,deny,fallback:cap.capture.still
cap.capture.bracket.lensstabilization,uvc-direct,uvc,deny,fallback:none
cap.capture.bracket.lensstabilization,genicam,sfnc,deny,fallback:none
cap.capture.burst,macos,avfoundation,emulate,cap-perframebracket:repeated capturePhoto submissions; no guaranteed-rate primitive; cost app pacing
cap.capture.burst,ios,avfoundation,emulate,cap-perframebracket:repeated capturePhoto submissions; cost app pacing
cap.capture.burst,android,camera2ndk,native,
cap.capture.burst,android,camerax,emulate,cap-cxinterop:BURST_CAPTURE via Camera2Interop; CameraX has no burst primitive
cap.capture.burst,linux,v4l2,emulate,cap-perframebracket:back-to-back DQBUF; no guaranteed-rate primitive; cost app pacing
cap.capture.burst,linux,libcamera,emulate,cap-perframebracket:queue multiple Requests; cost app pacing
cap.capture.burst,linux,pipewire,deny,fallback:none
cap.capture.burst,win32,mediafoundation,native,
cap.capture.burst,web,getusermedia,deny,fallback:cap.capture.still
cap.capture.burst,uvc-direct,uvc,deny,fallback:cap.capture.still
cap.capture.burst,genicam,sfnc,emulate,cap-perframebracket:FrameBurst trigger acquisition; cost trigger config
cap.capture.constituentdelivery,macos,avfoundation,native,
cap.capture.constituentdelivery,ios,avfoundation,native,
cap.capture.constituentdelivery,android,camera2ndk,deny,fallback:cap.capture.still
cap.capture.constituentdelivery,android,camerax,deny,fallback:cap.capture.still
cap.capture.constituentdelivery,linux,v4l2,deny,fallback:none
cap.capture.constituentdelivery,linux,libcamera,deny,fallback:none
cap.capture.constituentdelivery,linux,pipewire,deny,fallback:none
cap.capture.constituentdelivery,win32,mediafoundation,deny,fallback:cap.capture.still
cap.capture.constituentdelivery,web,getusermedia,deny,fallback:cap.capture.still
cap.capture.constituentdelivery,uvc-direct,uvc,deny,fallback:none
cap.capture.constituentdelivery,genicam,sfnc,deny,fallback:none
cap.capture.stillduringvideo,macos,avfoundation,native,
cap.capture.stillduringvideo,ios,avfoundation,native,
cap.capture.stillduringvideo,android,camera2ndk,native,
cap.capture.stillduringvideo,android,camerax,native,
cap.capture.stillduringvideo,linux,v4l2,deny,fallback:cap.capture.still
cap.capture.stillduringvideo,linux,libcamera,deny,fallback:cap.capture.still
cap.capture.stillduringvideo,linux,pipewire,deny,fallback:none
cap.capture.stillduringvideo,win32,mediafoundation,native,
cap.capture.stillduringvideo,web,getusermedia,deny,fallback:cap.capture.still
cap.capture.stillduringvideo,uvc-direct,uvc,deny,fallback:cap.capture.still
cap.capture.stillduringvideo,genicam,sfnc,deny,fallback:none
cap.capture.hdr.video.tenbit,macos,avfoundation,native,
cap.capture.hdr.video.tenbit,ios,avfoundation,native,
cap.capture.hdr.video.tenbit,android,camera2ndk,native,
cap.capture.hdr.video.tenbit,android,camerax,native,
cap.capture.hdr.video.tenbit,linux,v4l2,deny,fallback:none
cap.capture.hdr.video.tenbit,linux,libcamera,deny,fallback:none
cap.capture.hdr.video.tenbit,linux,pipewire,deny,fallback:none
cap.capture.hdr.video.tenbit,win32,mediafoundation,deny,fallback:none
cap.capture.hdr.video.tenbit,web,getusermedia,deny,fallback:none
cap.capture.hdr.video.tenbit,uvc-direct,uvc,deny,fallback:none
cap.capture.hdr.video.tenbit,genicam,sfnc,native,
cap.capture.hdr.video.hlg,macos,avfoundation,native,
cap.capture.hdr.video.hlg,ios,avfoundation,native,
cap.capture.hdr.video.hlg,android,camera2ndk,native,
cap.capture.hdr.video.hlg,android,camerax,native,
cap.capture.hdr.video.hlg,linux,v4l2,deny,fallback:none
cap.capture.hdr.video.hlg,linux,libcamera,deny,fallback:none
cap.capture.hdr.video.hlg,linux,pipewire,deny,fallback:none
cap.capture.hdr.video.hlg,win32,mediafoundation,deny,fallback:none
cap.capture.hdr.video.hlg,web,getusermedia,deny,fallback:none
cap.capture.hdr.video.hlg,uvc-direct,uvc,deny,fallback:none
cap.capture.hdr.video.hlg,genicam,sfnc,deny,fallback:cap.capture.hdr.video.tenbit
cap.capture.hdr.video.hdr10,macos,avfoundation,deny,fallback:cap.capture.hdr.video.hlg
cap.capture.hdr.video.hdr10,ios,avfoundation,deny,fallback:cap.capture.hdr.video.hlg
cap.capture.hdr.video.hdr10,android,camera2ndk,native,
cap.capture.hdr.video.hdr10,android,camerax,native,
cap.capture.hdr.video.hdr10,linux,v4l2,deny,fallback:none
cap.capture.hdr.video.hdr10,linux,libcamera,deny,fallback:none
cap.capture.hdr.video.hdr10,linux,pipewire,deny,fallback:none
cap.capture.hdr.video.hdr10,win32,mediafoundation,deny,fallback:none
cap.capture.hdr.video.hdr10,web,getusermedia,deny,fallback:none
cap.capture.hdr.video.hdr10,uvc-direct,uvc,deny,fallback:none
cap.capture.hdr.video.hdr10,genicam,sfnc,deny,fallback:cap.capture.hdr.video.tenbit
cap.capture.hdr.video.dolbyvision,macos,avfoundation,deny,fallback:cap.capture.hdr.video.hlg
cap.capture.hdr.video.dolbyvision,ios,avfoundation,deny,fallback:cap.capture.hdr.video.hlg
cap.capture.hdr.video.dolbyvision,android,camera2ndk,native,
cap.capture.hdr.video.dolbyvision,android,camerax,native,
cap.capture.hdr.video.dolbyvision,linux,v4l2,deny,fallback:none
cap.capture.hdr.video.dolbyvision,linux,libcamera,deny,fallback:none
cap.capture.hdr.video.dolbyvision,linux,pipewire,deny,fallback:none
cap.capture.hdr.video.dolbyvision,win32,mediafoundation,deny,fallback:none
cap.capture.hdr.video.dolbyvision,web,getusermedia,deny,fallback:none
cap.capture.hdr.video.dolbyvision,uvc-direct,uvc,deny,fallback:none
cap.capture.hdr.video.dolbyvision,genicam,sfnc,deny,fallback:cap.capture.hdr.video.tenbit
cap.capture.hdr.video.log,macos,avfoundation,deny,cap-iosonly:AppleLog API_UNAVAILABLE(macos) iOS-only; fallback:cap.capture.hdr.video.widegamut
cap.capture.hdr.video.log,ios,avfoundation,native,
cap.capture.hdr.video.log,android,camera2ndk,deny,fallback:none
cap.capture.hdr.video.log,android,camerax,deny,fallback:none
cap.capture.hdr.video.log,linux,v4l2,deny,fallback:none
cap.capture.hdr.video.log,linux,libcamera,deny,fallback:none
cap.capture.hdr.video.log,linux,pipewire,deny,fallback:none
cap.capture.hdr.video.log,win32,mediafoundation,deny,fallback:none
cap.capture.hdr.video.log,web,getusermedia,deny,fallback:none
cap.capture.hdr.video.log,uvc-direct,uvc,deny,fallback:none
cap.capture.hdr.video.log,genicam,sfnc,?,cap-genlog:SFNC tonemap as log-curve unconfirmed; stays ? per vocab
cap.capture.hdr.video.widegamut,macos,avfoundation,native,
cap.capture.hdr.video.widegamut,ios,avfoundation,native,
cap.capture.hdr.video.widegamut,android,camera2ndk,native,
cap.capture.hdr.video.widegamut,android,camerax,emulate,cap-cxinterop:SessionConfiguration.setColorSpace via Camera2Interop
cap.capture.hdr.video.widegamut,linux,v4l2,deny,fallback:none
cap.capture.hdr.video.widegamut,linux,libcamera,deny,fallback:none
cap.capture.hdr.video.widegamut,linux,pipewire,deny,fallback:none
cap.capture.hdr.video.widegamut,win32,mediafoundation,deny,fallback:none
cap.capture.hdr.video.widegamut,web,getusermedia,native,
cap.capture.hdr.video.widegamut,uvc-direct,uvc,deny,fallback:none
cap.capture.hdr.video.widegamut,genicam,sfnc,deny,fallback:none
cap.capture.hdr.video.builtin,macos,avfoundation,deny,fallback:cap.capture.compphoto.implicit
cap.capture.hdr.video.builtin,ios,avfoundation,deny,fallback:cap.capture.compphoto.implicit
cap.capture.hdr.video.builtin,android,camera2ndk,native,
cap.capture.hdr.video.builtin,android,camerax,deny,CameraX has no SCENE_MODE_HDR toggle; Camera2Interop CONTROL_SCENE_MODE injection possible but unmapped
cap.capture.hdr.video.builtin,linux,v4l2,deny,fallback:none
cap.capture.hdr.video.builtin,linux,libcamera,deny,fallback:none
cap.capture.hdr.video.builtin,linux,pipewire,deny,fallback:none
cap.capture.hdr.video.builtin,win32,mediafoundation,native,
cap.capture.hdr.video.builtin,web,getusermedia,deny,fallback:none
cap.capture.hdr.video.builtin,uvc-direct,uvc,emulate,cap-rawuvc:MSXU_CONTROL_VIDEO_HDR via raw XU; cost vendor GUID + firmware
cap.capture.hdr.video.builtin,genicam,sfnc,deny,fallback:none
cap.capture.hdr.still.sensormerge,macos,avfoundation,deny,fallback:cap.capture.compphoto.implicit
cap.capture.hdr.still.sensormerge,ios,avfoundation,deny,fallback:cap.capture.compphoto.implicit
cap.capture.hdr.still.sensormerge,android,camera2ndk,deny,fallback:cap.capture.compphoto.selectable
cap.capture.hdr.still.sensormerge,android,camerax,deny,fallback:cap.capture.compphoto.selectable
cap.capture.hdr.still.sensormerge,linux,v4l2,emulate,cap-v4l2subdev:WIDE_DYNAMIC_RANGE/HDR_SENSOR_MODE ctrl; embedded-Linux; cost sensor-mode select
cap.capture.hdr.still.sensormerge,linux,libcamera,native,
cap.capture.hdr.still.sensormerge,linux,pipewire,deny,fallback:none
cap.capture.hdr.still.sensormerge,win32,mediafoundation,deny,fallback:cap.capture.compphoto.selectable
cap.capture.hdr.still.sensormerge,web,getusermedia,deny,fallback:none
cap.capture.hdr.still.sensormerge,uvc-direct,uvc,deny,fallback:none
cap.capture.hdr.still.sensormerge,genicam,sfnc,deny,fallback:cap.capture.hdr.multislope
cap.capture.hdr.multislope,macos,avfoundation,deny,fallback:none
cap.capture.hdr.multislope,ios,avfoundation,deny,fallback:none
cap.capture.hdr.multislope,android,camera2ndk,deny,fallback:none
cap.capture.hdr.multislope,android,camerax,deny,fallback:none
cap.capture.hdr.multislope,linux,v4l2,emulate,cap-v4l2subdev:HDR_SENSOR_MODE thin knob; no knee-point control; embedded-Linux; cost sensor mode
cap.capture.hdr.multislope,linux,libcamera,deny,fallback:cap.capture.hdr.still.sensormerge
cap.capture.hdr.multislope,linux,pipewire,deny,fallback:none
cap.capture.hdr.multislope,win32,mediafoundation,deny,fallback:none
cap.capture.hdr.multislope,web,getusermedia,deny,fallback:none
cap.capture.hdr.multislope,uvc-direct,uvc,deny,fallback:none
cap.capture.hdr.multislope,genicam,sfnc,native,
cap.capture.highspeed,macos,avfoundation,native,
cap.capture.highspeed,ios,avfoundation,native,
cap.capture.highspeed,android,camera2ndk,native,
cap.capture.highspeed,android,camerax,deny,CameraX hides constrained high-speed sessions; no Camera2Interop session-type hook
cap.capture.highspeed,linux,v4l2,emulate,cap-v4l2fps:high-fps via S_PARM timeperframe if format lists it; cost format dependent
cap.capture.highspeed,linux,libcamera,emulate,cap-fpsformat:high-fps via FrameDurationLimits if mode lists it; cost format dependent
cap.capture.highspeed,linux,pipewire,deny,fallback:none
cap.capture.highspeed,win32,mediafoundation,native,
cap.capture.highspeed,web,getusermedia,deny,fallback:none
cap.capture.highspeed,uvc-direct,uvc,emulate,cap-rawuvc:high-fps frame interval if UVC format lists it; cost format dependent
cap.capture.highspeed,genicam,sfnc,native,
cap.capture.timelapse,macos,avfoundation,emulate,cap-fpsformat:long activeVideoMin/MaxFrameDuration cadence; cost app cadence
cap.capture.timelapse,ios,avfoundation,emulate,cap-fpsformat:long frame-duration cadence; cost app cadence
cap.capture.timelapse,android,camera2ndk,native,
cap.capture.timelapse,android,camerax,emulate,cap-cxinterop:long SENSOR_FRAME_DURATION via Camera2CameraControl
cap.capture.timelapse,linux,v4l2,emulate,cap-v4l2fps:long timeperframe via S_PARM; cost app cadence
cap.capture.timelapse,linux,libcamera,emulate,cap-fpsformat:long FrameDurationLimits; cost app cadence
cap.capture.timelapse,linux,pipewire,deny,fallback:none
cap.capture.timelapse,win32,mediafoundation,emulate,cap-fpsformat:app-paced still cadence; cost app cadence
cap.capture.timelapse,web,getusermedia,deny,fallback:cap.capture.still
cap.capture.timelapse,uvc-direct,uvc,emulate,cap-fpsformat:app-paced frame cadence; cost app cadence
cap.capture.timelapse,genicam,sfnc,native,
cap.capture.compphoto.selectable,macos,avfoundation,deny,cap-iosonly:Apple comp-photo is implicit/uncontrollable; not selectable
cap.capture.compphoto.selectable,ios,avfoundation,deny,cap-iosonly:Apple comp-photo is implicit/uncontrollable; not selectable
cap.capture.compphoto.selectable,android,camera2ndk,native,
cap.capture.compphoto.selectable,android,camerax,native,
cap.capture.compphoto.selectable,linux,v4l2,deny,fallback:none
cap.capture.compphoto.selectable,linux,libcamera,deny,fallback:none
cap.capture.compphoto.selectable,linux,pipewire,deny,fallback:none
cap.capture.compphoto.selectable,win32,mediafoundation,native,
cap.capture.compphoto.selectable,web,getusermedia,deny,fallback:none
cap.capture.compphoto.selectable,uvc-direct,uvc,deny,fallback:none
cap.capture.compphoto.selectable,genicam,sfnc,deny,fallback:none
cap.capture.compphoto.strength,macos,avfoundation,deny,fallback:cap.capture.compphoto.implicit
cap.capture.compphoto.strength,ios,avfoundation,deny,fallback:cap.capture.compphoto.implicit
cap.capture.compphoto.strength,android,camera2ndk,native,
cap.capture.compphoto.strength,android,camerax,emulate,cap-cxinterop:EXTENSION_STRENGTH/CURRENT_TYPE via Camera2Interop extension result; CameraX surfaces mode only
cap.capture.compphoto.strength,linux,v4l2,deny,fallback:none
cap.capture.compphoto.strength,linux,libcamera,deny,fallback:none
cap.capture.compphoto.strength,linux,pipewire,deny,fallback:none
cap.capture.compphoto.strength,win32,mediafoundation,deny,fallback:cap.capture.compphoto.selectable
cap.capture.compphoto.strength,web,getusermedia,deny,fallback:none
cap.capture.compphoto.strength,uvc-direct,uvc,deny,fallback:none
cap.capture.compphoto.strength,genicam,sfnc,deny,fallback:none
cap.capture.compphoto.propertycontrolled,macos,avfoundation,deny,fallback:cap.capture.compphoto.implicit
cap.capture.compphoto.propertycontrolled,ios,avfoundation,deny,fallback:cap.capture.compphoto.implicit
cap.capture.compphoto.propertycontrolled,android,camera2ndk,deny,fallback:cap.capture.compphoto.selectable
cap.capture.compphoto.propertycontrolled,android,camerax,deny,fallback:cap.capture.compphoto.selectable
cap.capture.compphoto.propertycontrolled,linux,v4l2,deny,fallback:none
cap.capture.compphoto.propertycontrolled,linux,libcamera,deny,fallback:none
cap.capture.compphoto.propertycontrolled,linux,pipewire,deny,fallback:none
cap.capture.compphoto.propertycontrolled,win32,mediafoundation,native,
cap.capture.compphoto.propertycontrolled,web,getusermedia,deny,fallback:none
cap.capture.compphoto.propertycontrolled,uvc-direct,uvc,emulate,cap-rawuvc:MSXU_CONTROL_DIGITALWINDOW/_VIDEO_HDR via raw XU; cost vendor GUID + firmware
cap.capture.compphoto.propertycontrolled,genicam,sfnc,deny,fallback:none
cap.capture.compphoto.implicit,macos,avfoundation,?,cap-iosonly:scene-monitoring API shared but implicit comp-photo (Night/SmartHDR/DeepFusion) is iOS-centric; macOS divergence unconfirmed
cap.capture.compphoto.implicit,ios,avfoundation,native,
cap.capture.compphoto.implicit,android,camera2ndk,deny,fallback:cap.capture.compphoto.selectable
cap.capture.compphoto.implicit,android,camerax,deny,fallback:cap.capture.compphoto.selectable
cap.capture.compphoto.implicit,linux,v4l2,deny,fallback:none
cap.capture.compphoto.implicit,linux,libcamera,deny,fallback:none
cap.capture.compphoto.implicit,linux,pipewire,deny,fallback:none
cap.capture.compphoto.implicit,win32,mediafoundation,native,
cap.capture.compphoto.implicit,web,getusermedia,deny,fallback:none
cap.capture.compphoto.implicit,uvc-direct,uvc,deny,fallback:none
cap.capture.compphoto.implicit,genicam,sfnc,deny,fallback:none
cap.capture.compphoto.deferred,macos,avfoundation,deny,cap-deferred:deferral retired per MEL-ENGINE-I; resolve synchronously
cap.capture.compphoto.deferred,ios,avfoundation,deny,cap-deferred:deferral retired per MEL-ENGINE-I; avf proxy not adopted; resolve synchronously
cap.capture.compphoto.deferred,android,camera2ndk,deny,cap-deferred:deferral retired MEL-ENGINE-I
cap.capture.compphoto.deferred,android,camerax,deny,cap-deferred:deferral retired MEL-ENGINE-I
cap.capture.compphoto.deferred,linux,v4l2,deny,cap-deferred:deferral retired MEL-ENGINE-I
cap.capture.compphoto.deferred,linux,libcamera,deny,cap-deferred:deferral retired MEL-ENGINE-I
cap.capture.compphoto.deferred,linux,pipewire,deny,cap-deferred:deferral retired MEL-ENGINE-I
cap.capture.compphoto.deferred,win32,mediafoundation,deny,cap-deferred:deferral retired MEL-ENGINE-I
cap.capture.compphoto.deferred,web,getusermedia,deny,cap-deferred:deferral retired MEL-ENGINE-I
cap.capture.compphoto.deferred,uvc-direct,uvc,deny,cap-deferred:deferral retired MEL-ENGINE-I
cap.capture.compphoto.deferred,genicam,sfnc,deny,cap-deferred:deferral retired MEL-ENGINE-I
cap.capture.onboardencode.h264,macos,avfoundation,emulate,cap-rawuvc:UVC H.264 bitstream via raw isoc; cost manual frame-based payload parse
cap.capture.onboardencode.h264,ios,avfoundation,deny,cap-iosonly:no raw-USB path on iOS sandbox; fallback:none
cap.capture.onboardencode.h264,android,camera2ndk,deny,fallback:none
cap.capture.onboardencode.h264,android,camerax,deny,fallback:none
cap.capture.onboardencode.h264,linux,v4l2,native,
cap.capture.onboardencode.h264,linux,libcamera,deny,fallback:none
cap.capture.onboardencode.h264,linux,pipewire,native,
cap.capture.onboardencode.h264,win32,mediafoundation,native,
cap.capture.onboardencode.h264,web,getusermedia,deny,fallback:none
cap.capture.onboardencode.h264,uvc-direct,uvc,native,
cap.capture.onboardencode.h264,genicam,sfnc,deny,fallback:none
cap.capture.onboardencode.hevc,macos,avfoundation,emulate,cap-rawuvc:HEVC-over-UVC vendor/XU via raw isoc; cost vendor payload parse
cap.capture.onboardencode.hevc,ios,avfoundation,deny,cap-iosonly:no raw-USB path on iOS; fallback:none
cap.capture.onboardencode.hevc,android,camera2ndk,deny,fallback:none
cap.capture.onboardencode.hevc,android,camerax,deny,fallback:none
cap.capture.onboardencode.hevc,linux,v4l2,native,
cap.capture.onboardencode.hevc,linux,libcamera,deny,fallback:none
cap.capture.onboardencode.hevc,linux,pipewire,native,
cap.capture.onboardencode.hevc,win32,mediafoundation,deny,fallback:cap.capture.onboardencode.h264
cap.capture.onboardencode.hevc,web,getusermedia,deny,fallback:none
cap.capture.onboardencode.hevc,uvc-direct,uvc,?,cap-uvchevc:HEVC-over-UVC is vendor/XU not base UVC; stays ? per vocab
cap.capture.onboardencode.hevc,genicam,sfnc,deny,fallback:none
cap.capture.onboardencode.mjpeg,macos,avfoundation,emulate,cap-rawuvc:MJPEG payload off raw isoc; cost manual parse
cap.capture.onboardencode.mjpeg,ios,avfoundation,deny,cap-iosonly:no raw-USB path on iOS; fallback:none
cap.capture.onboardencode.mjpeg,android,camera2ndk,deny,fallback:none
cap.capture.onboardencode.mjpeg,android,camerax,deny,fallback:none
cap.capture.onboardencode.mjpeg,linux,v4l2,native,
cap.capture.onboardencode.mjpeg,linux,libcamera,deny,fallback:none
cap.capture.onboardencode.mjpeg,linux,pipewire,native,
cap.capture.onboardencode.mjpeg,win32,mediafoundation,native,
cap.capture.onboardencode.mjpeg,web,getusermedia,deny,fallback:none
cap.capture.onboardencode.mjpeg,uvc-direct,uvc,native,
cap.capture.onboardencode.mjpeg,genicam,sfnc,deny,fallback:none
cap.capture.onboardencode.othercodec,macos,avfoundation,emulate,cap-rawuvc:VP8/9/TS/DV/VC1 payload off raw isoc; cost manual parse
cap.capture.onboardencode.othercodec,ios,avfoundation,deny,cap-iosonly:no raw-USB path on iOS; fallback:none
cap.capture.onboardencode.othercodec,android,camera2ndk,deny,fallback:none
cap.capture.onboardencode.othercodec,android,camerax,deny,fallback:none
cap.capture.onboardencode.othercodec,linux,v4l2,native,
cap.capture.onboardencode.othercodec,linux,libcamera,deny,fallback:none
cap.capture.onboardencode.othercodec,linux,pipewire,native,
cap.capture.onboardencode.othercodec,win32,mediafoundation,deny,fallback:cap.capture.onboardencode.mjpeg
cap.capture.onboardencode.othercodec,web,getusermedia,deny,fallback:none
cap.capture.onboardencode.othercodec,uvc-direct,uvc,native,
cap.capture.onboardencode.othercodec,genicam,sfnc,deny,fallback:none
cap.capture.onboardencode.bitratectl,macos,avfoundation,emulate,cap-rawuvc:H.264 UVC encoder bitrate/QP/RC via raw XU; cost vendor control units
cap.capture.onboardencode.bitratectl,ios,avfoundation,deny,cap-iosonly:no raw-USB path on iOS; fallback:none
cap.capture.onboardencode.bitratectl,android,camera2ndk,deny,fallback:none
cap.capture.onboardencode.bitratectl,android,camerax,deny,fallback:none
cap.capture.onboardencode.bitratectl,linux,v4l2,deny,fallback:none
cap.capture.onboardencode.bitratectl,linux,libcamera,deny,fallback:none
cap.capture.onboardencode.bitratectl,linux,pipewire,deny,fallback:none
cap.capture.onboardencode.bitratectl,win32,mediafoundation,native,
cap.capture.onboardencode.bitratectl,web,getusermedia,deny,fallback:none
cap.capture.onboardencode.bitratectl,uvc-direct,uvc,native,
cap.capture.onboardencode.bitratectl,genicam,sfnc,deny,fallback:none
cap.capture.onboardencode.keyframe,macos,avfoundation,emulate,cap-rawuvc:force-keyframe/iframe-period via raw XU; cost vendor control units
cap.capture.onboardencode.keyframe,ios,avfoundation,deny,cap-iosonly:no raw-USB path on iOS; fallback:none
cap.capture.onboardencode.keyframe,android,camera2ndk,deny,fallback:none
cap.capture.onboardencode.keyframe,android,camerax,deny,fallback:none
cap.capture.onboardencode.keyframe,linux,v4l2,deny,fallback:none
cap.capture.onboardencode.keyframe,linux,libcamera,deny,fallback:none
cap.capture.onboardencode.keyframe,linux,pipewire,deny,fallback:none
cap.capture.onboardencode.keyframe,win32,mediafoundation,emulate,cap-mfencoder:keyframe via MF UVC encoder property if exposed; cost driver support
cap.capture.onboardencode.keyframe,web,getusermedia,deny,fallback:none
cap.capture.onboardencode.keyframe,uvc-direct,uvc,native,
cap.capture.onboardencode.keyframe,genicam,sfnc,deny,fallback:none
cap.capture.onboardencode.ltr,macos,avfoundation,emulate,cap-rawuvc:LTR frames via raw XU; cost vendor control units
cap.capture.onboardencode.ltr,ios,avfoundation,deny,cap-iosonly:no raw-USB path on iOS; fallback:none
cap.capture.onboardencode.ltr,android,camera2ndk,deny,fallback:none
cap.capture.onboardencode.ltr,android,camerax,deny,fallback:none
cap.capture.onboardencode.ltr,linux,v4l2,deny,fallback:none
cap.capture.onboardencode.ltr,linux,libcamera,deny,fallback:none
cap.capture.onboardencode.ltr,linux,pipewire,deny,fallback:none
cap.capture.onboardencode.ltr,win32,mediafoundation,emulate,cap-mfencoder:LTR via MF UVC encoder property if exposed; cost driver support
cap.capture.onboardencode.ltr,web,getusermedia,deny,fallback:none
cap.capture.onboardencode.ltr,uvc-direct,uvc,native,
cap.capture.onboardencode.ltr,genicam,sfnc,deny,fallback:none
cap.capture.onboardencode.gopconfig,macos,avfoundation,emulate,cap-rawuvc:slice/CABAC/SEI/reorder/leaky-bucket via raw XU; cost vendor control units
cap.capture.onboardencode.gopconfig,ios,avfoundation,deny,cap-iosonly:no raw-USB path on iOS; fallback:none
cap.capture.onboardencode.gopconfig,android,camera2ndk,deny,fallback:none
cap.capture.onboardencode.gopconfig,android,camerax,deny,fallback:none
cap.capture.onboardencode.gopconfig,linux,v4l2,deny,fallback:none
cap.capture.onboardencode.gopconfig,linux,libcamera,deny,fallback:none
cap.capture.onboardencode.gopconfig,linux,pipewire,deny,fallback:none
cap.capture.onboardencode.gopconfig,win32,mediafoundation,emulate,cap-mfencoder:GOP/slice params via MF UVC encoder property if exposed; cost driver support
cap.capture.onboardencode.gopconfig,web,getusermedia,deny,fallback:none
cap.capture.onboardencode.gopconfig,uvc-direct,uvc,native,
cap.capture.onboardencode.gopconfig,genicam,sfnc,deny,fallback:none
cap.capture.stillpipe.method,macos,avfoundation,emulate,cap-rawuvc:VS_STILL_PROBE/COMMIT via raw UVC control transfer; cost manual negotiation
cap.capture.stillpipe.method,ios,avfoundation,deny,cap-iosonly:no raw-USB path on iOS; fallback:none
cap.capture.stillpipe.method,android,camera2ndk,deny,fallback:cap.capture.still
cap.capture.stillpipe.method,android,camerax,deny,fallback:cap.capture.still
cap.capture.stillpipe.method,linux,v4l2,deny,uvcvideo exposes no separate still trigger; stills from video stream
cap.capture.stillpipe.method,linux,libcamera,deny,fallback:cap.capture.still
cap.capture.stillpipe.method,linux,pipewire,deny,fallback:none
cap.capture.stillpipe.method,win32,mediafoundation,deny,usbvideo handles still pin internally; no app negotiation
cap.capture.stillpipe.method,web,getusermedia,deny,fallback:cap.capture.still
cap.capture.stillpipe.method,uvc-direct,uvc,native,
cap.capture.stillpipe.method,genicam,sfnc,deny,fallback:none
cap.capture.stillpipe.trigger,macos,avfoundation,emulate,cap-rawuvc:VS_STILL_IMAGE_TRIGGER via raw UVC control transfer; cost manual trigger
cap.capture.stillpipe.trigger,ios,avfoundation,deny,cap-iosonly:no raw-USB path on iOS; fallback:none
cap.capture.stillpipe.trigger,android,camera2ndk,deny,fallback:cap.capture.still
cap.capture.stillpipe.trigger,android,camerax,deny,fallback:cap.capture.still
cap.capture.stillpipe.trigger,linux,v4l2,deny,no V4L2 still-trigger ioctl
cap.capture.stillpipe.trigger,linux,libcamera,deny,fallback:cap.capture.still
cap.capture.stillpipe.trigger,linux,pipewire,deny,fallback:none
cap.capture.stillpipe.trigger,win32,mediafoundation,deny,still trigger internal to usbvideo
cap.capture.stillpipe.trigger,web,getusermedia,deny,fallback:cap.capture.still
cap.capture.stillpipe.trigger,uvc-direct,uvc,native,
cap.capture.stillpipe.trigger,genicam,sfnc,deny,fallback:cap.capture.trigger.software
cap.capture.stillpipe.hwbutton,macos,avfoundation,emulate,cap-rawuvc:hardware-button via Status-Interrupt endpoint raw read; cost manual interrupt parse
cap.capture.stillpipe.hwbutton,ios,avfoundation,deny,cap-iosonly:no raw-USB path on iOS; fallback:none
cap.capture.stillpipe.hwbutton,android,camera2ndk,deny,fallback:none
cap.capture.stillpipe.hwbutton,android,camerax,deny,fallback:none
cap.capture.stillpipe.hwbutton,linux,v4l2,deny,fallback:none
cap.capture.stillpipe.hwbutton,linux,libcamera,deny,fallback:none
cap.capture.stillpipe.hwbutton,linux,pipewire,deny,fallback:none
cap.capture.stillpipe.hwbutton,win32,mediafoundation,deny,fallback:none
cap.capture.stillpipe.hwbutton,web,getusermedia,deny,fallback:none
cap.capture.stillpipe.hwbutton,uvc-direct,uvc,native,
cap.capture.stillpipe.hwbutton,genicam,sfnc,deny,fallback:cap.capture.trigger.hardwareline
cap.capture.trigger.software,macos,avfoundation,emulate,cap-trigsw:per-request capture submit is the closest software single-shot; cost no hw-trigger semantics
cap.capture.trigger.software,ios,avfoundation,emulate,cap-trigsw:per-request capture submit; cost no hw-trigger semantics
cap.capture.trigger.software,android,camera2ndk,emulate,cap-trigsw:per-request submit is closest software trigger; cost no hw-trigger semantics
cap.capture.trigger.software,android,camerax,emulate,cap-trigsw:takePicture is closest software trigger; cost no hw-trigger semantics
cap.capture.trigger.software,linux,v4l2,emulate,cap-trigsw:per-DQBUF pull is closest; cost no hw-trigger semantics
cap.capture.trigger.software,linux,libcamera,emulate,cap-trigsw:per-Request queue is closest; cost no hw-trigger semantics
cap.capture.trigger.software,linux,pipewire,deny,fallback:none
cap.capture.trigger.software,win32,mediafoundation,emulate,cap-trigsw:LowLagPhoto capture is closest; cost no hw-trigger semantics
cap.capture.trigger.software,web,getusermedia,emulate,cap-trigsw:takePhoto is closest; cost no hw-trigger semantics
cap.capture.trigger.software,uvc-direct,uvc,emulate,cap-rawuvc:VS_STILL_IMAGE_TRIGGER as software trigger; cost manual
cap.capture.trigger.software,genicam,sfnc,native,
cap.capture.trigger.acquisitioncontrol,macos,avfoundation,emulate,cap-acqctl:session/repeating-request start/stop is closest; cost no single-frame acq mode
cap.capture.trigger.acquisitioncontrol,ios,avfoundation,emulate,cap-acqctl:session start/stop; cost no single-frame acq mode
cap.capture.trigger.acquisitioncontrol,android,camera2ndk,emulate,cap-acqctl:setRepeatingRequest start/stop; cost no single-frame acq mode
cap.capture.trigger.acquisitioncontrol,android,camerax,emulate,cap-acqctl:bindToLifecycle/unbind start/stop; cost no single-frame acq mode
cap.capture.trigger.acquisitioncontrol,linux,v4l2,emulate,cap-acqctl:STREAMON/STREAMOFF start/stop; cost no AcquisitionMode select
cap.capture.trigger.acquisitioncontrol,linux,libcamera,emulate,cap-acqctl:Camera start()/stop(); cost no single-frame acq mode
cap.capture.trigger.acquisitioncontrol,linux,pipewire,deny,fallback:none
cap.capture.trigger.acquisitioncontrol,win32,mediafoundation,emulate,cap-acqctl:StartPreview/StopRecord start/stop; cost no single-frame acq mode
cap.capture.trigger.acquisitioncontrol,web,getusermedia,emulate,cap-acqctl:track enabled/stop() start/stop; cost no acq mode
cap.capture.trigger.acquisitioncontrol,uvc-direct,uvc,emulate,cap-acqctl:stream on/off via probe/commit + isoc; cost manual
cap.capture.trigger.acquisitioncontrol,genicam,sfnc,native,
cap.capture.trigger.hardwareline,macos,avfoundation,deny,fallback:cap.capture.trigger.software
cap.capture.trigger.hardwareline,ios,avfoundation,deny,fallback:cap.capture.trigger.software
cap.capture.trigger.hardwareline,android,camera2ndk,deny,fallback:cap.capture.trigger.software
cap.capture.trigger.hardwareline,android,camerax,deny,fallback:cap.capture.trigger.software
cap.capture.trigger.hardwareline,linux,v4l2,deny,fallback:cap.capture.trigger.software
cap.capture.trigger.hardwareline,linux,libcamera,deny,fallback:cap.capture.trigger.software
cap.capture.trigger.hardwareline,linux,pipewire,deny,fallback:none
cap.capture.trigger.hardwareline,win32,mediafoundation,deny,fallback:cap.capture.trigger.software
cap.capture.trigger.hardwareline,web,getusermedia,deny,fallback:cap.capture.trigger.software
cap.capture.trigger.hardwareline,uvc-direct,uvc,deny,fallback:cap.capture.trigger.software
cap.capture.trigger.hardwareline,genicam,sfnc,native,
cap.capture.trigger.scheduled,macos,avfoundation,deny,fallback:cap.capture.trigger.software
cap.capture.trigger.scheduled,ios,avfoundation,deny,fallback:cap.capture.trigger.software
cap.capture.trigger.scheduled,android,camera2ndk,deny,fallback:cap.capture.trigger.software
cap.capture.trigger.scheduled,android,camerax,deny,fallback:cap.capture.trigger.software
cap.capture.trigger.scheduled,linux,v4l2,deny,fallback:cap.capture.trigger.software
cap.capture.trigger.scheduled,linux,libcamera,deny,fallback:cap.capture.trigger.software
cap.capture.trigger.scheduled,linux,pipewire,deny,fallback:none
cap.capture.trigger.scheduled,win32,mediafoundation,deny,fallback:cap.capture.trigger.software
cap.capture.trigger.scheduled,web,getusermedia,deny,fallback:cap.capture.trigger.software
cap.capture.trigger.scheduled,uvc-direct,uvc,deny,fallback:cap.capture.trigger.software
cap.capture.trigger.scheduled,genicam,sfnc,native,
cap.capture.sequencer,macos,avfoundation,deny,fallback:cap.capture.bracket.exposure
cap.capture.sequencer,ios,avfoundation,deny,fallback:cap.capture.bracket.exposure
cap.capture.sequencer,android,camera2ndk,deny,fallback:cap.capture.bracket.exposure
cap.capture.sequencer,android,camerax,deny,fallback:cap.capture.bracket.exposure
cap.capture.sequencer,linux,v4l2,deny,fallback:cap.capture.bracket.exposure
cap.capture.sequencer,linux,libcamera,deny,fallback:cap.capture.bracket.exposure
cap.capture.sequencer,linux,pipewire,deny,fallback:none
cap.capture.sequencer,win32,mediafoundation,deny,fallback:cap.capture.bracket.exposure
cap.capture.sequencer,web,getusermedia,deny,fallback:none
cap.capture.sequencer,uvc-direct,uvc,deny,fallback:none
cap.capture.sequencer,genicam,sfnc,native,
cap.capture.userset,macos,avfoundation,deny,fallback:none
cap.capture.userset,ios,avfoundation,deny,fallback:none
cap.capture.userset,android,camera2ndk,deny,fallback:none
cap.capture.userset,android,camerax,deny,fallback:none
cap.capture.userset,linux,v4l2,deny,fallback:none
cap.capture.userset,linux,libcamera,deny,fallback:none
cap.capture.userset,linux,pipewire,deny,fallback:none
cap.capture.userset,win32,mediafoundation,deny,fallback:none
cap.capture.userset,web,getusermedia,deny,fallback:none
cap.capture.userset,uvc-direct,uvc,deny,fallback:none
cap.capture.userset,genicam,sfnc,native,
cap.depth.map.float,macos,avfoundation,?,dep-macdepth
cap.depth.map.float,ios,avfoundation,native,dep-iosdepth
cap.depth.map.float,android,camera2ndk,native,dep-c2depth
cap.depth.map.float,android,camerax,emulate,dep-cxinterop
cap.depth.map.float,linux,v4l2,native,dep-v4l2depth
cap.depth.map.float,linux,libcamera,deny,dep-lc2d
cap.depth.map.float,linux,pipewire,deny,dep-pwtransport
cap.depth.map.float,win32,mediafoundation,native,dep-mfdepth
cap.depth.map.float,web,getusermedia,deny,dep-webnodepth
cap.depth.map.float,uvc-direct,uvc,deny,dep-uvcdepthvendor
cap.depth.map.float,genicam,sfnc,native,dep-genscan3d
cap.depth.map.disparity,macos,avfoundation,?,dep-macdepth
cap.depth.map.disparity,ios,avfoundation,native,dep-iosdepth
cap.depth.map.disparity,android,camera2ndk,deny,dep-c2nodisparity
cap.depth.map.disparity,android,camerax,deny,dep-c2nodisparity
cap.depth.map.disparity,linux,v4l2,deny,dep-depthfallback
cap.depth.map.disparity,linux,libcamera,deny,dep-lc2d
cap.depth.map.disparity,linux,pipewire,deny,dep-pwtransport
cap.depth.map.disparity,win32,mediafoundation,deny,dep-depthfallback
cap.depth.map.disparity,web,getusermedia,deny,dep-webnodepth
cap.depth.map.disparity,uvc-direct,uvc,deny,dep-uvcdepthvendor
cap.depth.map.disparity,genicam,sfnc,native,dep-genscan3d
cap.depth.pointcloud,macos,avfoundation,deny,dep-nopointcloud
cap.depth.pointcloud,ios,avfoundation,deny,dep-nopointcloud
cap.depth.pointcloud,android,camera2ndk,native,dep-c2depth
cap.depth.pointcloud,android,camerax,emulate,dep-cxinterop
cap.depth.pointcloud,linux,v4l2,deny,dep-nopointcloud
cap.depth.pointcloud,linux,libcamera,deny,dep-lc2d
cap.depth.pointcloud,linux,pipewire,deny,dep-pwtransport
cap.depth.pointcloud,win32,mediafoundation,deny,dep-nopointcloud
cap.depth.pointcloud,web,getusermedia,deny,dep-webnodepth
cap.depth.pointcloud,uvc-direct,uvc,deny,dep-uvcdepthvendor
cap.depth.pointcloud,genicam,sfnc,native,dep-genscan3d
cap.depth.accuracy,macos,avfoundation,?,dep-macdepth
cap.depth.accuracy,ios,avfoundation,native,dep-iosdepth
cap.depth.accuracy,android,camera2ndk,deny,dep-c2noaccuracy
cap.depth.accuracy,android,camerax,deny,dep-c2noaccuracy
cap.depth.accuracy,linux,v4l2,deny,dep-depthfallback
cap.depth.accuracy,linux,libcamera,deny,dep-lc2d
cap.depth.accuracy,linux,pipewire,deny,dep-pwtransport
cap.depth.accuracy,win32,mediafoundation,native,dep-mfreliable
cap.depth.accuracy,web,getusermedia,deny,dep-webnodepth
cap.depth.accuracy,uvc-direct,uvc,deny,dep-uvcdepthvendor
cap.depth.accuracy,genicam,sfnc,deny,dep-depthfallback
cap.depth.quality,macos,avfoundation,?,dep-macdepth
cap.depth.quality,ios,avfoundation,native,dep-iosdepth
cap.depth.quality,android,camera2ndk,deny,dep-depthfallback
cap.depth.quality,android,camerax,deny,dep-depthfallback
cap.depth.quality,linux,v4l2,deny,dep-depthfallback
cap.depth.quality,linux,libcamera,deny,dep-lc2d
cap.depth.quality,linux,pipewire,deny,dep-pwtransport
cap.depth.quality,win32,mediafoundation,deny,dep-depthfallback
cap.depth.quality,web,getusermedia,deny,dep-webnodepth
cap.depth.quality,uvc-direct,uvc,deny,dep-uvcdepthvendor
cap.depth.quality,genicam,sfnc,deny,dep-depthfallback
cap.depth.confidence,macos,avfoundation,deny,dep-noconf
cap.depth.confidence,ios,avfoundation,deny,dep-noconf
cap.depth.confidence,android,camera2ndk,deny,dep-noconf
cap.depth.confidence,android,camerax,deny,dep-noconf
cap.depth.confidence,linux,v4l2,native,dep-v4l2conf
cap.depth.confidence,linux,libcamera,deny,dep-lc2d
cap.depth.confidence,linux,pipewire,deny,dep-pwtransport
cap.depth.confidence,win32,mediafoundation,deny,dep-noconf
cap.depth.confidence,web,getusermedia,deny,dep-webnodepth
cap.depth.confidence,uvc-direct,uvc,deny,dep-uvcdepthvendor
cap.depth.confidence,genicam,sfnc,native,dep-genconf
cap.depth.invalid,macos,avfoundation,deny,dep-geninvalidonly
cap.depth.invalid,ios,avfoundation,deny,dep-geninvalidonly
cap.depth.invalid,android,camera2ndk,deny,dep-geninvalidonly
cap.depth.invalid,android,camerax,deny,dep-geninvalidonly
cap.depth.invalid,linux,v4l2,deny,dep-geninvalidonly
cap.depth.invalid,linux,libcamera,deny,dep-lc2d
cap.depth.invalid,linux,pipewire,deny,dep-pwtransport
cap.depth.invalid,win32,mediafoundation,deny,dep-geninvalidonly
cap.depth.invalid,web,getusermedia,deny,dep-webnodepth
cap.depth.invalid,uvc-direct,uvc,deny,dep-uvcdepthvendor
cap.depth.invalid,genicam,sfnc,native,dep-geninvalid
cap.depth.unit,macos,avfoundation,deny,dep-nounit
cap.depth.unit,ios,avfoundation,deny,dep-nounit
cap.depth.unit,android,camera2ndk,deny,dep-nounit
cap.depth.unit,android,camerax,deny,dep-nounit
cap.depth.unit,linux,v4l2,deny,dep-nounit
cap.depth.unit,linux,libcamera,deny,dep-lc2d
cap.depth.unit,linux,pipewire,deny,dep-pwtransport
cap.depth.unit,win32,mediafoundation,native,dep-mfunit
cap.depth.unit,web,getusermedia,deny,dep-webnodepth
cap.depth.unit,uvc-direct,uvc,deny,dep-uvcdepthvendor
cap.depth.unit,genicam,sfnc,native,dep-genunit
cap.depth.filter,macos,avfoundation,?,dep-macdepth
cap.depth.filter,ios,avfoundation,native,dep-iosdepth
cap.depth.filter,android,camera2ndk,deny,dep-nofilter
cap.depth.filter,android,camerax,deny,dep-nofilter
cap.depth.filter,linux,v4l2,deny,dep-nofilter
cap.depth.filter,linux,libcamera,deny,dep-lc2d
cap.depth.filter,linux,pipewire,deny,dep-pwtransport
cap.depth.filter,win32,mediafoundation,deny,dep-nofilter
cap.depth.filter,web,getusermedia,deny,dep-webnodepth
cap.depth.filter,uvc-direct,uvc,deny,dep-uvcdepthvendor
cap.depth.filter,genicam,sfnc,deny,dep-nofilter
cap.depth.format.convert,macos,avfoundation,?,dep-macdepth
cap.depth.format.convert,ios,avfoundation,native,dep-iosdepth
cap.depth.format.convert,android,camera2ndk,deny,dep-noconvert
cap.depth.format.convert,android,camerax,deny,dep-noconvert
cap.depth.format.convert,linux,v4l2,deny,dep-noconvert
cap.depth.format.convert,linux,libcamera,deny,dep-lc2d
cap.depth.format.convert,linux,pipewire,deny,dep-pwtransport
cap.depth.format.convert,win32,mediafoundation,deny,dep-noconvert
cap.depth.format.convert,web,getusermedia,deny,dep-webnodepth
cap.depth.format.convert,uvc-direct,uvc,deny,dep-uvcdepthvendor
cap.depth.format.convert,genicam,sfnc,deny,dep-noconvert
cap.depth.stream.rate,macos,avfoundation,?,dep-macdepth
cap.depth.stream.rate,ios,avfoundation,native,dep-iosdepth
cap.depth.stream.rate,android,camera2ndk,native,dep-c2depth
cap.depth.stream.rate,android,camerax,emulate,dep-cxinterop
cap.depth.stream.rate,linux,v4l2,deny,dep-norate
cap.depth.stream.rate,linux,libcamera,deny,dep-lc2d
cap.depth.stream.rate,linux,pipewire,deny,dep-pwtransport
cap.depth.stream.rate,win32,mediafoundation,deny,dep-norate
cap.depth.stream.rate,web,getusermedia,deny,dep-webnodepth
cap.depth.stream.rate,uvc-direct,uvc,deny,dep-uvcdepthvendor
cap.depth.stream.rate,genicam,sfnc,deny,dep-norate
cap.depth.still,macos,avfoundation,deny,dep-macdepth
cap.depth.still,ios,avfoundation,native,dep-iosdepth
cap.depth.still,android,camera2ndk,native,dep-c2depthjpeg
cap.depth.still,android,camerax,emulate,dep-cxinterop
cap.depth.still,linux,v4l2,deny,dep-nostill
cap.depth.still,linux,libcamera,deny,dep-lc2d
cap.depth.still,linux,pipewire,deny,dep-pwtransport
cap.depth.still,win32,mediafoundation,deny,dep-nostill
cap.depth.still,web,getusermedia,deny,dep-webnodepth
cap.depth.still,uvc-direct,uvc,deny,dep-uvcdepthvendor
cap.depth.still,genicam,sfnc,deny,dep-nostill
cap.depth.exclusive,macos,avfoundation,deny,dep-noexclusive
cap.depth.exclusive,ios,avfoundation,deny,dep-noexclusive
cap.depth.exclusive,android,camera2ndk,native,dep-c2depth
cap.depth.exclusive,android,camerax,emulate,dep-cxinterop
cap.depth.exclusive,linux,v4l2,deny,dep-noexclusive
cap.depth.exclusive,linux,libcamera,deny,dep-lc2d
cap.depth.exclusive,linux,pipewire,deny,dep-pwtransport
cap.depth.exclusive,win32,mediafoundation,deny,dep-noexclusive
cap.depth.exclusive,web,getusermedia,deny,dep-webnodepth
cap.depth.exclusive,uvc-direct,uvc,deny,dep-uvcdepthvendor
cap.depth.exclusive,genicam,sfnc,deny,dep-noexclusive
cap.depth.coordmap,macos,avfoundation,deny,dep-nocoordmap
cap.depth.coordmap,ios,avfoundation,deny,dep-nocoordmap
cap.depth.coordmap,android,camera2ndk,deny,dep-nocoordmap
cap.depth.coordmap,android,camerax,deny,dep-nocoordmap
cap.depth.coordmap,linux,v4l2,deny,dep-nocoordmap
cap.depth.coordmap,linux,libcamera,deny,dep-lc2d
cap.depth.coordmap,linux,pipewire,deny,dep-pwtransport
cap.depth.coordmap,win32,mediafoundation,native,dep-mfcoordmap
cap.depth.coordmap,web,getusermedia,deny,dep-webnodepth
cap.depth.coordmap,uvc-direct,uvc,deny,dep-uvcdepthvendor
cap.depth.coordmap,genicam,sfnc,deny,dep-nocoordmap
cap.depth.zoom.cofeasible,macos,avfoundation,deny,dep-macdepth
cap.depth.zoom.cofeasible,ios,avfoundation,native,dep-iosdepth
cap.depth.zoom.cofeasible,android,camera2ndk,deny,dep-nozoomco
cap.depth.zoom.cofeasible,android,camerax,deny,dep-nozoomco
cap.depth.zoom.cofeasible,linux,v4l2,deny,dep-nozoomco
cap.depth.zoom.cofeasible,linux,libcamera,deny,dep-lc2d
cap.depth.zoom.cofeasible,linux,pipewire,deny,dep-pwtransport
cap.depth.zoom.cofeasible,win32,mediafoundation,deny,dep-nozoomco
cap.depth.zoom.cofeasible,web,getusermedia,deny,dep-webnodepth
cap.depth.zoom.cofeasible,uvc-direct,uvc,deny,dep-uvcdepthvendor
cap.depth.zoom.cofeasible,genicam,sfnc,deny,dep-nozoomco
cap.depth.raw.tof,macos,avfoundation,deny,dep-ceilingdeny
cap.depth.raw.tof,ios,avfoundation,deny,dep-ceilingdeny
cap.depth.raw.tof,android,camera2ndk,deny,dep-ceilingdeny
cap.depth.raw.tof,android,camerax,deny,dep-ceilingdeny
cap.depth.raw.tof,linux,v4l2,?,dep-ceilinghal
cap.depth.raw.tof,linux,libcamera,?,dep-ceilinghal
cap.depth.raw.tof,linux,pipewire,deny,dep-ceilingdeny
cap.depth.raw.tof,win32,mediafoundation,deny,dep-ceilingdeny
cap.depth.raw.tof,web,getusermedia,deny,dep-ceilingdeny
cap.depth.raw.tof,uvc-direct,uvc,deny,dep-ceilingdeny
cap.depth.raw.tof,genicam,sfnc,deny,dep-ceilingdeny
cap.depth.raw.structured,macos,avfoundation,deny,dep-ceilingdeny
cap.depth.raw.structured,ios,avfoundation,deny,dep-ceilingdeny
cap.depth.raw.structured,android,camera2ndk,deny,dep-ceilingdeny
cap.depth.raw.structured,android,camerax,deny,dep-ceilingdeny
cap.depth.raw.structured,linux,v4l2,?,dep-ceilinghal
cap.depth.raw.structured,linux,libcamera,?,dep-ceilinghal
cap.depth.raw.structured,linux,pipewire,deny,dep-ceilingdeny
cap.depth.raw.structured,win32,mediafoundation,deny,dep-ceilingdeny
cap.depth.raw.structured,web,getusermedia,deny,dep-ceilingdeny
cap.depth.raw.structured,uvc-direct,uvc,deny,dep-ceilingdeny
cap.depth.raw.structured,genicam,sfnc,deny,dep-ceilingdeny
cap.depth.raw.lidar,macos,avfoundation,deny,dep-ceilingdeny
cap.depth.raw.lidar,ios,avfoundation,deny,dep-ceilingdeny
cap.depth.raw.lidar,android,camera2ndk,deny,dep-ceilingdeny
cap.depth.raw.lidar,android,camerax,deny,dep-ceilingdeny
cap.depth.raw.lidar,linux,v4l2,?,dep-ceilinghal
cap.depth.raw.lidar,linux,libcamera,?,dep-ceilinghal
cap.depth.raw.lidar,linux,pipewire,deny,dep-ceilingdeny
cap.depth.raw.lidar,win32,mediafoundation,deny,dep-ceilingdeny
cap.depth.raw.lidar,web,getusermedia,deny,dep-ceilingdeny
cap.depth.raw.lidar,uvc-direct,uvc,deny,dep-ceilingdeny
cap.depth.raw.lidar,genicam,sfnc,deny,dep-ceilingdeny
cap.depth.pdaf.raw,macos,avfoundation,deny,dep-ceilingdeny
cap.depth.pdaf.raw,ios,avfoundation,deny,dep-ceilingdeny
cap.depth.pdaf.raw,android,camera2ndk,deny,dep-ceilingdeny
cap.depth.pdaf.raw,android,camerax,deny,dep-ceilingdeny
cap.depth.pdaf.raw,linux,v4l2,?,dep-ceilinghal
cap.depth.pdaf.raw,linux,libcamera,?,dep-ceilinghal
cap.depth.pdaf.raw,linux,pipewire,deny,dep-ceilingdeny
cap.depth.pdaf.raw,win32,mediafoundation,deny,dep-ceilingdeny
cap.depth.pdaf.raw,web,getusermedia,deny,dep-ceilingdeny
cap.depth.pdaf.raw,uvc-direct,uvc,deny,dep-ceilingdeny
cap.depth.pdaf.raw,genicam,sfnc,deny,dep-ceilingdeny
cap.depth.container.multicomponent,macos,avfoundation,deny,dep-ceilingdeny
cap.depth.container.multicomponent,ios,avfoundation,deny,dep-ceilingdeny
cap.depth.container.multicomponent,android,camera2ndk,deny,dep-ceilingdeny
cap.depth.container.multicomponent,android,camerax,deny,dep-ceilingdeny
cap.depth.container.multicomponent,linux,v4l2,deny,dep-ceilingdeny
cap.depth.container.multicomponent,linux,libcamera,deny,dep-ceilingdeny
cap.depth.container.multicomponent,linux,pipewire,deny,dep-ceilingdeny
cap.depth.container.multicomponent,win32,mediafoundation,deny,dep-ceilingdeny
cap.depth.container.multicomponent,web,getusermedia,deny,dep-ceilingdeny
cap.depth.container.multicomponent,uvc-direct,uvc,deny,dep-ceilingdeny
cap.depth.container.multicomponent,genicam,sfnc,native,dep-gendc
cap.seg.matte.portrait,macos,avfoundation,deny,dep-iosmatte
cap.seg.matte.portrait,ios,avfoundation,native,dep-iosmatte
cap.seg.matte.portrait,android,camera2ndk,deny,dep-noseg
cap.seg.matte.portrait,android,camerax,deny,dep-noseg
cap.seg.matte.portrait,linux,v4l2,deny,dep-noseg
cap.seg.matte.portrait,linux,libcamera,deny,dep-noseg
cap.seg.matte.portrait,linux,pipewire,deny,dep-pwtransport
cap.seg.matte.portrait,win32,mediafoundation,native,dep-mfmask
cap.seg.matte.portrait,web,getusermedia,deny,dep-webnoseg
cap.seg.matte.portrait,uvc-direct,uvc,deny,dep-uvcsegvendor
cap.seg.matte.portrait,genicam,sfnc,deny,dep-genonoeffect
cap.seg.matte.semantic,macos,avfoundation,deny,dep-iosmatte
cap.seg.matte.semantic,ios,avfoundation,native,dep-iosmatte
cap.seg.matte.semantic,android,camera2ndk,deny,dep-noseg
cap.seg.matte.semantic,android,camerax,deny,dep-noseg
cap.seg.matte.semantic,linux,v4l2,deny,dep-noseg
cap.seg.matte.semantic,linux,libcamera,deny,dep-noseg
cap.seg.matte.semantic,linux,pipewire,deny,dep-pwtransport
cap.seg.matte.semantic,win32,mediafoundation,deny,dep-nosemantic
cap.seg.matte.semantic,web,getusermedia,deny,dep-webnoseg
cap.seg.matte.semantic,uvc-direct,uvc,deny,dep-uvcsegvendor
cap.seg.matte.semantic,genicam,sfnc,deny,dep-genonoeffect
cap.seg.mask.person,macos,avfoundation,deny,dep-segmaskfallback
cap.seg.mask.person,ios,avfoundation,deny,dep-segmaskfallback
cap.seg.mask.person,android,camera2ndk,deny,dep-noseg
cap.seg.mask.person,android,camerax,deny,dep-noseg
cap.seg.mask.person,linux,v4l2,deny,dep-noseg
cap.seg.mask.person,linux,libcamera,deny,dep-noseg
cap.seg.mask.person,linux,pipewire,deny,dep-pwtransport
cap.seg.mask.person,win32,mediafoundation,native,dep-mfmask
cap.seg.mask.person,web,getusermedia,?,dep-webmaskexp
cap.seg.mask.person,uvc-direct,uvc,deny,dep-uvcsegvendor
cap.seg.mask.person,genicam,sfnc,deny,dep-genonoeffect
cap.seg.matte.orient,macos,avfoundation,deny,dep-iosmatte
cap.seg.matte.orient,ios,avfoundation,native,dep-iosmatte
cap.seg.matte.orient,android,camera2ndk,deny,dep-noseg
cap.seg.matte.orient,android,camerax,deny,dep-noseg
cap.seg.matte.orient,linux,v4l2,deny,dep-noseg
cap.seg.matte.orient,linux,libcamera,deny,dep-noseg
cap.seg.matte.orient,linux,pipewire,deny,dep-pwtransport
cap.seg.matte.orient,win32,mediafoundation,deny,dep-noorient
cap.seg.matte.orient,web,getusermedia,deny,dep-webnoseg
cap.seg.matte.orient,uvc-direct,uvc,deny,dep-uvcsegvendor
cap.seg.matte.orient,genicam,sfnc,deny,dep-genonoeffect
cap.calib.intrinsics.matrix,macos,avfoundation,emulate,dep-rawuvc
cap.calib.intrinsics.matrix,ios,avfoundation,native,dep-avfcalib
cap.calib.intrinsics.matrix,android,camera2ndk,native,dep-c2calib
cap.calib.intrinsics.matrix,android,camerax,emulate,dep-cxinterop
cap.calib.intrinsics.matrix,linux,v4l2,emulate,dep-rawuvc
cap.calib.intrinsics.matrix,linux,libcamera,deny,dep-lcnocalib
cap.calib.intrinsics.matrix,linux,pipewire,deny,dep-pwtransport
cap.calib.intrinsics.matrix,win32,mediafoundation,native,dep-mfintrinsics
cap.calib.intrinsics.matrix,web,getusermedia,deny,dep-webnocalib
cap.calib.intrinsics.matrix,uvc-direct,uvc,native,dep-msxucalib
cap.calib.intrinsics.matrix,genicam,sfnc,native,dep-genscan3d
cap.calib.intrinsics.perframe,macos,avfoundation,native,dep-avfperframe
cap.calib.intrinsics.perframe,ios,avfoundation,native,dep-avfperframe
cap.calib.intrinsics.perframe,android,camera2ndk,deny,dep-noperframe
cap.calib.intrinsics.perframe,android,camerax,deny,dep-noperframe
cap.calib.intrinsics.perframe,linux,v4l2,native,dep-v4l2d4xx
cap.calib.intrinsics.perframe,linux,libcamera,deny,dep-lcnocalib
cap.calib.intrinsics.perframe,linux,pipewire,deny,dep-pwtransport
cap.calib.intrinsics.perframe,win32,mediafoundation,deny,dep-noperframe
cap.calib.intrinsics.perframe,web,getusermedia,deny,dep-webnocalib
cap.calib.intrinsics.perframe,uvc-direct,uvc,deny,dep-noperframe
cap.calib.intrinsics.perframe,genicam,sfnc,native,dep-genchunk
cap.calib.pixelsize,macos,avfoundation,native,dep-avfpixelsize
cap.calib.pixelsize,ios,avfoundation,native,dep-avfpixelsize
cap.calib.pixelsize,android,camera2ndk,deny,dep-nopixelsize
cap.calib.pixelsize,android,camerax,deny,dep-nopixelsize
cap.calib.pixelsize,linux,v4l2,deny,dep-nopixelsize
cap.calib.pixelsize,linux,libcamera,deny,dep-nopixelsize
cap.calib.pixelsize,linux,pipewire,deny,dep-pwtransport
cap.calib.pixelsize,win32,mediafoundation,deny,dep-nopixelsize
cap.calib.pixelsize,web,getusermedia,deny,dep-webnocalib
cap.calib.pixelsize,uvc-direct,uvc,deny,dep-nopixelsize
cap.calib.pixelsize,genicam,sfnc,native,dep-genpixelsize
cap.calib.distortion.model,macos,avfoundation,deny,dep-distlut
cap.calib.distortion.model,ios,avfoundation,deny,dep-distlut
cap.calib.distortion.model,android,camera2ndk,native,dep-c2distortion
cap.calib.distortion.model,android,camerax,emulate,dep-cxinterop
cap.calib.distortion.model,linux,v4l2,deny,dep-nodistortion
cap.calib.distortion.model,linux,libcamera,deny,dep-lcnocalib
cap.calib.distortion.model,linux,pipewire,deny,dep-pwtransport
cap.calib.distortion.model,win32,mediafoundation,native,dep-mfdistortion
cap.calib.distortion.model,web,getusermedia,deny,dep-webnocalib
cap.calib.distortion.model,uvc-direct,uvc,deny,dep-nodistortion
cap.calib.distortion.model,genicam,sfnc,deny,dep-nodistortion
cap.calib.distortion.lut,macos,avfoundation,native,dep-avfdistlut
cap.calib.distortion.lut,ios,avfoundation,native,dep-avfdistlut
cap.calib.distortion.lut,android,camera2ndk,deny,dep-distmodel
cap.calib.distortion.lut,android,camerax,deny,dep-distmodel
cap.calib.distortion.lut,linux,v4l2,deny,dep-nodistortion
cap.calib.distortion.lut,linux,libcamera,deny,dep-lcnocalib
cap.calib.distortion.lut,linux,pipewire,deny,dep-pwtransport
cap.calib.distortion.lut,win32,mediafoundation,deny,dep-distmodel
cap.calib.distortion.lut,web,getusermedia,deny,dep-webnocalib
cap.calib.distortion.lut,uvc-direct,uvc,deny,dep-nodistortion
cap.calib.distortion.lut,genicam,sfnc,deny,dep-nodistortion
cap.calib.distortion.warp,macos,avfoundation,deny,dep-warphost
cap.calib.distortion.warp,ios,avfoundation,deny,dep-warphost
cap.calib.distortion.warp,android,camera2ndk,deny,dep-warphost
cap.calib.distortion.warp,android,camerax,deny,dep-warphost
cap.calib.distortion.warp,linux,v4l2,deny,dep-warphost
cap.calib.distortion.warp,linux,libcamera,deny,dep-warphost
cap.calib.distortion.warp,linux,pipewire,deny,dep-pwtransport
cap.calib.distortion.warp,win32,mediafoundation,native,dep-mfwarp
cap.calib.distortion.warp,web,getusermedia,deny,dep-webnocalib
cap.calib.distortion.warp,uvc-direct,uvc,deny,dep-warphost
cap.calib.distortion.warp,genicam,sfnc,deny,dep-warphost
cap.calib.extrinsics.matrix,macos,avfoundation,emulate,dep-rawuvc
cap.calib.extrinsics.matrix,ios,avfoundation,native,dep-avfcalib
cap.calib.extrinsics.matrix,android,camera2ndk,deny,dep-poseinstead
cap.calib.extrinsics.matrix,android,camerax,deny,dep-poseinstead
cap.calib.extrinsics.matrix,linux,v4l2,emulate,dep-rawuvc
cap.calib.extrinsics.matrix,linux,libcamera,deny,dep-lcnocalib
cap.calib.extrinsics.matrix,linux,pipewire,deny,dep-pwtransport
cap.calib.extrinsics.matrix,win32,mediafoundation,emulate,dep-rawuvc
cap.calib.extrinsics.matrix,web,getusermedia,deny,dep-webnocalib
cap.calib.extrinsics.matrix,uvc-direct,uvc,native,dep-msxucalib
cap.calib.extrinsics.matrix,genicam,sfnc,native,dep-genscan3d
cap.calib.pose.translation,macos,avfoundation,deny,dep-extrinsicinstead
cap.calib.pose.translation,ios,avfoundation,deny,dep-extrinsicinstead
cap.calib.pose.translation,android,camera2ndk,native,dep-c2pose
cap.calib.pose.translation,android,camerax,emulate,dep-cxinterop
cap.calib.pose.translation,linux,v4l2,deny,dep-extrinsicinstead
cap.calib.pose.translation,linux,libcamera,deny,dep-lcnocalib
cap.calib.pose.translation,linux,pipewire,deny,dep-pwtransport
cap.calib.pose.translation,win32,mediafoundation,deny,dep-extrinsicinstead
cap.calib.pose.translation,web,getusermedia,deny,dep-webnocalib
cap.calib.pose.translation,uvc-direct,uvc,deny,dep-extrinsicinstead
cap.calib.pose.translation,genicam,sfnc,deny,dep-extrinsicinstead
cap.calib.pose.rotation,macos,avfoundation,deny,dep-extrinsicinstead
cap.calib.pose.rotation,ios,avfoundation,deny,dep-extrinsicinstead
cap.calib.pose.rotation,android,camera2ndk,native,dep-c2pose
cap.calib.pose.rotation,android,camerax,emulate,dep-cxinterop
cap.calib.pose.rotation,linux,v4l2,deny,dep-extrinsicinstead
cap.calib.pose.rotation,linux,libcamera,deny,dep-lcnocalib
cap.calib.pose.rotation,linux,pipewire,deny,dep-pwtransport
cap.calib.pose.rotation,win32,mediafoundation,deny,dep-extrinsicinstead
cap.calib.pose.rotation,web,getusermedia,deny,dep-webnocalib
cap.calib.pose.rotation,uvc-direct,uvc,deny,dep-extrinsicinstead
cap.calib.pose.rotation,genicam,sfnc,deny,dep-extrinsicinstead
cap.calib.pose.reference,macos,avfoundation,deny,dep-noreference
cap.calib.pose.reference,ios,avfoundation,deny,dep-noreference
cap.calib.pose.reference,android,camera2ndk,native,dep-c2pose
cap.calib.pose.reference,android,camerax,emulate,dep-cxinterop
cap.calib.pose.reference,linux,v4l2,deny,dep-noreference
cap.calib.pose.reference,linux,libcamera,deny,dep-lcnocalib
cap.calib.pose.reference,linux,pipewire,deny,dep-pwtransport
cap.calib.pose.reference,win32,mediafoundation,deny,dep-noreference
cap.calib.pose.reference,web,getusermedia,deny,dep-webnocalib
cap.calib.pose.reference,uvc-direct,uvc,deny,dep-noreference
cap.calib.pose.reference,genicam,sfnc,native,dep-genposeref
cap.calib.delivery,macos,avfoundation,deny,dep-macdepth
cap.calib.delivery,ios,avfoundation,native,dep-iosdepth
cap.calib.delivery,android,camera2ndk,deny,dep-nodelivery
cap.calib.delivery,android,camerax,deny,dep-nodelivery
cap.calib.delivery,linux,v4l2,deny,dep-nodelivery
cap.calib.delivery,linux,libcamera,deny,dep-lcnocalib
cap.calib.delivery,linux,pipewire,deny,dep-pwtransport
cap.calib.delivery,win32,mediafoundation,deny,dep-nodelivery
cap.calib.delivery,web,getusermedia,deny,dep-webnocalib
cap.calib.delivery,uvc-direct,uvc,deny,dep-nodelivery
cap.calib.delivery,genicam,sfnc,deny,dep-nodelivery
cap.calib.stereo.baseline,macos,avfoundation,deny,dep-nobaseline
cap.calib.stereo.baseline,ios,avfoundation,deny,dep-nobaseline
cap.calib.stereo.baseline,android,camera2ndk,deny,dep-nobaseline
cap.calib.stereo.baseline,android,camerax,deny,dep-nobaseline
cap.calib.stereo.baseline,linux,v4l2,deny,dep-nobaseline
cap.calib.stereo.baseline,linux,libcamera,deny,dep-lcnocalib
cap.calib.stereo.baseline,linux,pipewire,deny,dep-pwtransport
cap.calib.stereo.baseline,win32,mediafoundation,deny,dep-nobaseline
cap.calib.stereo.baseline,web,getusermedia,deny,dep-webnocalib
cap.calib.stereo.baseline,uvc-direct,uvc,deny,dep-nobaseline
cap.calib.stereo.baseline,genicam,sfnc,native,dep-genbaseline
cap.ir.stream,macos,avfoundation,?,dep-macir
cap.ir.stream,ios,avfoundation,native,dep-iosir
cap.ir.stream,android,camera2ndk,native,dep-c2ir
cap.ir.stream,android,camerax,emulate,dep-cxinterop
cap.ir.stream,linux,v4l2,native,dep-v4l2ir
cap.ir.stream,linux,libcamera,native,dep-lcir
cap.ir.stream,linux,pipewire,native,dep-pwgray
cap.ir.stream,win32,mediafoundation,native,dep-mfir
cap.ir.stream,web,getusermedia,deny,dep-webnoir
cap.ir.stream,uvc-direct,uvc,native,dep-uvcirpin
cap.ir.stream,genicam,sfnc,native,dep-genir
cap.ir.cfa.nir,macos,avfoundation,deny,dep-nonircfa
cap.ir.cfa.nir,ios,avfoundation,deny,dep-nonircfa
cap.ir.cfa.nir,android,camera2ndk,native,dep-c2nircfa
cap.ir.cfa.nir,android,camerax,deny,dep-nonircfa
cap.ir.cfa.nir,linux,v4l2,deny,dep-nonircfa
cap.ir.cfa.nir,linux,libcamera,native,dep-lcnircfa
cap.ir.cfa.nir,linux,pipewire,deny,dep-pwtransport
cap.ir.cfa.nir,win32,mediafoundation,deny,dep-nonircfa
cap.ir.cfa.nir,web,getusermedia,deny,dep-webnoir
cap.ir.cfa.nir,uvc-direct,uvc,deny,dep-nonircfa
cap.ir.cfa.nir,genicam,sfnc,native,dep-gennircfa
cap.ir.stereo.interleaved,macos,avfoundation,deny,dep-nostereoir
cap.ir.stereo.interleaved,ios,avfoundation,deny,dep-nostereoir
cap.ir.stereo.interleaved,android,camera2ndk,deny,dep-nostereoir
cap.ir.stereo.interleaved,android,camerax,deny,dep-nostereoir
cap.ir.stereo.interleaved,linux,v4l2,native,dep-v4l2stereoir
cap.ir.stereo.interleaved,linux,libcamera,deny,dep-nostereoir
cap.ir.stereo.interleaved,linux,pipewire,deny,dep-pwtransport
cap.ir.stereo.interleaved,win32,mediafoundation,deny,dep-nostereoir
cap.ir.stereo.interleaved,web,getusermedia,deny,dep-webnoir
cap.ir.stereo.interleaved,uvc-direct,uvc,deny,dep-nostereoir
cap.ir.stereo.interleaved,genicam,sfnc,deny,dep-nostereoir
cap.ir.depth.interleaved,macos,avfoundation,deny,dep-noirdepth
cap.ir.depth.interleaved,ios,avfoundation,deny,dep-noirdepth
cap.ir.depth.interleaved,android,camera2ndk,deny,dep-noirdepth
cap.ir.depth.interleaved,android,camerax,deny,dep-noirdepth
cap.ir.depth.interleaved,linux,v4l2,native,dep-v4l2inzi
cap.ir.depth.interleaved,linux,libcamera,deny,dep-noirdepth
cap.ir.depth.interleaved,linux,pipewire,deny,dep-pwtransport
cap.ir.depth.interleaved,win32,mediafoundation,deny,dep-noirdepth
cap.ir.depth.interleaved,web,getusermedia,deny,dep-webnoir
cap.ir.depth.interleaved,uvc-direct,uvc,deny,dep-noirdepth
cap.ir.depth.interleaved,genicam,sfnc,deny,dep-noirdepth
cap.ir.auth.mode,macos,avfoundation,deny,dep-noauth
cap.ir.auth.mode,ios,avfoundation,deny,dep-noauth
cap.ir.auth.mode,android,camera2ndk,deny,dep-noauth
cap.ir.auth.mode,android,camerax,deny,dep-noauth
cap.ir.auth.mode,linux,v4l2,deny,dep-noauth
cap.ir.auth.mode,linux,libcamera,deny,dep-noauth
cap.ir.auth.mode,linux,pipewire,deny,dep-pwtransport
cap.ir.auth.mode,win32,mediafoundation,native,dep-mfhello
cap.ir.auth.mode,web,getusermedia,deny,dep-webnoir
cap.ir.auth.mode,uvc-direct,uvc,native,dep-msxufaceauth
cap.ir.auth.mode,genicam,sfnc,deny,dep-noauth
cap.spatial.video,macos,avfoundation,native,dep-avfspatial
cap.spatial.video,ios,avfoundation,native,dep-avfspatial
cap.spatial.video,android,camera2ndk,deny,dep-nospatial
cap.spatial.video,android,camerax,deny,dep-nospatial
cap.spatial.video,linux,v4l2,deny,dep-nospatial
cap.spatial.video,linux,libcamera,deny,dep-nospatial
cap.spatial.video,linux,pipewire,deny,dep-pwtransport
cap.spatial.video,win32,mediafoundation,deny,dep-nospatial
cap.spatial.video,web,getusermedia,deny,dep-webnospatial
cap.spatial.video,uvc-direct,uvc,deny,dep-nospatial
cap.spatial.video,genicam,sfnc,deny,dep-nospatial
cap.spatial.comfort,macos,avfoundation,native,dep-avfspatial
cap.spatial.comfort,ios,avfoundation,native,dep-avfspatial
cap.spatial.comfort,android,camera2ndk,deny,dep-nospatial
cap.spatial.comfort,android,camerax,deny,dep-nospatial
cap.spatial.comfort,linux,v4l2,deny,dep-nospatial
cap.spatial.comfort,linux,libcamera,deny,dep-nospatial
cap.spatial.comfort,linux,pipewire,deny,dep-pwtransport
cap.spatial.comfort,win32,mediafoundation,deny,dep-nospatial
cap.spatial.comfort,web,getusermedia,deny,dep-webnospatial
cap.spatial.comfort,uvc-direct,uvc,deny,dep-nospatial
cap.spatial.comfort,genicam,sfnc,deny,dep-nospatial
cap.effect.autoframe.toggle,macos,avfoundation,native,
cap.effect.autoframe.toggle,ios,avfoundation,native,
cap.effect.autoframe.toggle,android,camera2ndk,native,
cap.effect.autoframe.toggle,android,camerax,deny,cap.effect.autoframe.toggle@camera2ndk
cap.effect.autoframe.toggle,linux,v4l2,emulate,eff-rawuvc
cap.effect.autoframe.toggle,linux,libcamera,deny,eff-noeffect
cap.effect.autoframe.toggle,linux,pipewire,deny,eff-noeffect
cap.effect.autoframe.toggle,win32,mediafoundation,native,
cap.effect.autoframe.toggle,web,getusermedia,native,eff-webexp
cap.effect.autoframe.toggle,uvc-direct,uvc,native,
cap.effect.autoframe.toggle,genicam,sfnc,deny,eff-noeffect
cap.effect.autoframe.config,macos,avfoundation,native,
cap.effect.autoframe.config,ios,avfoundation,native,
cap.effect.autoframe.config,android,camera2ndk,deny,none
cap.effect.autoframe.config,android,camerax,deny,none
cap.effect.autoframe.config,linux,v4l2,emulate,eff-rawuvc
cap.effect.autoframe.config,linux,libcamera,deny,eff-noeffect
cap.effect.autoframe.config,linux,pipewire,deny,eff-noeffect
cap.effect.autoframe.config,win32,mediafoundation,native,
cap.effect.autoframe.config,web,getusermedia,deny,none
cap.effect.autoframe.config,uvc-direct,uvc,native,
cap.effect.autoframe.config,genicam,sfnc,deny,eff-noeffect
cap.effect.autoframe.support_query,macos,avfoundation,native,
cap.effect.autoframe.support_query,ios,avfoundation,native,
cap.effect.autoframe.support_query,android,camera2ndk,native,
cap.effect.autoframe.support_query,android,camerax,deny,cap.effect.autoframe.support_query@camera2ndk
cap.effect.autoframe.support_query,linux,v4l2,emulate,eff-rawuvc
cap.effect.autoframe.support_query,linux,libcamera,deny,eff-noeffect
cap.effect.autoframe.support_query,linux,pipewire,deny,eff-noeffect
cap.effect.autoframe.support_query,win32,mediafoundation,native,
cap.effect.autoframe.support_query,web,getusermedia,native,eff-webexp
cap.effect.autoframe.support_query,uvc-direct,uvc,native,
cap.effect.autoframe.support_query,genicam,sfnc,deny,eff-noeffect
cap.effect.autoframe.state,macos,avfoundation,native,
cap.effect.autoframe.state,ios,avfoundation,native,
cap.effect.autoframe.state,android,camera2ndk,native,
cap.effect.autoframe.state,android,camerax,deny,cap.effect.autoframe.state@camera2ndk
cap.effect.autoframe.state,linux,v4l2,deny,none
cap.effect.autoframe.state,linux,libcamera,deny,eff-noeffect
cap.effect.autoframe.state,linux,pipewire,deny,eff-noeffect
cap.effect.autoframe.state,win32,mediafoundation,native,
cap.effect.autoframe.state,web,getusermedia,native,eff-webexp
cap.effect.autoframe.state,uvc-direct,uvc,deny,none
cap.effect.autoframe.state,genicam,sfnc,deny,eff-noeffect
cap.effect.autoframe.regime,macos,avfoundation,native,
cap.effect.autoframe.regime,ios,avfoundation,native,
cap.effect.autoframe.regime,android,camera2ndk,deny,none
cap.effect.autoframe.regime,android,camerax,deny,none
cap.effect.autoframe.regime,linux,v4l2,deny,none
cap.effect.autoframe.regime,linux,libcamera,deny,eff-noeffect
cap.effect.autoframe.regime,linux,pipewire,deny,eff-noeffect
cap.effect.autoframe.regime,win32,mediafoundation,deny,none
cap.effect.autoframe.regime,web,getusermedia,deny,none
cap.effect.autoframe.regime,uvc-direct,uvc,deny,none
cap.effect.autoframe.regime,genicam,sfnc,deny,eff-noeffect
cap.effect.bg_blur.toggle,macos,avfoundation,deny,eff-readonly
cap.effect.bg_blur.toggle,ios,avfoundation,deny,eff-readonly
cap.effect.bg_blur.toggle,android,camera2ndk,native,
cap.effect.bg_blur.toggle,android,camerax,native,
cap.effect.bg_blur.toggle,linux,v4l2,deny,eff-noeffect
cap.effect.bg_blur.toggle,linux,libcamera,deny,eff-noeffect
cap.effect.bg_blur.toggle,linux,pipewire,deny,eff-noeffect
cap.effect.bg_blur.toggle,win32,mediafoundation,native,
cap.effect.bg_blur.toggle,web,getusermedia,native,eff-webexp
cap.effect.bg_blur.toggle,uvc-direct,uvc,deny,none
cap.effect.bg_blur.toggle,genicam,sfnc,deny,eff-noeffect
cap.effect.bg_blur.config,macos,avfoundation,deny,eff-readonly
cap.effect.bg_blur.config,ios,avfoundation,deny,eff-readonly
cap.effect.bg_blur.config,android,camera2ndk,native,
cap.effect.bg_blur.config,android,camerax,deny,cap.effect.bg_blur.config@camera2ndk
cap.effect.bg_blur.config,linux,v4l2,deny,eff-noeffect
cap.effect.bg_blur.config,linux,libcamera,deny,eff-noeffect
cap.effect.bg_blur.config,linux,pipewire,deny,eff-noeffect
cap.effect.bg_blur.config,win32,mediafoundation,native,
cap.effect.bg_blur.config,web,getusermedia,deny,none
cap.effect.bg_blur.config,uvc-direct,uvc,deny,none
cap.effect.bg_blur.config,genicam,sfnc,deny,eff-noeffect
cap.effect.bg_blur.support_query,macos,avfoundation,native,
cap.effect.bg_blur.support_query,ios,avfoundation,native,
cap.effect.bg_blur.support_query,android,camera2ndk,native,
cap.effect.bg_blur.support_query,android,camerax,native,
cap.effect.bg_blur.support_query,linux,v4l2,deny,eff-noeffect
cap.effect.bg_blur.support_query,linux,libcamera,deny,eff-noeffect
cap.effect.bg_blur.support_query,linux,pipewire,deny,eff-noeffect
cap.effect.bg_blur.support_query,win32,mediafoundation,native,
cap.effect.bg_blur.support_query,web,getusermedia,native,eff-webexp
cap.effect.bg_blur.support_query,uvc-direct,uvc,deny,none
cap.effect.bg_blur.support_query,genicam,sfnc,deny,eff-noeffect
cap.effect.bg_blur.state,macos,avfoundation,native,
cap.effect.bg_blur.state,ios,avfoundation,native,
cap.effect.bg_blur.state,android,camera2ndk,native,
cap.effect.bg_blur.state,android,camerax,deny,cap.effect.bg_blur.state@camera2ndk
cap.effect.bg_blur.state,linux,v4l2,deny,eff-noeffect
cap.effect.bg_blur.state,linux,libcamera,deny,eff-noeffect
cap.effect.bg_blur.state,linux,pipewire,deny,eff-noeffect
cap.effect.bg_blur.state,win32,mediafoundation,native,
cap.effect.bg_blur.state,web,getusermedia,native,eff-webexp
cap.effect.bg_blur.state,uvc-direct,uvc,deny,none
cap.effect.bg_blur.state,genicam,sfnc,deny,eff-noeffect
cap.effect.bg_replace.toggle,macos,avfoundation,native,
cap.effect.bg_replace.toggle,ios,avfoundation,native,
cap.effect.bg_replace.toggle,android,camera2ndk,deny,none
cap.effect.bg_replace.toggle,android,camerax,deny,none
cap.effect.bg_replace.toggle,linux,v4l2,deny,eff-noeffect
cap.effect.bg_replace.toggle,linux,libcamera,deny,eff-noeffect
cap.effect.bg_replace.toggle,linux,pipewire,deny,eff-noeffect
cap.effect.bg_replace.toggle,win32,mediafoundation,native,
cap.effect.bg_replace.toggle,web,getusermedia,deny,none
cap.effect.bg_replace.toggle,uvc-direct,uvc,deny,none
cap.effect.bg_replace.toggle,genicam,sfnc,deny,eff-noeffect
cap.effect.bg_replace.state,macos,avfoundation,native,
cap.effect.bg_replace.state,ios,avfoundation,native,
cap.effect.bg_replace.state,android,camera2ndk,deny,none
cap.effect.bg_replace.state,android,camerax,deny,none
cap.effect.bg_replace.state,linux,v4l2,deny,eff-noeffect
cap.effect.bg_replace.state,linux,libcamera,deny,eff-noeffect
cap.effect.bg_replace.state,linux,pipewire,deny,eff-noeffect
cap.effect.bg_replace.state,win32,mediafoundation,native,
cap.effect.bg_replace.state,web,getusermedia,deny,none
cap.effect.bg_replace.state,uvc-direct,uvc,deny,none
cap.effect.bg_replace.state,genicam,sfnc,deny,eff-noeffect
cap.effect.bg_replace.support_query,macos,avfoundation,native,
cap.effect.bg_replace.support_query,ios,avfoundation,native,
cap.effect.bg_replace.support_query,android,camera2ndk,deny,none
cap.effect.bg_replace.support_query,android,camerax,deny,none
cap.effect.bg_replace.support_query,linux,v4l2,deny,eff-noeffect
cap.effect.bg_replace.support_query,linux,libcamera,deny,eff-noeffect
cap.effect.bg_replace.support_query,linux,pipewire,deny,eff-noeffect
cap.effect.bg_replace.support_query,win32,mediafoundation,native,
cap.effect.bg_replace.support_query,web,getusermedia,deny,none
cap.effect.bg_replace.support_query,uvc-direct,uvc,deny,none
cap.effect.bg_replace.support_query,genicam,sfnc,deny,eff-noeffect
cap.effect.segmentation_mask.deliver,macos,avfoundation,deny,none
cap.effect.segmentation_mask.deliver,ios,avfoundation,deny,none
cap.effect.segmentation_mask.deliver,android,camera2ndk,deny,none
cap.effect.segmentation_mask.deliver,android,camerax,deny,none
cap.effect.segmentation_mask.deliver,linux,v4l2,deny,eff-noeffect
cap.effect.segmentation_mask.deliver,linux,libcamera,deny,eff-noeffect
cap.effect.segmentation_mask.deliver,linux,pipewire,deny,eff-noeffect
cap.effect.segmentation_mask.deliver,win32,mediafoundation,native,
cap.effect.segmentation_mask.deliver,web,getusermedia,native,eff-webexp
cap.effect.segmentation_mask.deliver,uvc-direct,uvc,deny,none
cap.effect.segmentation_mask.deliver,genicam,sfnc,deny,eff-noeffect
cap.effect.studio_light.toggle,macos,avfoundation,deny,eff-readonly
cap.effect.studio_light.toggle,ios,avfoundation,deny,eff-readonly
cap.effect.studio_light.toggle,android,camera2ndk,deny,none
cap.effect.studio_light.toggle,android,camerax,deny,none
cap.effect.studio_light.toggle,linux,v4l2,deny,eff-noeffect
cap.effect.studio_light.toggle,linux,libcamera,deny,eff-noeffect
cap.effect.studio_light.toggle,linux,pipewire,deny,eff-noeffect
cap.effect.studio_light.toggle,win32,mediafoundation,native,
cap.effect.studio_light.toggle,web,getusermedia,deny,none
cap.effect.studio_light.toggle,uvc-direct,uvc,deny,none
cap.effect.studio_light.toggle,genicam,sfnc,deny,eff-noeffect
cap.effect.studio_light.state,macos,avfoundation,native,
cap.effect.studio_light.state,ios,avfoundation,?,eff-divergence
cap.effect.studio_light.state,android,camera2ndk,deny,none
cap.effect.studio_light.state,android,camerax,deny,none
cap.effect.studio_light.state,linux,v4l2,deny,eff-noeffect
cap.effect.studio_light.state,linux,libcamera,deny,eff-noeffect
cap.effect.studio_light.state,linux,pipewire,deny,eff-noeffect
cap.effect.studio_light.state,win32,mediafoundation,native,
cap.effect.studio_light.state,web,getusermedia,deny,none
cap.effect.studio_light.state,uvc-direct,uvc,deny,none
cap.effect.studio_light.state,genicam,sfnc,deny,eff-noeffect
cap.effect.studio_light.support_query,macos,avfoundation,native,
cap.effect.studio_light.support_query,ios,avfoundation,?,eff-divergence
cap.effect.studio_light.support_query,android,camera2ndk,deny,none
cap.effect.studio_light.support_query,android,camerax,deny,none
cap.effect.studio_light.support_query,linux,v4l2,deny,eff-noeffect
cap.effect.studio_light.support_query,linux,libcamera,deny,eff-noeffect
cap.effect.studio_light.support_query,linux,pipewire,deny,eff-noeffect
cap.effect.studio_light.support_query,win32,mediafoundation,native,
cap.effect.studio_light.support_query,web,getusermedia,deny,none
cap.effect.studio_light.support_query,uvc-direct,uvc,deny,none
cap.effect.studio_light.support_query,genicam,sfnc,deny,eff-noeffect
cap.effect.eye_contact.toggle,macos,avfoundation,deny,none
cap.effect.eye_contact.toggle,ios,avfoundation,deny,none
cap.effect.eye_contact.toggle,android,camera2ndk,deny,none
cap.effect.eye_contact.toggle,android,camerax,deny,none
cap.effect.eye_contact.toggle,linux,v4l2,deny,eff-noeffect
cap.effect.eye_contact.toggle,linux,libcamera,deny,eff-noeffect
cap.effect.eye_contact.toggle,linux,pipewire,deny,eff-noeffect
cap.effect.eye_contact.toggle,win32,mediafoundation,native,
cap.effect.eye_contact.toggle,web,getusermedia,native,eff-webexp
cap.effect.eye_contact.toggle,uvc-direct,uvc,deny,none
cap.effect.eye_contact.toggle,genicam,sfnc,deny,eff-noeffect
cap.effect.eye_contact.config,macos,avfoundation,deny,none
cap.effect.eye_contact.config,ios,avfoundation,deny,none
cap.effect.eye_contact.config,android,camera2ndk,deny,none
cap.effect.eye_contact.config,android,camerax,deny,none
cap.effect.eye_contact.config,linux,v4l2,deny,eff-noeffect
cap.effect.eye_contact.config,linux,libcamera,deny,eff-noeffect
cap.effect.eye_contact.config,linux,pipewire,deny,eff-noeffect
cap.effect.eye_contact.config,win32,mediafoundation,native,
cap.effect.eye_contact.config,web,getusermedia,native,eff-webexp
cap.effect.eye_contact.config,uvc-direct,uvc,deny,none
cap.effect.eye_contact.config,genicam,sfnc,deny,eff-noeffect
cap.effect.reaction.toggle,macos,avfoundation,native,
cap.effect.reaction.toggle,ios,avfoundation,native,eff-iosplist
cap.effect.reaction.toggle,android,camera2ndk,deny,none
cap.effect.reaction.toggle,android,camerax,deny,none
cap.effect.reaction.toggle,linux,v4l2,deny,eff-noeffect
cap.effect.reaction.toggle,linux,libcamera,deny,eff-noeffect
cap.effect.reaction.toggle,linux,pipewire,deny,eff-noeffect
cap.effect.reaction.toggle,win32,mediafoundation,deny,none
cap.effect.reaction.toggle,web,getusermedia,deny,none
cap.effect.reaction.toggle,uvc-direct,uvc,deny,none
cap.effect.reaction.toggle,genicam,sfnc,deny,eff-noeffect
cap.effect.reaction.gesture_toggle,macos,avfoundation,native,
cap.effect.reaction.gesture_toggle,ios,avfoundation,native,eff-iosplist
cap.effect.reaction.gesture_toggle,android,camera2ndk,deny,none
cap.effect.reaction.gesture_toggle,android,camerax,deny,none
cap.effect.reaction.gesture_toggle,linux,v4l2,deny,eff-noeffect
cap.effect.reaction.gesture_toggle,linux,libcamera,deny,eff-noeffect
cap.effect.reaction.gesture_toggle,linux,pipewire,deny,eff-noeffect
cap.effect.reaction.gesture_toggle,win32,mediafoundation,deny,none
cap.effect.reaction.gesture_toggle,web,getusermedia,deny,none
cap.effect.reaction.gesture_toggle,uvc-direct,uvc,deny,none
cap.effect.reaction.gesture_toggle,genicam,sfnc,deny,eff-noeffect
cap.effect.reaction.fire,macos,avfoundation,native,
cap.effect.reaction.fire,ios,avfoundation,native,
cap.effect.reaction.fire,android,camera2ndk,deny,none
cap.effect.reaction.fire,android,camerax,deny,none
cap.effect.reaction.fire,linux,v4l2,deny,eff-noeffect
cap.effect.reaction.fire,linux,libcamera,deny,eff-noeffect
cap.effect.reaction.fire,linux,pipewire,deny,eff-noeffect
cap.effect.reaction.fire,win32,mediafoundation,deny,none
cap.effect.reaction.fire,web,getusermedia,deny,none
cap.effect.reaction.fire,uvc-direct,uvc,deny,none
cap.effect.reaction.fire,genicam,sfnc,deny,eff-noeffect
cap.effect.reaction.catalog,macos,avfoundation,native,
cap.effect.reaction.catalog,ios,avfoundation,native,
cap.effect.reaction.catalog,android,camera2ndk,deny,none
cap.effect.reaction.catalog,android,camerax,deny,none
cap.effect.reaction.catalog,linux,v4l2,deny,eff-noeffect
cap.effect.reaction.catalog,linux,libcamera,deny,eff-noeffect
cap.effect.reaction.catalog,linux,pipewire,deny,eff-noeffect
cap.effect.reaction.catalog,win32,mediafoundation,deny,none
cap.effect.reaction.catalog,web,getusermedia,deny,none
cap.effect.reaction.catalog,uvc-direct,uvc,deny,none
cap.effect.reaction.catalog,genicam,sfnc,deny,eff-noeffect
cap.effect.reaction.state,macos,avfoundation,native,
cap.effect.reaction.state,ios,avfoundation,native,
cap.effect.reaction.state,android,camera2ndk,deny,none
cap.effect.reaction.state,android,camerax,deny,none
cap.effect.reaction.state,linux,v4l2,deny,eff-noeffect
cap.effect.reaction.state,linux,libcamera,deny,eff-noeffect
cap.effect.reaction.state,linux,pipewire,deny,eff-noeffect
cap.effect.reaction.state,win32,mediafoundation,deny,none
cap.effect.reaction.state,web,getusermedia,deny,none
cap.effect.reaction.state,uvc-direct,uvc,deny,none
cap.effect.reaction.state,genicam,sfnc,deny,eff-noeffect
cap.effect.subject_roi.set,macos,avfoundation,deny,none
cap.effect.subject_roi.set,ios,avfoundation,deny,none
cap.effect.subject_roi.set,android,camera2ndk,native,
cap.effect.subject_roi.set,android,camerax,native,
cap.effect.subject_roi.set,linux,v4l2,deny,eff-noeffect
cap.effect.subject_roi.set,linux,libcamera,deny,eff-noeffect
cap.effect.subject_roi.set,linux,pipewire,deny,eff-noeffect
cap.effect.subject_roi.set,win32,mediafoundation,native,
cap.effect.subject_roi.set,web,getusermedia,native,
cap.effect.subject_roi.set,uvc-direct,uvc,native,
cap.effect.subject_roi.set,genicam,sfnc,deny,eff-noeffect
cap.effect.creative_filter.toggle,macos,avfoundation,deny,none
cap.effect.creative_filter.toggle,ios,avfoundation,deny,none
cap.effect.creative_filter.toggle,android,camera2ndk,deny,none
cap.effect.creative_filter.toggle,android,camerax,deny,none
cap.effect.creative_filter.toggle,linux,v4l2,deny,eff-noeffect
cap.effect.creative_filter.toggle,linux,libcamera,deny,eff-noeffect
cap.effect.creative_filter.toggle,linux,pipewire,deny,eff-noeffect
cap.effect.creative_filter.toggle,win32,mediafoundation,native,
cap.effect.creative_filter.toggle,web,getusermedia,deny,none
cap.effect.creative_filter.toggle,uvc-direct,uvc,deny,none
cap.effect.creative_filter.toggle,genicam,sfnc,deny,eff-noeffect
cap.effect.show_system_ui,macos,avfoundation,native,
cap.effect.show_system_ui,ios,avfoundation,native,
cap.effect.show_system_ui,android,camera2ndk,deny,none
cap.effect.show_system_ui,android,camerax,deny,none
cap.effect.show_system_ui,linux,v4l2,deny,eff-noeffect
cap.effect.show_system_ui,linux,libcamera,deny,eff-noeffect
cap.effect.show_system_ui,linux,pipewire,deny,eff-noeffect
cap.effect.show_system_ui,win32,mediafoundation,deny,none
cap.effect.show_system_ui,web,getusermedia,deny,none
cap.effect.show_system_ui,uvc-direct,uvc,deny,none
cap.effect.show_system_ui,genicam,sfnc,deny,eff-noeffect
cap.effect.change_notify,macos,avfoundation,deny,none
cap.effect.change_notify,ios,avfoundation,deny,none
cap.effect.change_notify,android,camera2ndk,deny,none
cap.effect.change_notify,android,camerax,deny,none
cap.effect.change_notify,linux,v4l2,deny,eff-noeffect
cap.effect.change_notify,linux,libcamera,deny,eff-noeffect
cap.effect.change_notify,linux,pipewire,deny,eff-noeffect
cap.effect.change_notify,win32,mediafoundation,native,
cap.effect.change_notify,web,getusermedia,native,eff-webexp
cap.effect.change_notify,uvc-direct,uvc,deny,none
cap.effect.change_notify,genicam,sfnc,deny,eff-noeffect
cap.frame.format.rgb.packed8,macos,avfoundation,native,
cap.frame.format.rgb.packed8,ios,avfoundation,native,
cap.frame.format.rgb.packed8,android,camera2ndk,native,
cap.frame.format.rgb.packed8,android,camerax,native,
cap.frame.format.rgb.packed8,linux,v4l2,native,
cap.frame.format.rgb.packed8,linux,libcamera,native,
cap.frame.format.rgb.packed8,linux,pipewire,native,
cap.frame.format.rgb.packed8,win32,mediafoundation,native,
cap.frame.format.rgb.packed8,web,getusermedia,native,
cap.frame.format.rgb.packed8,uvc-direct,uvc,deny,frm-uvcstack; fallback host-OS axis
cap.frame.format.rgb.packed8,genicam,sfnc,native,
cap.frame.format.rgb.packed16,macos,avfoundation,deny,frm-surfkind; not avf-delivered; fallback cap.frame.format.rgb.packed8
cap.frame.format.rgb.packed16,ios,avfoundation,deny,frm-surfkind; not avf-delivered; fallback cap.frame.format.rgb.packed8
cap.frame.format.rgb.packed16,android,camera2ndk,native,
cap.frame.format.rgb.packed16,android,camerax,deny,frm-cxinterop; exotic format only via Camera2Interop; fallback cap.frame.format.rgb.packed8
cap.frame.format.rgb.packed16,linux,v4l2,native,
cap.frame.format.rgb.packed16,linux,libcamera,native,
cap.frame.format.rgb.packed16,linux,pipewire,deny,not pipewire-listed; fallback cap.frame.format.rgb.packed8
cap.frame.format.rgb.packed16,win32,mediafoundation,deny,not mf-listed; fallback cap.frame.format.rgb.packed8
cap.frame.format.rgb.packed16,web,getusermedia,deny,not web-listed; fallback cap.frame.format.rgb.packed8
cap.frame.format.rgb.packed16,uvc-direct,uvc,deny,frm-uvcstack; fallback host-OS axis
cap.frame.format.rgb.packed16,genicam,sfnc,native,
cap.frame.format.rgb.lowbit,macos,avfoundation,deny,not avf-delivered; fallback cap.frame.format.rgb.packed8
cap.frame.format.rgb.lowbit,ios,avfoundation,deny,not avf-delivered; fallback cap.frame.format.rgb.packed8
cap.frame.format.rgb.lowbit,android,camera2ndk,native,
cap.frame.format.rgb.lowbit,android,camerax,deny,frm-cxinterop; exotic; fallback cap.frame.format.rgb.packed8
cap.frame.format.rgb.lowbit,linux,v4l2,native,
cap.frame.format.rgb.lowbit,linux,libcamera,native,
cap.frame.format.rgb.lowbit,linux,pipewire,deny,not pipewire-listed; fallback cap.frame.format.rgb.packed8
cap.frame.format.rgb.lowbit,win32,mediafoundation,?,frm-vocabq; vocab §14d mf RGB565 unconfirmed
cap.frame.format.rgb.lowbit,web,getusermedia,deny,not web-listed; fallback cap.frame.format.rgb.packed8
cap.frame.format.rgb.lowbit,uvc-direct,uvc,deny,frm-uvcstack; fallback host-OS axis
cap.frame.format.rgb.lowbit,genicam,sfnc,deny,not genicam-listed; fallback cap.frame.format.gray_highbit
cap.frame.format.rgb.hdr10bit,macos,avfoundation,deny,not avf-delivered; fallback cap.frame.format.rgb.packed8
cap.frame.format.rgb.hdr10bit,ios,avfoundation,deny,not avf-delivered; fallback cap.frame.format.rgb.packed8
cap.frame.format.rgb.hdr10bit,android,camera2ndk,native,
cap.frame.format.rgb.hdr10bit,android,camerax,deny,frm-cxinterop; exotic; fallback cap.frame.format.rgb.packed8
cap.frame.format.rgb.hdr10bit,linux,v4l2,native,
cap.frame.format.rgb.hdr10bit,linux,libcamera,deny,not libcamera-listed; fallback cap.frame.format.rgb.packed8
cap.frame.format.rgb.hdr10bit,linux,pipewire,deny,not pipewire-listed; fallback cap.frame.format.rgb.packed8
cap.frame.format.rgb.hdr10bit,win32,mediafoundation,deny,not mf-listed; fallback cap.frame.format.rgb.packed8
cap.frame.format.rgb.hdr10bit,web,getusermedia,deny,not web-listed; fallback cap.frame.format.rgb.packed8
cap.frame.format.rgb.hdr10bit,uvc-direct,uvc,deny,frm-uvcstack; fallback host-OS axis
cap.frame.format.rgb.hdr10bit,genicam,sfnc,native,
cap.frame.format.yuv.packed422_8,macos,avfoundation,deny,not avf-delivered; fallback cap.frame.format.yuv.semiplanar420_8
cap.frame.format.yuv.packed422_8,ios,avfoundation,deny,not avf-delivered; fallback cap.frame.format.yuv.semiplanar420_8
cap.frame.format.yuv.packed422_8,android,camera2ndk,deny,not camera2-delivered; fallback cap.frame.format.yuv.semiplanar420_8
cap.frame.format.yuv.packed422_8,android,camerax,deny,not camerax-exposed; fallback cap.frame.format.yuv.semiplanar420_8
cap.frame.format.yuv.packed422_8,linux,v4l2,native,
cap.frame.format.yuv.packed422_8,linux,libcamera,native,
cap.frame.format.yuv.packed422_8,linux,pipewire,native,
cap.frame.format.yuv.packed422_8,win32,mediafoundation,native,
cap.frame.format.yuv.packed422_8,web,getusermedia,deny,not web-delivered; fallback cap.frame.format.yuv.semiplanar420_8
cap.frame.format.yuv.packed422_8,uvc-direct,uvc,native,frm-uvcstack; UVC stream carries YUYV
cap.frame.format.yuv.packed422_8,genicam,sfnc,native,
cap.frame.format.yuv.packed422_hdr,macos,avfoundation,deny,not avf-delivered; fallback cap.frame.format.yuv.semiplanar420_hdr
cap.frame.format.yuv.packed422_hdr,ios,avfoundation,deny,not avf-delivered; fallback cap.frame.format.yuv.semiplanar420_hdr
cap.frame.format.yuv.packed422_hdr,android,camera2ndk,deny,not camera2-delivered; fallback cap.frame.format.yuv.semiplanar420_hdr
cap.frame.format.yuv.packed422_hdr,android,camerax,deny,not camerax-exposed; fallback cap.frame.format.yuv.semiplanar420_hdr
cap.frame.format.yuv.packed422_hdr,linux,v4l2,native,
cap.frame.format.yuv.packed422_hdr,linux,libcamera,deny,not libcamera-listed; fallback cap.frame.format.yuv.semiplanar420_hdr
cap.frame.format.yuv.packed422_hdr,linux,pipewire,deny,not pipewire-listed; fallback cap.frame.format.yuv.semiplanar420_hdr
cap.frame.format.yuv.packed422_hdr,win32,mediafoundation,native,
cap.frame.format.yuv.packed422_hdr,web,getusermedia,deny,not web-delivered; fallback cap.frame.format.yuv.semiplanar420_hdr
cap.frame.format.yuv.packed422_hdr,uvc-direct,uvc,deny,frm-uvcstack; fallback host-OS axis
cap.frame.format.yuv.packed422_hdr,genicam,sfnc,native,
cap.frame.format.yuv.packed444,macos,avfoundation,deny,not avf-delivered; fallback cap.frame.format.yuv.planar444_8
cap.frame.format.yuv.packed444,ios,avfoundation,deny,not avf-delivered; fallback cap.frame.format.yuv.planar444_8
cap.frame.format.yuv.packed444,android,camera2ndk,deny,not camera2-delivered; fallback cap.frame.format.yuv.semiplanar444_8
cap.frame.format.yuv.packed444,android,camerax,deny,not camerax-exposed; fallback cap.frame.format.yuv.semiplanar444_8
cap.frame.format.yuv.packed444,linux,v4l2,deny,not v4l2-listed; fallback cap.frame.format.yuv.planar444_8
cap.frame.format.yuv.packed444,linux,libcamera,native,
cap.frame.format.yuv.packed444,linux,pipewire,deny,not pipewire-listed; fallback cap.frame.format.yuv.planar444_8
cap.frame.format.yuv.packed444,win32,mediafoundation,native,
cap.frame.format.yuv.packed444,web,getusermedia,deny,not web-delivered; fallback cap.frame.format.yuv.planar444_8
cap.frame.format.yuv.packed444,uvc-direct,uvc,deny,frm-uvcstack; fallback host-OS axis
cap.frame.format.yuv.packed444,genicam,sfnc,native,
cap.frame.format.yuv.semiplanar420_8,macos,avfoundation,native,
cap.frame.format.yuv.semiplanar420_8,ios,avfoundation,native,
cap.frame.format.yuv.semiplanar420_8,android,camera2ndk,native,
cap.frame.format.yuv.semiplanar420_8,android,camerax,native,
cap.frame.format.yuv.semiplanar420_8,linux,v4l2,native,
cap.frame.format.yuv.semiplanar420_8,linux,libcamera,native,
cap.frame.format.yuv.semiplanar420_8,linux,pipewire,native,
cap.frame.format.yuv.semiplanar420_8,win32,mediafoundation,native,
cap.frame.format.yuv.semiplanar420_8,web,getusermedia,native,
cap.frame.format.yuv.semiplanar420_8,uvc-direct,uvc,deny,frm-uvcstack; fallback host-OS axis
cap.frame.format.yuv.semiplanar420_8,genicam,sfnc,deny,not genicam-listed; fallback cap.frame.format.yuv.planar420_8
cap.frame.format.yuv.semiplanar422_8,macos,avfoundation,deny,not avf-delivered; fallback cap.frame.format.yuv.semiplanar420_8
cap.frame.format.yuv.semiplanar422_8,ios,avfoundation,deny,not avf-delivered; fallback cap.frame.format.yuv.semiplanar420_8
cap.frame.format.yuv.semiplanar422_8,android,camera2ndk,native,
cap.frame.format.yuv.semiplanar422_8,android,camerax,deny,frm-cxinterop; not in common set; fallback cap.frame.format.yuv.semiplanar420_8
cap.frame.format.yuv.semiplanar422_8,linux,v4l2,native,
cap.frame.format.yuv.semiplanar422_8,linux,libcamera,native,
cap.frame.format.yuv.semiplanar422_8,linux,pipewire,deny,not pipewire-listed; fallback cap.frame.format.yuv.semiplanar420_8
cap.frame.format.yuv.semiplanar422_8,win32,mediafoundation,deny,not mf-listed; fallback cap.frame.format.yuv.semiplanar420_8
cap.frame.format.yuv.semiplanar422_8,web,getusermedia,deny,not web-delivered; fallback cap.frame.format.yuv.semiplanar420_8
cap.frame.format.yuv.semiplanar422_8,uvc-direct,uvc,deny,frm-uvcstack; fallback host-OS axis
cap.frame.format.yuv.semiplanar422_8,genicam,sfnc,deny,not genicam-listed; fallback cap.frame.format.yuv.planar422_8
cap.frame.format.yuv.semiplanar444_8,macos,avfoundation,deny,not avf-delivered; fallback cap.frame.format.yuv.semiplanar420_8
cap.frame.format.yuv.semiplanar444_8,ios,avfoundation,deny,not avf-delivered; fallback cap.frame.format.yuv.semiplanar420_8
cap.frame.format.yuv.semiplanar444_8,android,camera2ndk,native,
cap.frame.format.yuv.semiplanar444_8,android,camerax,deny,frm-cxinterop; not in common set; fallback cap.frame.format.yuv.semiplanar420_8
cap.frame.format.yuv.semiplanar444_8,linux,v4l2,native,
cap.frame.format.yuv.semiplanar444_8,linux,libcamera,native,
cap.frame.format.yuv.semiplanar444_8,linux,pipewire,deny,not pipewire-listed; fallback cap.frame.format.yuv.semiplanar420_8
cap.frame.format.yuv.semiplanar444_8,win32,mediafoundation,deny,not mf-listed; fallback cap.frame.format.yuv.semiplanar420_8
cap.frame.format.yuv.semiplanar444_8,web,getusermedia,deny,not web-delivered; fallback cap.frame.format.yuv.semiplanar420_8
cap.frame.format.yuv.semiplanar444_8,uvc-direct,uvc,deny,frm-uvcstack; fallback host-OS axis
cap.frame.format.yuv.semiplanar444_8,genicam,sfnc,deny,not genicam-listed; fallback cap.frame.format.yuv.planar444_8
cap.frame.format.yuv.semiplanar420_hdr,macos,avfoundation,native,
cap.frame.format.yuv.semiplanar420_hdr,ios,avfoundation,native,
cap.frame.format.yuv.semiplanar420_hdr,android,camera2ndk,native,
cap.frame.format.yuv.semiplanar420_hdr,android,camerax,deny,frm-cxinterop; P010 only via Camera2Interop; fallback cap.frame.format.yuv.semiplanar420_8
cap.frame.format.yuv.semiplanar420_hdr,linux,v4l2,native,
cap.frame.format.yuv.semiplanar420_hdr,linux,libcamera,deny,not libcamera-listed; fallback cap.frame.format.yuv.semiplanar420_8
cap.frame.format.yuv.semiplanar420_hdr,linux,pipewire,deny,not pipewire-listed; fallback cap.frame.format.yuv.semiplanar420_8
cap.frame.format.yuv.semiplanar420_hdr,win32,mediafoundation,native,
cap.frame.format.yuv.semiplanar420_hdr,web,getusermedia,deny,not web-delivered; fallback cap.frame.format.yuv.semiplanar420_8
cap.frame.format.yuv.semiplanar420_hdr,uvc-direct,uvc,deny,frm-uvcstack; fallback host-OS axis
cap.frame.format.yuv.semiplanar420_hdr,genicam,sfnc,deny,not genicam-listed; fallback cap.frame.format.gray_highbit
cap.frame.format.yuv.semiplanar422_hdr,macos,avfoundation,deny,not avf-delivered; fallback cap.frame.format.yuv.semiplanar420_hdr
cap.frame.format.yuv.semiplanar422_hdr,ios,avfoundation,deny,not avf-delivered; fallback cap.frame.format.yuv.semiplanar420_hdr
cap.frame.format.yuv.semiplanar422_hdr,android,camera2ndk,?,frm-vocabq; vocab §14d camera2 P210 unconfirmed
cap.frame.format.yuv.semiplanar422_hdr,android,camerax,deny,frm-cxinterop; not in common set; fallback cap.frame.format.yuv.semiplanar420_hdr
cap.frame.format.yuv.semiplanar422_hdr,linux,v4l2,native,
cap.frame.format.yuv.semiplanar422_hdr,linux,libcamera,deny,not libcamera-listed; fallback cap.frame.format.yuv.semiplanar420_hdr
cap.frame.format.yuv.semiplanar422_hdr,linux,pipewire,deny,not pipewire-listed; fallback cap.frame.format.yuv.semiplanar420_hdr
cap.frame.format.yuv.semiplanar422_hdr,win32,mediafoundation,deny,not mf-listed; fallback cap.frame.format.yuv.semiplanar420_hdr
cap.frame.format.yuv.semiplanar422_hdr,web,getusermedia,deny,not web-delivered; fallback cap.frame.format.yuv.semiplanar420_hdr
cap.frame.format.yuv.semiplanar422_hdr,uvc-direct,uvc,deny,frm-uvcstack; fallback host-OS axis
cap.frame.format.yuv.semiplanar422_hdr,genicam,sfnc,deny,not genicam-listed; fallback cap.frame.format.gray_highbit
cap.frame.format.yuv.planar420_8,macos,avfoundation,deny,not avf-delivered; fallback cap.frame.format.yuv.semiplanar420_8
cap.frame.format.yuv.planar420_8,ios,avfoundation,deny,not avf-delivered; fallback cap.frame.format.yuv.semiplanar420_8
cap.frame.format.yuv.planar420_8,android,camera2ndk,native,
cap.frame.format.yuv.planar420_8,android,camerax,deny,frm-cxinterop; not in common set; fallback cap.frame.format.yuv.semiplanar420_8
cap.frame.format.yuv.planar420_8,linux,v4l2,native,
cap.frame.format.yuv.planar420_8,linux,libcamera,native,
cap.frame.format.yuv.planar420_8,linux,pipewire,native,
cap.frame.format.yuv.planar420_8,win32,mediafoundation,native,
cap.frame.format.yuv.planar420_8,web,getusermedia,native,
cap.frame.format.yuv.planar420_8,uvc-direct,uvc,deny,frm-uvcstack; fallback host-OS axis
cap.frame.format.yuv.planar420_8,genicam,sfnc,deny,not genicam-listed; fallback cap.frame.format.yuv.semiplanar420_8
cap.frame.format.yuv.planar422_8,macos,avfoundation,deny,not avf-delivered; fallback cap.frame.format.yuv.semiplanar420_8
cap.frame.format.yuv.planar422_8,ios,avfoundation,deny,not avf-delivered; fallback cap.frame.format.yuv.semiplanar420_8
cap.frame.format.yuv.planar422_8,android,camera2ndk,deny,not camera2-delivered; fallback cap.frame.format.yuv.semiplanar422_8
cap.frame.format.yuv.planar422_8,android,camerax,deny,not camerax-exposed; fallback cap.frame.format.yuv.semiplanar420_8
cap.frame.format.yuv.planar422_8,linux,v4l2,native,
cap.frame.format.yuv.planar422_8,linux,libcamera,native,
cap.frame.format.yuv.planar422_8,linux,pipewire,deny,not pipewire-listed; fallback cap.frame.format.yuv.semiplanar420_8
cap.frame.format.yuv.planar422_8,win32,mediafoundation,deny,not mf-listed; fallback cap.frame.format.yuv.semiplanar420_8
cap.frame.format.yuv.planar422_8,web,getusermedia,native,
cap.frame.format.yuv.planar422_8,uvc-direct,uvc,deny,frm-uvcstack; fallback host-OS axis
cap.frame.format.yuv.planar422_8,genicam,sfnc,deny,not genicam-listed; fallback cap.frame.format.yuv.semiplanar422_8
cap.frame.format.yuv.planar444_8,macos,avfoundation,deny,not avf-delivered; fallback cap.frame.format.yuv.semiplanar420_8
cap.frame.format.yuv.planar444_8,ios,avfoundation,deny,not avf-delivered; fallback cap.frame.format.yuv.semiplanar420_8
cap.frame.format.yuv.planar444_8,android,camera2ndk,deny,not camera2-delivered; fallback cap.frame.format.yuv.semiplanar444_8
cap.frame.format.yuv.planar444_8,android,camerax,deny,not camerax-exposed; fallback cap.frame.format.yuv.semiplanar420_8
cap.frame.format.yuv.planar444_8,linux,v4l2,native,
cap.frame.format.yuv.planar444_8,linux,libcamera,native,
cap.frame.format.yuv.planar444_8,linux,pipewire,deny,not pipewire-listed; fallback cap.frame.format.yuv.semiplanar420_8
cap.frame.format.yuv.planar444_8,win32,mediafoundation,deny,not mf-listed; fallback cap.frame.format.yuv.semiplanar420_8
cap.frame.format.yuv.planar444_8,web,getusermedia,native,
cap.frame.format.yuv.planar444_8,uvc-direct,uvc,deny,frm-uvcstack; fallback host-OS axis
cap.frame.format.yuv.planar444_8,genicam,sfnc,deny,not genicam-listed; fallback cap.frame.format.yuv.semiplanar444_8
cap.frame.format.yuv.planar_subsampled,macos,avfoundation,deny,not avf-delivered; fallback cap.frame.format.yuv.semiplanar420_8
cap.frame.format.yuv.planar_subsampled,ios,avfoundation,deny,not avf-delivered; fallback cap.frame.format.yuv.semiplanar420_8
cap.frame.format.yuv.planar_subsampled,android,camera2ndk,deny,not camera2-delivered; fallback cap.frame.format.yuv.semiplanar420_8
cap.frame.format.yuv.planar_subsampled,android,camerax,deny,not camerax-exposed; fallback cap.frame.format.yuv.semiplanar420_8
cap.frame.format.yuv.planar_subsampled,linux,v4l2,native,
cap.frame.format.yuv.planar_subsampled,linux,libcamera,deny,not libcamera-listed; fallback cap.frame.format.yuv.semiplanar420_8
cap.frame.format.yuv.planar_subsampled,linux,pipewire,deny,not pipewire-listed; fallback cap.frame.format.yuv.semiplanar420_8
cap.frame.format.yuv.planar_subsampled,win32,mediafoundation,deny,not mf-listed; fallback cap.frame.format.yuv.semiplanar420_8
cap.frame.format.yuv.planar_subsampled,web,getusermedia,deny,not web-delivered; fallback cap.frame.format.yuv.semiplanar420_8
cap.frame.format.yuv.planar_subsampled,uvc-direct,uvc,deny,frm-uvcstack; fallback host-OS axis
cap.frame.format.yuv.planar_subsampled,genicam,sfnc,deny,not genicam-listed; fallback cap.frame.format.yuv.semiplanar420_8
cap.frame.format.yuv.planar_hdr,macos,avfoundation,deny,not avf-delivered; fallback cap.frame.format.yuv.semiplanar420_hdr
cap.frame.format.yuv.planar_hdr,ios,avfoundation,deny,not avf-delivered; fallback cap.frame.format.yuv.semiplanar420_hdr
cap.frame.format.yuv.planar_hdr,android,camera2ndk,deny,not camera2-delivered; fallback cap.frame.format.yuv.semiplanar420_hdr
cap.frame.format.yuv.planar_hdr,android,camerax,deny,not camerax-exposed; fallback cap.frame.format.yuv.semiplanar420_hdr
cap.frame.format.yuv.planar_hdr,linux,v4l2,native,
cap.frame.format.yuv.planar_hdr,linux,libcamera,deny,not libcamera-listed; fallback cap.frame.format.yuv.semiplanar420_hdr
cap.frame.format.yuv.planar_hdr,linux,pipewire,deny,not pipewire-listed; fallback cap.frame.format.yuv.semiplanar420_hdr
cap.frame.format.yuv.planar_hdr,win32,mediafoundation,deny,not mf-listed; fallback cap.frame.format.yuv.semiplanar420_hdr
cap.frame.format.yuv.planar_hdr,web,getusermedia,native,
cap.frame.format.yuv.planar_hdr,uvc-direct,uvc,deny,frm-uvcstack; fallback host-OS axis
cap.frame.format.yuv.planar_hdr,genicam,sfnc,deny,not genicam-listed; fallback cap.frame.format.gray_highbit
cap.frame.format.yuv.tiled,macos,avfoundation,deny,not avf-delivered; fallback cap.frame.format.yuv.semiplanar420_8
cap.frame.format.yuv.tiled,ios,avfoundation,deny,not avf-delivered; fallback cap.frame.format.yuv.semiplanar420_8
cap.frame.format.yuv.tiled,android,camera2ndk,deny,not camera2-delivered; fallback cap.frame.format.opaque_private
cap.frame.format.yuv.tiled,android,camerax,deny,not camerax-exposed; fallback cap.frame.format.opaque_private
cap.frame.format.yuv.tiled,linux,v4l2,native,
cap.frame.format.yuv.tiled,linux,libcamera,deny,not libcamera-listed; fallback cap.frame.format.yuv.semiplanar420_8
cap.frame.format.yuv.tiled,linux,pipewire,deny,not pipewire-listed; fallback cap.frame.format.yuv.semiplanar420_8
cap.frame.format.yuv.tiled,win32,mediafoundation,deny,not mf-listed; fallback cap.frame.format.yuv.semiplanar420_8
cap.frame.format.yuv.tiled,web,getusermedia,deny,not web-delivered; fallback cap.frame.format.yuv.semiplanar420_8
cap.frame.format.yuv.tiled,uvc-direct,uvc,deny,frm-uvcstack; fallback host-OS axis
cap.frame.format.yuv.tiled,genicam,sfnc,deny,not genicam-listed; fallback cap.frame.format.yuv.semiplanar420_8
cap.frame.format.bayer8,macos,avfoundation,deny,not avf-delivered; fallback cap.frame.format.gray8
cap.frame.format.bayer8,ios,avfoundation,deny,not avf-delivered; fallback cap.frame.format.gray8
cap.frame.format.bayer8,android,camera2ndk,native,
cap.frame.format.bayer8,android,camerax,deny,frm-cxinterop; RAW only via Camera2Interop; fallback cap.frame.format.gray8
cap.frame.format.bayer8,linux,v4l2,native,
cap.frame.format.bayer8,linux,libcamera,native,
cap.frame.format.bayer8,linux,pipewire,deny,not pipewire-listed; fallback cap.frame.format.gray8
cap.frame.format.bayer8,win32,mediafoundation,deny,not mf-listed; fallback cap.frame.format.gray8
cap.frame.format.bayer8,web,getusermedia,deny,not web-delivered; fallback cap.frame.format.gray8
cap.frame.format.bayer8,uvc-direct,uvc,deny,frm-uvcstack; fallback host-OS axis
cap.frame.format.bayer8,genicam,sfnc,native,
cap.frame.format.bayer10,macos,avfoundation,deny,not avf-delivered; fallback cap.frame.format.bayer8
cap.frame.format.bayer10,ios,avfoundation,deny,not avf-delivered; fallback cap.frame.format.bayer8
cap.frame.format.bayer10,android,camera2ndk,native,
cap.frame.format.bayer10,android,camerax,deny,frm-cxinterop; RAW only via Camera2Interop; fallback cap.frame.format.bayer8
cap.frame.format.bayer10,linux,v4l2,native,
cap.frame.format.bayer10,linux,libcamera,native,
cap.frame.format.bayer10,linux,pipewire,deny,not pipewire-listed; fallback cap.frame.format.bayer8
cap.frame.format.bayer10,win32,mediafoundation,deny,not mf-listed; fallback cap.frame.format.bayer8
cap.frame.format.bayer10,web,getusermedia,deny,not web-delivered; fallback cap.frame.format.bayer8
cap.frame.format.bayer10,uvc-direct,uvc,deny,frm-uvcstack; fallback host-OS axis
cap.frame.format.bayer10,genicam,sfnc,native,
cap.frame.format.bayer12,macos,avfoundation,deny,not avf-delivered; fallback cap.frame.format.bayer8
cap.frame.format.bayer12,ios,avfoundation,deny,not avf-delivered; fallback cap.frame.format.bayer8
cap.frame.format.bayer12,android,camera2ndk,native,
cap.frame.format.bayer12,android,camerax,deny,frm-cxinterop; RAW only via Camera2Interop; fallback cap.frame.format.bayer8
cap.frame.format.bayer12,linux,v4l2,native,
cap.frame.format.bayer12,linux,libcamera,native,
cap.frame.format.bayer12,linux,pipewire,deny,not pipewire-listed; fallback cap.frame.format.bayer8
cap.frame.format.bayer12,win32,mediafoundation,deny,not mf-listed; fallback cap.frame.format.bayer8
cap.frame.format.bayer12,web,getusermedia,deny,not web-delivered; fallback cap.frame.format.bayer8
cap.frame.format.bayer12,uvc-direct,uvc,deny,frm-uvcstack; fallback host-OS axis
cap.frame.format.bayer12,genicam,sfnc,native,
cap.frame.format.bayer14,macos,avfoundation,native,
cap.frame.format.bayer14,ios,avfoundation,native,
cap.frame.format.bayer14,android,camera2ndk,deny,no RAW14 in camera2 ImageFormat; fallback cap.frame.format.bayer12
cap.frame.format.bayer14,android,camerax,deny,frm-cxinterop; no RAW14; fallback cap.frame.format.bayer12
cap.frame.format.bayer14,linux,v4l2,native,
cap.frame.format.bayer14,linux,libcamera,native,
cap.frame.format.bayer14,linux,pipewire,deny,not pipewire-listed; fallback cap.frame.format.bayer12
cap.frame.format.bayer14,win32,mediafoundation,deny,not mf-listed; fallback cap.frame.format.bayer12
cap.frame.format.bayer14,web,getusermedia,deny,not web-delivered; fallback cap.frame.format.bayer12
cap.frame.format.bayer14,uvc-direct,uvc,deny,frm-uvcstack; fallback host-OS axis
cap.frame.format.bayer14,genicam,sfnc,deny,not genicam-listed (14-bit); fallback cap.frame.format.bayer12
cap.frame.format.bayer16,macos,avfoundation,deny,not avf-delivered; fallback cap.frame.format.bayer14
cap.frame.format.bayer16,ios,avfoundation,deny,not avf-delivered; fallback cap.frame.format.bayer14
cap.frame.format.bayer16,android,camera2ndk,native,
cap.frame.format.bayer16,android,camerax,deny,frm-cxinterop; RAW only via Camera2Interop; fallback cap.frame.format.bayer12
cap.frame.format.bayer16,linux,v4l2,native,
cap.frame.format.bayer16,linux,libcamera,native,
cap.frame.format.bayer16,linux,pipewire,deny,not pipewire-listed; fallback cap.frame.format.bayer12
cap.frame.format.bayer16,win32,mediafoundation,deny,not mf-listed; fallback cap.frame.format.bayer12
cap.frame.format.bayer16,web,getusermedia,deny,not web-delivered; fallback cap.frame.format.bayer12
cap.frame.format.bayer16,uvc-direct,uvc,deny,frm-uvcstack; fallback host-OS axis
cap.frame.format.bayer16,genicam,sfnc,native,
cap.frame.format.bayer.compressed,macos,avfoundation,deny,not avf-delivered; fallback cap.frame.format.bayer16
cap.frame.format.bayer.compressed,ios,avfoundation,deny,not avf-delivered; fallback cap.frame.format.bayer16
cap.frame.format.bayer.compressed,android,camera2ndk,deny,not camera2-delivered; fallback cap.frame.format.bayer16
cap.frame.format.bayer.compressed,android,camerax,deny,frm-cxinterop; fallback cap.frame.format.bayer16
cap.frame.format.bayer.compressed,linux,v4l2,native,
cap.frame.format.bayer.compressed,linux,libcamera,native,
cap.frame.format.bayer.compressed,linux,pipewire,deny,not pipewire-listed; fallback cap.frame.format.bayer16
cap.frame.format.bayer.compressed,win32,mediafoundation,deny,not mf-listed; fallback cap.frame.format.bayer16
cap.frame.format.bayer.compressed,web,getusermedia,deny,not web-delivered; fallback cap.frame.format.bayer16
cap.frame.format.bayer.compressed,uvc-direct,uvc,deny,frm-uvcstack; fallback host-OS axis
cap.frame.format.bayer.compressed,genicam,sfnc,deny,not genicam-listed; fallback cap.frame.format.bayer16
cap.frame.format.gray8,macos,avfoundation,native,
cap.frame.format.gray8,ios,avfoundation,native,
cap.frame.format.gray8,android,camera2ndk,native,
cap.frame.format.gray8,android,camerax,deny,frm-cxinterop; Y8 not in common set; fallback cap.frame.format.yuv.semiplanar420_8
cap.frame.format.gray8,linux,v4l2,deny,not v4l2-listed on gray8 (Y16 only on gray_highbit); fallback cap.frame.format.gray_highbit
cap.frame.format.gray8,linux,libcamera,native,
cap.frame.format.gray8,linux,pipewire,native,
cap.frame.format.gray8,win32,mediafoundation,?,frm-vocabq; vocab §14d mf L8 unconfirmed
cap.frame.format.gray8,web,getusermedia,deny,not web-delivered; fallback cap.frame.format.yuv.semiplanar420_8
cap.frame.format.gray8,uvc-direct,uvc,deny,frm-uvcstack; fallback host-OS axis
cap.frame.format.gray8,genicam,sfnc,native,
cap.frame.format.gray_highbit,macos,avfoundation,native,
cap.frame.format.gray_highbit,ios,avfoundation,native,
cap.frame.format.gray_highbit,android,camera2ndk,deny,not camera2-delivered; fallback cap.frame.format.gray8
cap.frame.format.gray_highbit,android,camerax,deny,frm-cxinterop; fallback cap.frame.format.gray8
cap.frame.format.gray_highbit,linux,v4l2,native,
cap.frame.format.gray_highbit,linux,libcamera,native,
cap.frame.format.gray_highbit,linux,pipewire,native,
cap.frame.format.gray_highbit,win32,mediafoundation,?,frm-vocabq; vocab §14d mf L16 unconfirmed
cap.frame.format.gray_highbit,web,getusermedia,deny,not web-delivered; fallback cap.frame.format.gray8
cap.frame.format.gray_highbit,uvc-direct,uvc,deny,frm-uvcstack; fallback host-OS axis
cap.frame.format.gray_highbit,genicam,sfnc,native,
cap.frame.format.3d.coord,macos,avfoundation,deny,frm-ceiling; genicam-only 3D coord; fallback cap.frame.format.gray_highbit
cap.frame.format.3d.coord,ios,avfoundation,deny,frm-ceiling; genicam-only 3D coord; fallback cap.frame.format.gray_highbit
cap.frame.format.3d.coord,android,camera2ndk,deny,frm-ceiling; genicam-only 3D coord; fallback cap.frame.format.gray_highbit
cap.frame.format.3d.coord,android,camerax,deny,frm-ceiling; genicam-only 3D coord; fallback cap.frame.format.gray_highbit
cap.frame.format.3d.coord,linux,v4l2,deny,frm-ceiling; genicam-only 3D coord; fallback cap.frame.format.gray_highbit
cap.frame.format.3d.coord,linux,libcamera,deny,frm-ceiling; genicam-only 3D coord; fallback cap.frame.format.gray_highbit
cap.frame.format.3d.coord,linux,pipewire,deny,frm-ceiling; genicam-only 3D coord; fallback cap.frame.format.gray_highbit
cap.frame.format.3d.coord,win32,mediafoundation,deny,frm-ceiling; genicam-only 3D coord; fallback cap.frame.format.gray_highbit
cap.frame.format.3d.coord,web,getusermedia,deny,frm-ceiling; genicam-only 3D coord; fallback cap.frame.format.gray_highbit
cap.frame.format.3d.coord,uvc-direct,uvc,deny,frm-ceiling; genicam-only 3D coord; fallback cap.frame.format.gray_highbit
cap.frame.format.3d.coord,genicam,sfnc,native,
cap.frame.format.3d.confidence,macos,avfoundation,deny,frm-ceiling; genicam-only confidence; fallback cap.frame.format.gray_highbit
cap.frame.format.3d.confidence,ios,avfoundation,deny,frm-ceiling; genicam-only confidence; fallback cap.frame.format.gray_highbit
cap.frame.format.3d.confidence,android,camera2ndk,deny,frm-ceiling; genicam-only confidence; fallback cap.frame.format.gray_highbit
cap.frame.format.3d.confidence,android,camerax,deny,frm-ceiling; genicam-only confidence; fallback cap.frame.format.gray_highbit
cap.frame.format.3d.confidence,linux,v4l2,deny,frm-ceiling; genicam-only confidence; fallback cap.frame.format.gray_highbit
cap.frame.format.3d.confidence,linux,libcamera,deny,frm-ceiling; genicam-only confidence; fallback cap.frame.format.gray_highbit
cap.frame.format.3d.confidence,linux,pipewire,deny,frm-ceiling; genicam-only confidence; fallback cap.frame.format.gray_highbit
cap.frame.format.3d.confidence,win32,mediafoundation,deny,frm-ceiling; genicam-only confidence; fallback cap.frame.format.gray_highbit
cap.frame.format.3d.confidence,web,getusermedia,deny,frm-ceiling; genicam-only confidence; fallback cap.frame.format.gray_highbit
cap.frame.format.3d.confidence,uvc-direct,uvc,deny,frm-ceiling; genicam-only confidence; fallback cap.frame.format.gray_highbit
cap.frame.format.3d.confidence,genicam,sfnc,native,
cap.frame.format.compressed_perframe,macos,avfoundation,native,
cap.frame.format.compressed_perframe,ios,avfoundation,native,
cap.frame.format.compressed_perframe,android,camera2ndk,native,
cap.frame.format.compressed_perframe,android,camerax,native,
cap.frame.format.compressed_perframe,linux,v4l2,native,
cap.frame.format.compressed_perframe,linux,libcamera,native,
cap.frame.format.compressed_perframe,linux,pipewire,native,
cap.frame.format.compressed_perframe,win32,mediafoundation,native,
cap.frame.format.compressed_perframe,web,getusermedia,deny,web VideoFrame is decoded; encoded path via WebCodecs not capture; fallback cap.frame.format.yuv.semiplanar420_8
cap.frame.format.compressed_perframe,uvc-direct,uvc,native,frm-uvcstack; UVC stream carries MJPEG/H264
cap.frame.format.compressed_perframe,genicam,sfnc,native,
cap.frame.format.opaque_private,macos,avfoundation,deny,no opaque-private delivery format on avf; fallback cap.frame.zerocopy.iosurface
cap.frame.format.opaque_private,ios,avfoundation,deny,no opaque-private delivery format on avf; fallback cap.frame.zerocopy.iosurface
cap.frame.format.opaque_private,android,camera2ndk,native,
cap.frame.format.opaque_private,android,camerax,native,
cap.frame.format.opaque_private,linux,v4l2,deny,no opaque-private format on v4l2; fallback cap.frame.zerocopy.dmabuf
cap.frame.format.opaque_private,linux,libcamera,deny,no opaque-private format on libcamera; fallback cap.frame.zerocopy.dmabuf
cap.frame.format.opaque_private,linux,pipewire,deny,no opaque-private format on pipewire; fallback cap.frame.zerocopy.dmabuf
cap.frame.format.opaque_private,win32,mediafoundation,deny,no opaque-private format on mf; fallback cap.frame.zerocopy.d3d11
cap.frame.format.opaque_private,web,getusermedia,native,
cap.frame.format.opaque_private,uvc-direct,uvc,deny,frm-uvcstack; fallback host-OS axis
cap.frame.format.opaque_private,genicam,sfnc,deny,not genicam-listed; fallback cap.frame.format.opaque_private host axis
cap.frame.format.enumerate,macos,avfoundation,native,
cap.frame.format.enumerate,ios,avfoundation,native,
cap.frame.format.enumerate,android,camera2ndk,native,
cap.frame.format.enumerate,android,camerax,native,
cap.frame.format.enumerate,linux,v4l2,native,
cap.frame.format.enumerate,linux,libcamera,native,
cap.frame.format.enumerate,linux,pipewire,native,
cap.frame.format.enumerate,win32,mediafoundation,native,
cap.frame.format.enumerate,web,getusermedia,native,
cap.frame.format.enumerate,uvc-direct,uvc,deny,frm-uvcstack; Probe/Commit negotiated by host stack; fallback host-OS axis
cap.frame.format.enumerate,genicam,sfnc,native,
cap.frame.format.select,macos,avfoundation,native,
cap.frame.format.select,ios,avfoundation,native,
cap.frame.format.select,android,camera2ndk,native,
cap.frame.format.select,android,camerax,native,
cap.frame.format.select,linux,v4l2,native,
cap.frame.format.select,linux,libcamera,native,
cap.frame.format.select,linux,pipewire,native,
cap.frame.format.select,win32,mediafoundation,native,
cap.frame.format.select,web,getusermedia,native,
cap.frame.format.select,uvc-direct,uvc,deny,frm-uvcstack; Probe/Commit by host stack; fallback host-OS axis
cap.frame.format.select,genicam,sfnc,native,
cap.frame.zerocopy.iosurface,macos,avfoundation,native,
cap.frame.zerocopy.iosurface,ios,avfoundation,native,
cap.frame.zerocopy.iosurface,android,camera2ndk,deny,frm-surfkind; IOSurface is apple-only; fallback cap.frame.zerocopy.ahardwarebuffer
cap.frame.zerocopy.iosurface,android,camerax,deny,frm-surfkind; IOSurface is apple-only; fallback cap.frame.zerocopy.ahardwarebuffer
cap.frame.zerocopy.iosurface,linux,v4l2,deny,frm-surfkind; IOSurface is apple-only; fallback cap.frame.zerocopy.dmabuf
cap.frame.zerocopy.iosurface,linux,libcamera,deny,frm-surfkind; IOSurface is apple-only; fallback cap.frame.zerocopy.dmabuf
cap.frame.zerocopy.iosurface,linux,pipewire,deny,frm-surfkind; IOSurface is apple-only; fallback cap.frame.zerocopy.dmabuf
cap.frame.zerocopy.iosurface,win32,mediafoundation,deny,frm-surfkind; IOSurface is apple-only; fallback cap.frame.zerocopy.d3d11
cap.frame.zerocopy.iosurface,web,getusermedia,deny,frm-surfkind; IOSurface is apple-only; fallback cap.frame.zerocopy.webgpu_videoframe
cap.frame.zerocopy.iosurface,uvc-direct,uvc,deny,frm-uvcstack; fallback host-OS axis
cap.frame.zerocopy.iosurface,genicam,sfnc,deny,frm-surfkind; IOSurface is apple-only; fallback cap.frame.map.cpu
cap.frame.zerocopy.ahardwarebuffer,macos,avfoundation,deny,frm-surfkind; AHardwareBuffer is android-only; fallback cap.frame.zerocopy.iosurface
cap.frame.zerocopy.ahardwarebuffer,ios,avfoundation,deny,frm-surfkind; AHardwareBuffer is android-only; fallback cap.frame.zerocopy.iosurface
cap.frame.zerocopy.ahardwarebuffer,android,camera2ndk,native,
cap.frame.zerocopy.ahardwarebuffer,android,camerax,native,
cap.frame.zerocopy.ahardwarebuffer,linux,v4l2,deny,frm-surfkind; AHardwareBuffer is android-only; fallback cap.frame.zerocopy.dmabuf
cap.frame.zerocopy.ahardwarebuffer,linux,libcamera,deny,frm-surfkind; AHardwareBuffer is android-only; fallback cap.frame.zerocopy.dmabuf
cap.frame.zerocopy.ahardwarebuffer,linux,pipewire,deny,frm-surfkind; AHardwareBuffer is android-only; fallback cap.frame.zerocopy.dmabuf
cap.frame.zerocopy.ahardwarebuffer,win32,mediafoundation,deny,frm-surfkind; AHardwareBuffer is android-only; fallback cap.frame.zerocopy.d3d11
cap.frame.zerocopy.ahardwarebuffer,web,getusermedia,deny,frm-surfkind; AHardwareBuffer is android-only; fallback cap.frame.zerocopy.webgpu_videoframe
cap.frame.zerocopy.ahardwarebuffer,uvc-direct,uvc,deny,frm-uvcstack; fallback host-OS axis
cap.frame.zerocopy.ahardwarebuffer,genicam,sfnc,deny,frm-surfkind; AHardwareBuffer is android-only; fallback cap.frame.map.cpu
cap.frame.zerocopy.dmabuf,macos,avfoundation,deny,frm-surfkind; dmabuf is linux-only; fallback cap.frame.zerocopy.iosurface
cap.frame.zerocopy.dmabuf,ios,avfoundation,deny,frm-surfkind; dmabuf is linux-only; fallback cap.frame.zerocopy.iosurface
cap.frame.zerocopy.dmabuf,android,camera2ndk,deny,frm-surfkind; dmabuf is linux-only; fallback cap.frame.zerocopy.ahardwarebuffer
cap.frame.zerocopy.dmabuf,android,camerax,deny,frm-surfkind; dmabuf is linux-only; fallback cap.frame.zerocopy.ahardwarebuffer
cap.frame.zerocopy.dmabuf,linux,v4l2,native,
cap.frame.zerocopy.dmabuf,linux,libcamera,native,
cap.frame.zerocopy.dmabuf,linux,pipewire,native,
cap.frame.zerocopy.dmabuf,win32,mediafoundation,deny,frm-surfkind; dmabuf is linux-only; fallback cap.frame.zerocopy.d3d11
cap.frame.zerocopy.dmabuf,web,getusermedia,deny,frm-surfkind; dmabuf is linux-only; fallback cap.frame.zerocopy.webgpu_videoframe
cap.frame.zerocopy.dmabuf,uvc-direct,uvc,deny,frm-uvcstack; fallback host-OS axis
cap.frame.zerocopy.dmabuf,genicam,sfnc,deny,frm-surfkind; dmabuf is linux-only; fallback cap.frame.map.cpu
cap.frame.zerocopy.dmabuf.modifiers,macos,avfoundation,deny,frm-surfkind; DRM modifiers linux-only; fallback cap.frame.zerocopy.iosurface
cap.frame.zerocopy.dmabuf.modifiers,ios,avfoundation,deny,frm-surfkind; DRM modifiers linux-only; fallback cap.frame.zerocopy.iosurface
cap.frame.zerocopy.dmabuf.modifiers,android,camera2ndk,deny,frm-surfkind; DRM modifiers linux-only; fallback cap.frame.zerocopy.ahardwarebuffer
cap.frame.zerocopy.dmabuf.modifiers,android,camerax,deny,frm-surfkind; DRM modifiers linux-only; fallback cap.frame.zerocopy.ahardwarebuffer
cap.frame.zerocopy.dmabuf.modifiers,linux,v4l2,deny,not v4l2-listed (v4l2 dmabuf carries no modifier); fallback cap.frame.zerocopy.dmabuf
cap.frame.zerocopy.dmabuf.modifiers,linux,libcamera,native,
cap.frame.zerocopy.dmabuf.modifiers,linux,pipewire,native,
cap.frame.zerocopy.dmabuf.modifiers,win32,mediafoundation,deny,frm-surfkind; DRM modifiers linux-only; fallback cap.frame.zerocopy.d3d11
cap.frame.zerocopy.dmabuf.modifiers,web,getusermedia,deny,frm-surfkind; DRM modifiers linux-only; fallback cap.frame.zerocopy.webgpu_videoframe
cap.frame.zerocopy.dmabuf.modifiers,uvc-direct,uvc,deny,frm-uvcstack; fallback host-OS axis
cap.frame.zerocopy.dmabuf.modifiers,genicam,sfnc,deny,frm-surfkind; DRM modifiers linux-only; fallback cap.frame.zerocopy.dmabuf
cap.frame.zerocopy.dmabuf.explicit_sync,macos,avfoundation,deny,frm-surfkind; explicit-sync fences linux-only; fallback cap.frame.zerocopy.iosurface
cap.frame.zerocopy.dmabuf.explicit_sync,ios,avfoundation,deny,frm-surfkind; explicit-sync fences linux-only; fallback cap.frame.zerocopy.iosurface
cap.frame.zerocopy.dmabuf.explicit_sync,android,camera2ndk,deny,frm-surfkind; explicit-sync fences linux-only; fallback cap.frame.zerocopy.ahardwarebuffer
cap.frame.zerocopy.dmabuf.explicit_sync,android,camerax,deny,frm-surfkind; explicit-sync fences linux-only; fallback cap.frame.zerocopy.ahardwarebuffer
cap.frame.zerocopy.dmabuf.explicit_sync,linux,v4l2,deny,not v4l2-listed; fallback cap.frame.zerocopy.dmabuf
cap.frame.zerocopy.dmabuf.explicit_sync,linux,libcamera,native,
cap.frame.zerocopy.dmabuf.explicit_sync,linux,pipewire,native,
cap.frame.zerocopy.dmabuf.explicit_sync,win32,mediafoundation,deny,frm-surfkind; explicit-sync fences linux-only; fallback cap.frame.zerocopy.d3d11
cap.frame.zerocopy.dmabuf.explicit_sync,web,getusermedia,deny,frm-surfkind; explicit-sync fences linux-only; fallback cap.frame.zerocopy.webgpu_videoframe
cap.frame.zerocopy.dmabuf.explicit_sync,uvc-direct,uvc,deny,frm-uvcstack; fallback host-OS axis
cap.frame.zerocopy.dmabuf.explicit_sync,genicam,sfnc,deny,frm-surfkind; explicit-sync fences linux-only; fallback cap.frame.zerocopy.dmabuf
cap.frame.zerocopy.d3d11,macos,avfoundation,deny,frm-surfkind; D3D11 is win32-only; fallback cap.frame.zerocopy.iosurface
cap.frame.zerocopy.d3d11,ios,avfoundation,deny,frm-surfkind; D3D11 is win32-only; fallback cap.frame.zerocopy.iosurface
cap.frame.zerocopy.d3d11,android,camera2ndk,deny,frm-surfkind; D3D11 is win32-only; fallback cap.frame.zerocopy.ahardwarebuffer
cap.frame.zerocopy.d3d11,android,camerax,deny,frm-surfkind; D3D11 is win32-only; fallback cap.frame.zerocopy.ahardwarebuffer
cap.frame.zerocopy.d3d11,linux,v4l2,deny,frm-surfkind; D3D11 is win32-only; fallback cap.frame.zerocopy.dmabuf
cap.frame.zerocopy.d3d11,linux,libcamera,deny,frm-surfkind; D3D11 is win32-only; fallback cap.frame.zerocopy.dmabuf
cap.frame.zerocopy.d3d11,linux,pipewire,deny,frm-surfkind; D3D11 is win32-only; fallback cap.frame.zerocopy.dmabuf
cap.frame.zerocopy.d3d11,win32,mediafoundation,native,
cap.frame.zerocopy.d3d11,web,getusermedia,deny,frm-surfkind; D3D11 is win32-only; fallback cap.frame.zerocopy.webgpu_videoframe
cap.frame.zerocopy.d3d11,uvc-direct,uvc,deny,frm-uvcstack; fallback host-OS axis
cap.frame.zerocopy.d3d11,genicam,sfnc,deny,frm-surfkind; D3D11 is win32-only; fallback cap.frame.map.cpu
cap.frame.zerocopy.webgpu_videoframe,macos,avfoundation,deny,frm-surfkind; WebGPU external-texture web-only; fallback cap.frame.zerocopy.iosurface
cap.frame.zerocopy.webgpu_videoframe,ios,avfoundation,deny,frm-surfkind; WebGPU external-texture web-only; fallback cap.frame.zerocopy.iosurface
cap.frame.zerocopy.webgpu_videoframe,android,camera2ndk,deny,frm-surfkind; WebGPU external-texture web-only; fallback cap.frame.zerocopy.ahardwarebuffer
cap.frame.zerocopy.webgpu_videoframe,android,camerax,deny,frm-surfkind; WebGPU external-texture web-only; fallback cap.frame.zerocopy.ahardwarebuffer
cap.frame.zerocopy.webgpu_videoframe,linux,v4l2,deny,frm-surfkind; WebGPU external-texture web-only; fallback cap.frame.zerocopy.dmabuf
cap.frame.zerocopy.webgpu_videoframe,linux,libcamera,deny,frm-surfkind; WebGPU external-texture web-only; fallback cap.frame.zerocopy.dmabuf
cap.frame.zerocopy.webgpu_videoframe,linux,pipewire,deny,frm-surfkind; WebGPU external-texture web-only; fallback cap.frame.zerocopy.dmabuf
cap.frame.zerocopy.webgpu_videoframe,win32,mediafoundation,deny,frm-surfkind; WebGPU external-texture web-only; fallback cap.frame.zerocopy.d3d11
cap.frame.zerocopy.webgpu_videoframe,web,getusermedia,native,
cap.frame.zerocopy.webgpu_videoframe,uvc-direct,uvc,deny,frm-uvcstack; fallback host-OS axis
cap.frame.zerocopy.webgpu_videoframe,genicam,sfnc,deny,frm-surfkind; WebGPU external-texture web-only; fallback cap.frame.map.cpu
cap.frame.zerocopy.import_external,macos,avfoundation,deny,no app-allocated capture-target import on avf; fallback cap.frame.pool.allocate
cap.frame.zerocopy.import_external,ios,avfoundation,deny,no app-allocated capture-target import on avf; fallback cap.frame.pool.allocate
cap.frame.zerocopy.import_external,android,camera2ndk,deny,no app-allocated capture-target import on camera2; fallback cap.frame.pool.allocate
cap.frame.zerocopy.import_external,android,camerax,deny,no app-allocated capture-target import on camerax; fallback cap.frame.pool.allocate
cap.frame.zerocopy.import_external,linux,v4l2,native,
cap.frame.zerocopy.import_external,linux,libcamera,native,
cap.frame.zerocopy.import_external,linux,pipewire,deny,no external capture-target import on pipewire (producer-allocated); fallback cap.frame.pool.allocate
cap.frame.zerocopy.import_external,win32,mediafoundation,deny,no app-allocated capture-target import on mf; fallback cap.frame.pool.allocate
cap.frame.zerocopy.import_external,web,getusermedia,deny,no app-allocated capture-target import on web; fallback cap.frame.pool.allocate
cap.frame.zerocopy.import_external,uvc-direct,uvc,deny,frm-uvcstack; fallback host-OS axis
cap.frame.zerocopy.import_external,genicam,sfnc,native,
cap.frame.map.cpu,macos,avfoundation,native,
cap.frame.map.cpu,ios,avfoundation,native,
cap.frame.map.cpu,android,camera2ndk,native,
cap.frame.map.cpu,android,camerax,native,
cap.frame.map.cpu,linux,v4l2,native,
cap.frame.map.cpu,linux,libcamera,native,
cap.frame.map.cpu,linux,pipewire,native,
cap.frame.map.cpu,win32,mediafoundation,native,
cap.frame.map.cpu,web,getusermedia,native,
cap.frame.map.cpu,uvc-direct,uvc,deny,frm-uvcstack; raw frames map to image CPU buffer via host stack; fallback host-OS axis
cap.frame.map.cpu,genicam,sfnc,native,
cap.frame.map.plane_layout,macos,avfoundation,native,
cap.frame.map.plane_layout,ios,avfoundation,native,
cap.frame.map.plane_layout,android,camera2ndk,native,
cap.frame.map.plane_layout,android,camerax,native,
cap.frame.map.plane_layout,linux,v4l2,native,
cap.frame.map.plane_layout,linux,libcamera,native,
cap.frame.map.plane_layout,linux,pipewire,native,
cap.frame.map.plane_layout,win32,mediafoundation,native,
cap.frame.map.plane_layout,web,getusermedia,native,
cap.frame.map.plane_layout,uvc-direct,uvc,deny,frm-uvcstack; fallback host-OS axis
cap.frame.map.plane_layout,genicam,sfnc,native,
cap.frame.map.cache_hint,macos,avfoundation,deny,no cache-coherency control on avf; fallback none
cap.frame.map.cache_hint,ios,avfoundation,deny,no cache-coherency control on avf; fallback none
cap.frame.map.cache_hint,android,camera2ndk,deny,no cache-coherency control on camera2; fallback none
cap.frame.map.cache_hint,android,camerax,deny,no cache-coherency control on camerax; fallback none
cap.frame.map.cache_hint,linux,v4l2,native,
cap.frame.map.cache_hint,linux,libcamera,deny,no cache-coherency control on libcamera; fallback none
cap.frame.map.cache_hint,linux,pipewire,deny,no cache-coherency control on pipewire; fallback none
cap.frame.map.cache_hint,win32,mediafoundation,deny,no cache-coherency control on mf; fallback none
cap.frame.map.cache_hint,web,getusermedia,deny,no cache-coherency control on web; fallback none
cap.frame.map.cache_hint,uvc-direct,uvc,deny,frm-uvcstack; fallback host-OS axis
cap.frame.map.cache_hint,genicam,sfnc,deny,no SFNC cache-coherency feature; fallback none
cap.frame.pool.allocate,macos,avfoundation,native,
cap.frame.pool.allocate,ios,avfoundation,native,
cap.frame.pool.allocate,android,camera2ndk,native,
cap.frame.pool.allocate,android,camerax,native,
cap.frame.pool.allocate,linux,v4l2,native,
cap.frame.pool.allocate,linux,libcamera,native,
cap.frame.pool.allocate,linux,pipewire,native,
cap.frame.pool.allocate,win32,mediafoundation,deny,mf pool is reader-internal (MediaFrameReference circular); fallback cap.frame.pool.queue_depth
cap.frame.pool.allocate,web,getusermedia,deny,web pool is UA-internal; fallback cap.frame.pool.queue_depth
cap.frame.pool.allocate,uvc-direct,uvc,deny,frm-uvcstack; fallback host-OS axis
cap.frame.pool.allocate,genicam,sfnc,native,
cap.frame.pool.queue_depth,macos,avfoundation,deny,avf has no explicit queue-depth knob (alwaysDiscardsLate=depth-1); fallback cap.frame.drop.policy_latest
cap.frame.pool.queue_depth,ios,avfoundation,deny,avf has no explicit queue-depth knob (alwaysDiscardsLate=depth-1); fallback cap.frame.drop.policy_latest
cap.frame.pool.queue_depth,android,camera2ndk,native,
cap.frame.pool.queue_depth,android,camerax,native,
cap.frame.pool.queue_depth,linux,v4l2,native,
cap.frame.pool.queue_depth,linux,libcamera,native,
cap.frame.pool.queue_depth,linux,pipewire,native,
cap.frame.pool.queue_depth,win32,mediafoundation,deny,mf circular pool depth not app-settable; fallback cap.frame.drop.policy_latest
cap.frame.pool.queue_depth,web,getusermedia,?,frm-webpool; only maxBufferSize knob; pooling UA-internal
cap.frame.pool.queue_depth,uvc-direct,uvc,deny,frm-uvcstack; fallback host-OS axis
cap.frame.pool.queue_depth,genicam,sfnc,native,
cap.frame.pool.lifecycle_events,macos,avfoundation,deny,no pool add/remove notification on avf; fallback none
cap.frame.pool.lifecycle_events,ios,avfoundation,deny,no pool add/remove notification on avf; fallback none
cap.frame.pool.lifecycle_events,android,camera2ndk,native,
cap.frame.pool.lifecycle_events,android,camerax,deny,camerax hides ImageReader buffer lifecycle; fallback none
cap.frame.pool.lifecycle_events,linux,v4l2,deny,no pool add/remove notification on v4l2; fallback none
cap.frame.pool.lifecycle_events,linux,libcamera,deny,no pool add/remove notification on libcamera; fallback none
cap.frame.pool.lifecycle_events,linux,pipewire,native,
cap.frame.pool.lifecycle_events,win32,mediafoundation,deny,no pool add/remove notification on mf; fallback none
cap.frame.pool.lifecycle_events,web,getusermedia,deny,no pool add/remove notification on web; fallback none
cap.frame.pool.lifecycle_events,uvc-direct,uvc,deny,frm-uvcstack; fallback host-OS axis
cap.frame.pool.lifecycle_events,genicam,sfnc,deny,no SFNC pool-lifecycle event; fallback none
cap.frame.pool.recycle,macos,avfoundation,deny,avf recycle is ARC retain/release of CMSampleBuffer; no explicit return API; fallback none
cap.frame.pool.recycle,ios,avfoundation,deny,avf recycle is ARC retain/release of CMSampleBuffer; no explicit return API; fallback none
cap.frame.pool.recycle,android,camera2ndk,native,
cap.frame.pool.recycle,android,camerax,native,
cap.frame.pool.recycle,linux,v4l2,native,
cap.frame.pool.recycle,linux,libcamera,native,
cap.frame.pool.recycle,linux,pipewire,native,
cap.frame.pool.recycle,win32,mediafoundation,native,
cap.frame.pool.recycle,web,getusermedia,native,
cap.frame.pool.recycle,uvc-direct,uvc,deny,frm-uvcstack; fallback host-OS axis
cap.frame.pool.recycle,genicam,sfnc,deny,SFNC GenTL DSQueueBuffer not §8b-listed; fallback none
cap.frame.deliver.next,macos,avfoundation,native,
cap.frame.deliver.next,ios,avfoundation,native,
cap.frame.deliver.next,android,camera2ndk,native,
cap.frame.deliver.next,android,camerax,native,
cap.frame.deliver.next,linux,v4l2,native,
cap.frame.deliver.next,linux,libcamera,native,
cap.frame.deliver.next,linux,pipewire,native,
cap.frame.deliver.next,win32,mediafoundation,native,
cap.frame.deliver.next,web,getusermedia,native,
cap.frame.deliver.next,uvc-direct,uvc,deny,frm-uvcstack; frame delivery via host stack; fallback host-OS axis
cap.frame.deliver.next,genicam,sfnc,deny,SFNC GenTL DSGetBufferInfo not §8b-listed; fallback host-OS axis
cap.frame.drop.policy_latest,macos,avfoundation,native,
cap.frame.drop.policy_latest,ios,avfoundation,native,
cap.frame.drop.policy_latest,android,camera2ndk,native,
cap.frame.drop.policy_latest,android,camerax,native,
cap.frame.drop.policy_latest,linux,v4l2,deny,v4l2 has no keep-latest policy (manual DQBUF); fallback cap.frame.drop.policy_block
cap.frame.drop.policy_latest,linux,libcamera,deny,libcamera has no keep-latest policy; fallback cap.frame.drop.policy_block
cap.frame.drop.policy_latest,linux,pipewire,deny,pipewire drop is implicit in queue timing; fallback cap.frame.drop.policy_block
cap.frame.drop.policy_latest,win32,mediafoundation,native,
cap.frame.drop.policy_latest,web,getusermedia,native,
cap.frame.drop.policy_latest,uvc-direct,uvc,deny,frm-uvcstack; fallback host-OS axis
cap.frame.drop.policy_latest,genicam,sfnc,deny,no SFNC keep-latest policy; fallback cap.frame.drop.policy_block
cap.frame.drop.policy_block,macos,avfoundation,deny,avf has no block-producer policy (discards late); fallback cap.frame.drop.policy_latest
cap.frame.drop.policy_block,ios,avfoundation,deny,avf has no block-producer policy (discards late); fallback cap.frame.drop.policy_latest
cap.frame.drop.policy_block,android,camera2ndk,native,
cap.frame.drop.policy_block,android,camerax,native,
cap.frame.drop.policy_block,linux,v4l2,native,
cap.frame.drop.policy_block,linux,libcamera,native,
cap.frame.drop.policy_block,linux,pipewire,native,
cap.frame.drop.policy_block,win32,mediafoundation,deny,mf auto-closes oldest (no producer stall); fallback cap.frame.drop.policy_latest
cap.frame.drop.policy_block,web,getusermedia,deny,web back-pressure drops at source (no producer stall); fallback cap.frame.drop.policy_latest
cap.frame.drop.policy_block,uvc-direct,uvc,deny,frm-uvcstack; fallback host-OS axis
cap.frame.drop.policy_block,genicam,sfnc,deny,no SFNC block policy surfaced; fallback cap.frame.drop.policy_latest
cap.frame.drop.signal,macos,avfoundation,native,
cap.frame.drop.signal,ios,avfoundation,native,
cap.frame.drop.signal,android,camera2ndk,deny,camera2 has no explicit drop signal (infer from acquireLatest); fallback cap.timing.frame.sequence-id
cap.frame.drop.signal,android,camerax,deny,camerax has no explicit drop signal; fallback cap.timing.frame.sequence-id
cap.frame.drop.signal,linux,v4l2,native,
cap.frame.drop.signal,linux,libcamera,native,
cap.frame.drop.signal,linux,pipewire,native,
cap.frame.drop.signal,win32,mediafoundation,native,
cap.frame.drop.signal,web,getusermedia,deny,web drops not individually signalled; fallback cap.timing.frame.sequence-id
cap.frame.drop.signal,uvc-direct,uvc,deny,frm-uvcstack; fallback host-OS axis
cap.frame.drop.signal,genicam,sfnc,deny,no SFNC drop signal; fallback cap.timing.frame.sequence-id
cap.frame.drop.reason,macos,avfoundation,native,
cap.frame.drop.reason,ios,avfoundation,native,
cap.frame.drop.reason,android,camera2ndk,?,frm-vocabq; vocab §14d camera2 drop.reason signal-only
cap.frame.drop.reason,android,camerax,?,frm-vocabq; vocab §14d camerax drop.reason signal-only
cap.frame.drop.reason,linux,v4l2,?,frm-vocabq; vocab §14d v4l2 drop.reason signal-only
cap.frame.drop.reason,linux,libcamera,?,frm-vocabq; vocab §14d libcamera drop.reason signal-only
cap.frame.drop.reason,linux,pipewire,deny,pipewire drop reasons not surfaced; fallback cap.frame.drop.signal
cap.frame.drop.reason,win32,mediafoundation,native,
cap.frame.drop.reason,web,getusermedia,deny,web drop reasons not surfaced; fallback cap.frame.drop.signal
cap.frame.drop.reason,uvc-direct,uvc,deny,frm-uvcstack; fallback host-OS axis
cap.frame.drop.reason,genicam,sfnc,deny,no SFNC drop-reason; fallback cap.frame.drop.signal
cap.frame.drop.stats,macos,avfoundation,deny,avf has no cumulative drop counter; fallback cap.frame.drop.signal
cap.frame.drop.stats,ios,avfoundation,deny,avf has no cumulative drop counter; fallback cap.frame.drop.signal
cap.frame.drop.stats,android,camera2ndk,deny,camera2 has no cumulative drop counter; fallback cap.timing.frame.sequence-id
cap.frame.drop.stats,android,camerax,deny,camerax has no cumulative drop counter; fallback cap.timing.frame.sequence-id
cap.frame.drop.stats,linux,v4l2,native,
cap.frame.drop.stats,linux,libcamera,deny,libcamera has no cumulative drop counter; fallback cap.timing.frame.sequence-id
cap.frame.drop.stats,linux,pipewire,deny,pipewire has no cumulative drop counter; fallback cap.timing.frame.sequence-id
cap.frame.drop.stats,win32,mediafoundation,native,
cap.frame.drop.stats,web,getusermedia,deny,web presentedFrames counter only; fallback cap.timing.frame.sequence-id
cap.frame.drop.stats,uvc-direct,uvc,deny,frm-uvcstack; fallback host-OS axis
cap.frame.drop.stats,genicam,sfnc,deny,no SFNC drop-stats; fallback cap.timing.frame.sequence-id
cap.frame.cookie,macos,avfoundation,deny,no opaque app-tag carried with buffer on avf; fallback none
cap.frame.cookie,ios,avfoundation,deny,no opaque app-tag carried with buffer on avf; fallback none
cap.frame.cookie,android,camera2ndk,deny,no buffer cookie on camera2; fallback none
cap.frame.cookie,android,camerax,deny,no buffer cookie on camerax; fallback none
cap.frame.cookie,linux,v4l2,deny,no buffer cookie on v4l2; fallback none
cap.frame.cookie,linux,libcamera,native,
cap.frame.cookie,linux,pipewire,deny,no buffer cookie on pipewire; fallback none
cap.frame.cookie,win32,mediafoundation,deny,no buffer cookie on mf; fallback none
cap.frame.cookie,web,getusermedia,deny,no buffer cookie on web; fallback none
cap.frame.cookie,uvc-direct,uvc,deny,frm-uvcstack; fallback host-OS axis
cap.frame.cookie,genicam,sfnc,deny,no SFNC buffer cookie; fallback none
cap.timing.frame.timestamp,macos,avfoundation,native,tim-ts-avf
cap.timing.frame.timestamp,ios,avfoundation,native,tim-ts-avf
cap.timing.frame.timestamp,android,camera2ndk,native,tim-ts-c2
cap.timing.frame.timestamp,android,camerax,native,tim-ts-cx
cap.timing.frame.timestamp,linux,v4l2,native,tim-ts-v4l2
cap.timing.frame.timestamp,linux,libcamera,native,tim-ts-lc
cap.timing.frame.timestamp,linux,pipewire,native,tim-ts-pw
cap.timing.frame.timestamp,win32,mediafoundation,native,tim-ts-mf
cap.timing.frame.timestamp,web,getusermedia,native,tim-ts-web
cap.timing.frame.timestamp,uvc-direct,uvc,native,tim-ts-uvc
cap.timing.frame.timestamp,genicam,sfnc,native,tim-ts-genicam
cap.timing.frame.timestamp.clock-domain-id,macos,avfoundation,native,tim-clkdom-avf
cap.timing.frame.timestamp.clock-domain-id,ios,avfoundation,native,tim-clkdom-avf
cap.timing.frame.timestamp.clock-domain-id,android,camera2ndk,native,tim-clkdom-c2
cap.timing.frame.timestamp.clock-domain-id,android,camerax,emulate,tim-cxinterop
cap.timing.frame.timestamp.clock-domain-id,linux,v4l2,native,tim-clkdom-v4l2
cap.timing.frame.timestamp.clock-domain-id,linux,libcamera,native,tim-clkdom-lc
cap.timing.frame.timestamp.clock-domain-id,linux,pipewire,native,tim-clkdom-pw
cap.timing.frame.timestamp.clock-domain-id,win32,mediafoundation,native,tim-clkdom-mf
cap.timing.frame.timestamp.clock-domain-id,web,getusermedia,deny,tim-web-noclockid
cap.timing.frame.timestamp.clock-domain-id,uvc-direct,uvc,deny,tim-uvc-nodomainid
cap.timing.frame.timestamp.clock-domain-id,genicam,sfnc,deny,tim-genicam-nodomainid
cap.timing.frame.timestamp.clock-domain-select,macos,avfoundation,deny,tim-noclocksel
cap.timing.frame.timestamp.clock-domain-select,ios,avfoundation,deny,tim-noclocksel
cap.timing.frame.timestamp.clock-domain-select,android,camera2ndk,native,tim-clksel-c2
cap.timing.frame.timestamp.clock-domain-select,android,camerax,emulate,tim-cxinterop
cap.timing.frame.timestamp.clock-domain-select,linux,v4l2,deny,tim-noclocksel
cap.timing.frame.timestamp.clock-domain-select,linux,libcamera,deny,tim-noclocksel
cap.timing.frame.timestamp.clock-domain-select,linux,pipewire,deny,tim-noclocksel
cap.timing.frame.timestamp.clock-domain-select,win32,mediafoundation,deny,tim-noclocksel
cap.timing.frame.timestamp.clock-domain-select,web,getusermedia,deny,tim-noclocksel
cap.timing.frame.timestamp.clock-domain-select,uvc-direct,uvc,deny,tim-noclocksel
cap.timing.frame.timestamp.clock-domain-select,genicam,sfnc,deny,tim-noclocksel
cap.timing.frame.timestamp.capture-point,macos,avfoundation,deny,tim-nocapturepoint
cap.timing.frame.timestamp.capture-point,ios,avfoundation,deny,tim-nocapturepoint
cap.timing.frame.timestamp.capture-point,android,camera2ndk,native,tim-cappt-c2
cap.timing.frame.timestamp.capture-point,android,camerax,emulate,tim-cxinterop
cap.timing.frame.timestamp.capture-point,linux,v4l2,native,tim-cappt-v4l2
cap.timing.frame.timestamp.capture-point,linux,libcamera,deny,tim-nocapturepoint
cap.timing.frame.timestamp.capture-point,linux,pipewire,deny,tim-nocapturepoint
cap.timing.frame.timestamp.capture-point,win32,mediafoundation,deny,tim-nocapturepoint
cap.timing.frame.timestamp.capture-point,web,getusermedia,deny,tim-nocapturepoint
cap.timing.frame.timestamp.capture-point,uvc-direct,uvc,deny,tim-nocapturepoint
cap.timing.frame.timestamp.capture-point,genicam,sfnc,deny,tim-nocapturepoint
cap.timing.frame.wallclock,macos,avfoundation,emulate,tim-wall-emu
cap.timing.frame.wallclock,ios,avfoundation,emulate,tim-wall-emu
cap.timing.frame.wallclock,android,camera2ndk,emulate,tim-wall-emu
cap.timing.frame.wallclock,android,camerax,emulate,tim-wall-emu
cap.timing.frame.wallclock,linux,v4l2,emulate,tim-wall-emu
cap.timing.frame.wallclock,linux,libcamera,native,tim-wall-lc
cap.timing.frame.wallclock,linux,pipewire,emulate,tim-wall-emu
cap.timing.frame.wallclock,win32,mediafoundation,native,tim-wall-mf
cap.timing.frame.wallclock,web,getusermedia,native,tim-wall-web
cap.timing.frame.wallclock,uvc-direct,uvc,deny,tim-uvc-nowall
cap.timing.frame.wallclock,genicam,sfnc,deny,tim-genicam-nowall
cap.timing.frame.sequence-id,macos,avfoundation,emulate,tim-seq-emu
cap.timing.frame.sequence-id,ios,avfoundation,emulate,tim-seq-emu
cap.timing.frame.sequence-id,android,camera2ndk,emulate,tim-seq-emu
cap.timing.frame.sequence-id,android,camerax,emulate,tim-seq-emu
cap.timing.frame.sequence-id,linux,v4l2,native,tim-seq-v4l2
cap.timing.frame.sequence-id,linux,libcamera,native,tim-seq-lc
cap.timing.frame.sequence-id,linux,pipewire,native,tim-seq-pw
cap.timing.frame.sequence-id,win32,mediafoundation,emulate,tim-seq-emu
cap.timing.frame.sequence-id,web,getusermedia,native,tim-seq-web
cap.timing.frame.sequence-id,uvc-direct,uvc,native,tim-seq-uvc
cap.timing.frame.sequence-id,genicam,sfnc,native,tim-seq-genicam
cap.timing.frame.request-id,macos,avfoundation,deny,tim-noreqid
cap.timing.frame.request-id,ios,avfoundation,deny,tim-noreqid
cap.timing.frame.request-id,android,camera2ndk,native,tim-reqid-c2
cap.timing.frame.request-id,android,camerax,emulate,tim-cxinterop
cap.timing.frame.request-id,linux,v4l2,deny,tim-noreqid
cap.timing.frame.request-id,linux,libcamera,deny,tim-noreqid
cap.timing.frame.request-id,linux,pipewire,deny,tim-noreqid
cap.timing.frame.request-id,win32,mediafoundation,native,tim-reqid-mf
cap.timing.frame.request-id,web,getusermedia,deny,tim-noreqid
cap.timing.frame.request-id,uvc-direct,uvc,deny,tim-noreqid
cap.timing.frame.request-id,genicam,sfnc,deny,tim-noreqid
cap.timing.rolling-shutter.skew,macos,avfoundation,deny,tim-noskew
cap.timing.rolling-shutter.skew,ios,avfoundation,deny,tim-noskew
cap.timing.rolling-shutter.skew,android,camera2ndk,native,tim-skew-c2
cap.timing.rolling-shutter.skew,android,camerax,emulate,tim-cxinterop
cap.timing.rolling-shutter.skew,linux,v4l2,deny,tim-noskew-v4l2
cap.timing.rolling-shutter.skew,linux,libcamera,native,tim-skew-lc
cap.timing.rolling-shutter.skew,linux,pipewire,deny,tim-noskew
cap.timing.rolling-shutter.skew,win32,mediafoundation,deny,tim-noskew
cap.timing.rolling-shutter.skew,web,getusermedia,deny,tim-noskew
cap.timing.rolling-shutter.skew,uvc-direct,uvc,deny,tim-noskew
cap.timing.rolling-shutter.skew,genicam,sfnc,deny,tim-noskew
cap.timing.rolling-shutter.line-time-derived,macos,avfoundation,deny,tim-nolinetime
cap.timing.rolling-shutter.line-time-derived,ios,avfoundation,deny,tim-nolinetime
cap.timing.rolling-shutter.line-time-derived,android,camera2ndk,deny,tim-nolinetime
cap.timing.rolling-shutter.line-time-derived,android,camerax,deny,tim-nolinetime
cap.timing.rolling-shutter.line-time-derived,linux,v4l2,native,tim-linetime-v4l2
cap.timing.rolling-shutter.line-time-derived,linux,libcamera,deny,tim-nolinetime
cap.timing.rolling-shutter.line-time-derived,linux,pipewire,deny,tim-nolinetime
cap.timing.rolling-shutter.line-time-derived,win32,mediafoundation,deny,tim-nolinetime
cap.timing.rolling-shutter.line-time-derived,web,getusermedia,deny,tim-nolinetime
cap.timing.rolling-shutter.line-time-derived,uvc-direct,uvc,deny,tim-nolinetime
cap.timing.rolling-shutter.line-time-derived,genicam,sfnc,deny,tim-nolinetime
cap.timing.sensor-readout-rate,macos,avfoundation,deny,tim-noreadoutrate
cap.timing.sensor-readout-rate,ios,avfoundation,deny,tim-noreadoutrate
cap.timing.sensor-readout-rate,android,camera2ndk,deny,tim-noreadoutrate
cap.timing.sensor-readout-rate,android,camerax,deny,tim-noreadoutrate
cap.timing.sensor-readout-rate,linux,v4l2,deny,tim-noreadoutrate
cap.timing.sensor-readout-rate,linux,libcamera,deny,tim-noreadoutrate
cap.timing.sensor-readout-rate,linux,pipewire,deny,tim-noreadoutrate
cap.timing.sensor-readout-rate,win32,mediafoundation,native,tim-readoutrate-mf
cap.timing.sensor-readout-rate,web,getusermedia,deny,tim-noreadoutrate
cap.timing.sensor-readout-rate,uvc-direct,uvc,deny,tim-noreadoutrate
cap.timing.sensor-readout-rate,genicam,sfnc,deny,tim-noreadoutrate
cap.timing.settings-applied.latency,macos,avfoundation,deny,tim-nolatency
cap.timing.settings-applied.latency,ios,avfoundation,deny,tim-nolatency
cap.timing.settings-applied.latency,android,camera2ndk,native,tim-latency-c2
cap.timing.settings-applied.latency,android,camerax,emulate,tim-cxinterop
cap.timing.settings-applied.latency,linux,v4l2,deny,tim-nolatency
cap.timing.settings-applied.latency,linux,libcamera,native,tim-latency-lc
cap.timing.settings-applied.latency,linux,pipewire,deny,tim-nolatency
cap.timing.settings-applied.latency,win32,mediafoundation,deny,tim-nolatency
cap.timing.settings-applied.latency,web,getusermedia,deny,tim-nolatency
cap.timing.settings-applied.latency,uvc-direct,uvc,deny,tim-nolatency
cap.timing.settings-applied.latency,genicam,sfnc,deny,tim-nolatency
cap.timing.exposure-event,macos,avfoundation,deny,tim-ceilingdeny
cap.timing.exposure-event,ios,avfoundation,deny,tim-ceilingdeny
cap.timing.exposure-event,android,camera2ndk,deny,tim-ceilingdeny
cap.timing.exposure-event,android,camerax,deny,tim-ceilingdeny
cap.timing.exposure-event,linux,v4l2,deny,tim-ceilingdeny
cap.timing.exposure-event,linux,libcamera,deny,tim-ceilingdeny
cap.timing.exposure-event,linux,pipewire,deny,tim-ceilingdeny
cap.timing.exposure-event,win32,mediafoundation,deny,tim-ceilingdeny
cap.timing.exposure-event,web,getusermedia,deny,tim-ceilingdeny
cap.timing.exposure-event,uvc-direct,uvc,deny,tim-ceilingdeny
cap.timing.exposure-event,genicam,sfnc,native,tim-expevent-genicam
cap.timing.frame-sync-event,macos,avfoundation,deny,tim-nosyncevent
cap.timing.frame-sync-event,ios,avfoundation,deny,tim-nosyncevent
cap.timing.frame-sync-event,android,camera2ndk,deny,tim-nosyncevent
cap.timing.frame-sync-event,android,camerax,deny,tim-nosyncevent
cap.timing.frame-sync-event,linux,v4l2,native,tim-syncevent-v4l2
cap.timing.frame-sync-event,linux,libcamera,deny,tim-nosyncevent
cap.timing.frame-sync-event,linux,pipewire,deny,tim-nosyncevent
cap.timing.frame-sync-event,win32,mediafoundation,deny,tim-nosyncevent
cap.timing.frame-sync-event,web,getusermedia,deny,tim-nosyncevent
cap.timing.frame-sync-event,uvc-direct,uvc,deny,tim-nosyncevent
cap.timing.frame-sync-event,genicam,sfnc,native,tim-syncevent-genicam
cap.timing.device-clock.rate,macos,avfoundation,emulate,tim-rawuvc
cap.timing.device-clock.rate,ios,avfoundation,deny,tim-noclockrate
cap.timing.device-clock.rate,android,camera2ndk,deny,tim-noclockrate
cap.timing.device-clock.rate,android,camerax,deny,tim-noclockrate
cap.timing.device-clock.rate,linux,v4l2,deny,tim-noclockrate
cap.timing.device-clock.rate,linux,libcamera,deny,tim-noclockrate
cap.timing.device-clock.rate,linux,pipewire,deny,tim-noclockrate
cap.timing.device-clock.rate,win32,mediafoundation,deny,tim-noclockrate
cap.timing.device-clock.rate,web,getusermedia,deny,tim-noclockrate
cap.timing.device-clock.rate,uvc-direct,uvc,native,tim-clockrate-uvc
cap.timing.device-clock.rate,genicam,sfnc,native,tim-clockrate-genicam
cap.timing.device-clock.pts,macos,avfoundation,emulate,tim-rawuvc
cap.timing.device-clock.pts,ios,avfoundation,deny,tim-nodevpts
cap.timing.device-clock.pts,android,camera2ndk,deny,tim-nodevpts
cap.timing.device-clock.pts,android,camerax,deny,tim-nodevpts
cap.timing.device-clock.pts,linux,v4l2,native,tim-devpts-v4l2
cap.timing.device-clock.pts,linux,libcamera,deny,tim-nodevpts
cap.timing.device-clock.pts,linux,pipewire,deny,tim-nodevpts
cap.timing.device-clock.pts,win32,mediafoundation,native,tim-devpts-mf
cap.timing.device-clock.pts,web,getusermedia,deny,tim-nodevpts
cap.timing.device-clock.pts,uvc-direct,uvc,native,tim-devpts-uvc
cap.timing.device-clock.pts,genicam,sfnc,native,tim-devpts-genicam
cap.timing.device-clock.scr-sof,macos,avfoundation,emulate,tim-rawuvc
cap.timing.device-clock.scr-sof,ios,avfoundation,deny,tim-noscrsof
cap.timing.device-clock.scr-sof,android,camera2ndk,deny,tim-noscrsof
cap.timing.device-clock.scr-sof,android,camerax,deny,tim-noscrsof
cap.timing.device-clock.scr-sof,linux,v4l2,native,tim-scrsof-v4l2
cap.timing.device-clock.scr-sof,linux,libcamera,deny,tim-noscrsof
cap.timing.device-clock.scr-sof,linux,pipewire,deny,tim-noscrsof
cap.timing.device-clock.scr-sof,win32,mediafoundation,native,tim-scrsof-mf
cap.timing.device-clock.scr-sof,web,getusermedia,deny,tim-noscrsof
cap.timing.device-clock.scr-sof,uvc-direct,uvc,native,tim-scrsof-uvc
cap.timing.device-clock.scr-sof,genicam,sfnc,deny,tim-noscrsof
cap.timing.device-clock.timestamp-counter,macos,avfoundation,deny,tim-ceilingdeny
cap.timing.device-clock.timestamp-counter,ios,avfoundation,deny,tim-ceilingdeny
cap.timing.device-clock.timestamp-counter,android,camera2ndk,deny,tim-ceilingdeny
cap.timing.device-clock.timestamp-counter,android,camerax,deny,tim-ceilingdeny
cap.timing.device-clock.timestamp-counter,linux,v4l2,deny,tim-ceilingdeny
cap.timing.device-clock.timestamp-counter,linux,libcamera,deny,tim-ceilingdeny
cap.timing.device-clock.timestamp-counter,linux,pipewire,deny,tim-ceilingdeny
cap.timing.device-clock.timestamp-counter,win32,mediafoundation,deny,tim-ceilingdeny
cap.timing.device-clock.timestamp-counter,web,getusermedia,deny,tim-ceilingdeny
cap.timing.device-clock.timestamp-counter,uvc-direct,uvc,deny,tim-ceilingdeny
cap.timing.device-clock.timestamp-counter,genicam,sfnc,native,tim-tscounter-genicam
cap.timing.av-clock.shared-session,macos,avfoundation,native,tim-avshared-avf
cap.timing.av-clock.shared-session,ios,avfoundation,native,tim-avshared-avf
cap.timing.av-clock.shared-session,android,camera2ndk,emulate,tim-avshared-emu
cap.timing.av-clock.shared-session,android,camerax,emulate,tim-avshared-emu
cap.timing.av-clock.shared-session,linux,v4l2,emulate,tim-avshared-emu
cap.timing.av-clock.shared-session,linux,libcamera,emulate,tim-avshared-emu
cap.timing.av-clock.shared-session,linux,pipewire,native,tim-avshared-pw
cap.timing.av-clock.shared-session,win32,mediafoundation,native,tim-avshared-mf
cap.timing.av-clock.shared-session,web,getusermedia,native,tim-avshared-web
cap.timing.av-clock.shared-session,uvc-direct,uvc,emulate,tim-avshared-emu
cap.timing.av-clock.shared-session,genicam,sfnc,deny,tim-genicam-noaudio
cap.timing.av-clock.cross-output-map,macos,avfoundation,native,tim-crossmap-avf
cap.timing.av-clock.cross-output-map,ios,avfoundation,native,tim-crossmap-avf
cap.timing.av-clock.cross-output-map,android,camera2ndk,emulate,tim-crossmap-emu
cap.timing.av-clock.cross-output-map,android,camerax,emulate,tim-crossmap-emu
cap.timing.av-clock.cross-output-map,linux,v4l2,emulate,tim-crossmap-emu
cap.timing.av-clock.cross-output-map,linux,libcamera,emulate,tim-crossmap-emu
cap.timing.av-clock.cross-output-map,linux,pipewire,native,tim-crossmap-pw
cap.timing.av-clock.cross-output-map,win32,mediafoundation,emulate,tim-crossmap-emu
cap.timing.av-clock.cross-output-map,web,getusermedia,emulate,tim-crossmap-emu
cap.timing.av-clock.cross-output-map,uvc-direct,uvc,emulate,tim-crossmap-emu
cap.timing.av-clock.cross-output-map,genicam,sfnc,native,tim-crossmap-genicam
cap.timing.av-clock.app-timebase,macos,avfoundation,native,tim-timebase-avf
cap.timing.av-clock.app-timebase,ios,avfoundation,native,tim-timebase-avf
cap.timing.av-clock.app-timebase,android,camera2ndk,emulate,tim-timebase-emu
cap.timing.av-clock.app-timebase,android,camerax,emulate,tim-timebase-emu
cap.timing.av-clock.app-timebase,linux,v4l2,emulate,tim-timebase-emu
cap.timing.av-clock.app-timebase,linux,libcamera,emulate,tim-timebase-emu
cap.timing.av-clock.app-timebase,linux,pipewire,emulate,tim-timebase-emu
cap.timing.av-clock.app-timebase,win32,mediafoundation,emulate,tim-timebase-emu
cap.timing.av-clock.app-timebase,web,getusermedia,emulate,tim-timebase-emu
cap.timing.av-clock.app-timebase,uvc-direct,uvc,emulate,tim-timebase-emu
cap.timing.av-clock.app-timebase,genicam,sfnc,emulate,tim-timebase-emu
cap.timing.av-sync.device-ts-trust,macos,avfoundation,emulate,tim-avsync-emu
cap.timing.av-sync.device-ts-trust,ios,avfoundation,emulate,tim-avsync-emu
cap.timing.av-sync.device-ts-trust,android,camera2ndk,emulate,tim-avsync-emu
cap.timing.av-sync.device-ts-trust,android,camerax,emulate,tim-avsync-emu
cap.timing.av-sync.device-ts-trust,linux,v4l2,emulate,tim-avsync-emu
cap.timing.av-sync.device-ts-trust,linux,libcamera,emulate,tim-avsync-emu
cap.timing.av-sync.device-ts-trust,linux,pipewire,emulate,tim-avsync-emu
cap.timing.av-sync.device-ts-trust,win32,mediafoundation,emulate,tim-avsync-emu
cap.timing.av-sync.device-ts-trust,web,getusermedia,emulate,tim-avsync-emu
cap.timing.av-sync.device-ts-trust,uvc-direct,uvc,emulate,tim-avsync-emu
cap.timing.av-sync.device-ts-trust,genicam,sfnc,emulate,tim-avsync-emu
cap.timing.av-sync.rebase,macos,avfoundation,emulate,tim-avsync-emu
cap.timing.av-sync.rebase,ios,avfoundation,emulate,tim-avsync-emu
cap.timing.av-sync.rebase,android,camera2ndk,emulate,tim-avsync-emu
cap.timing.av-sync.rebase,android,camerax,emulate,tim-avsync-emu
cap.timing.av-sync.rebase,linux,v4l2,emulate,tim-avsync-emu
cap.timing.av-sync.rebase,linux,libcamera,emulate,tim-avsync-emu
cap.timing.av-sync.rebase,linux,pipewire,emulate,tim-avsync-emu
cap.timing.av-sync.rebase,win32,mediafoundation,emulate,tim-avsync-emu
cap.timing.av-sync.rebase,web,getusermedia,emulate,tim-avsync-emu
cap.timing.av-sync.rebase,uvc-direct,uvc,emulate,tim-avsync-emu
cap.timing.av-sync.rebase,genicam,sfnc,emulate,tim-avsync-emu
cap.timing.av-sync.jitter-buffer,macos,avfoundation,emulate,tim-avsync-emu
cap.timing.av-sync.jitter-buffer,ios,avfoundation,emulate,tim-avsync-emu
cap.timing.av-sync.jitter-buffer,android,camera2ndk,emulate,tim-avsync-emu
cap.timing.av-sync.jitter-buffer,android,camerax,emulate,tim-avsync-emu
cap.timing.av-sync.jitter-buffer,linux,v4l2,emulate,tim-avsync-emu
cap.timing.av-sync.jitter-buffer,linux,libcamera,emulate,tim-avsync-emu
cap.timing.av-sync.jitter-buffer,linux,pipewire,emulate,tim-avsync-emu
cap.timing.av-sync.jitter-buffer,win32,mediafoundation,emulate,tim-avsync-emu
cap.timing.av-sync.jitter-buffer,web,getusermedia,emulate,tim-avsync-emu
cap.timing.av-sync.jitter-buffer,uvc-direct,uvc,emulate,tim-avsync-emu
cap.timing.av-sync.jitter-buffer,genicam,sfnc,emulate,tim-avsync-emu
cap.timing.av-sync.ts-jump-recovery,macos,avfoundation,emulate,tim-avsync-emu
cap.timing.av-sync.ts-jump-recovery,ios,avfoundation,emulate,tim-avsync-emu
cap.timing.av-sync.ts-jump-recovery,android,camera2ndk,emulate,tim-avsync-emu
cap.timing.av-sync.ts-jump-recovery,android,camerax,emulate,tim-avsync-emu
cap.timing.av-sync.ts-jump-recovery,linux,v4l2,emulate,tim-avsync-emu
cap.timing.av-sync.ts-jump-recovery,linux,libcamera,emulate,tim-avsync-emu
cap.timing.av-sync.ts-jump-recovery,linux,pipewire,emulate,tim-avsync-emu
cap.timing.av-sync.ts-jump-recovery,win32,mediafoundation,emulate,tim-avsync-emu
cap.timing.av-sync.ts-jump-recovery,web,getusermedia,emulate,tim-avsync-emu
cap.timing.av-sync.ts-jump-recovery,uvc-direct,uvc,emulate,tim-avsync-emu
cap.timing.av-sync.ts-jump-recovery,genicam,sfnc,emulate,tim-avsync-emu
cap.timing.av-sync.offset,macos,avfoundation,emulate,tim-avsync-emu
cap.timing.av-sync.offset,ios,avfoundation,emulate,tim-avsync-emu
cap.timing.av-sync.offset,android,camera2ndk,emulate,tim-avsync-emu
cap.timing.av-sync.offset,android,camerax,emulate,tim-avsync-emu
cap.timing.av-sync.offset,linux,v4l2,emulate,tim-avsync-emu
cap.timing.av-sync.offset,linux,libcamera,emulate,tim-avsync-emu
cap.timing.av-sync.offset,linux,pipewire,emulate,tim-avsync-emu
cap.timing.av-sync.offset,win32,mediafoundation,emulate,tim-avsync-emu
cap.timing.av-sync.offset,web,getusermedia,emulate,tim-avsync-emu
cap.timing.av-sync.offset,uvc-direct,uvc,emulate,tim-avsync-emu
cap.timing.av-sync.offset,genicam,sfnc,emulate,tim-avsync-emu
cap.timing.discontinuity-marker,macos,avfoundation,native,tim-discont-avf
cap.timing.discontinuity-marker,ios,avfoundation,native,tim-discont-avf
cap.timing.discontinuity-marker,android,camera2ndk,emulate,tim-discont-emu
cap.timing.discontinuity-marker,android,camerax,emulate,tim-discont-emu
cap.timing.discontinuity-marker,linux,v4l2,emulate,tim-discont-emu
cap.timing.discontinuity-marker,linux,libcamera,emulate,tim-discont-emu
cap.timing.discontinuity-marker,linux,pipewire,native,tim-discont-pw
cap.timing.discontinuity-marker,win32,mediafoundation,native,tim-discont-mf
cap.timing.discontinuity-marker,web,getusermedia,emulate,tim-discont-emu
cap.timing.discontinuity-marker,uvc-direct,uvc,emulate,tim-discont-emu
cap.timing.discontinuity-marker,genicam,sfnc,emulate,tim-discont-emu
cap.timing.imu-correlation.clock,macos,avfoundation,native,tim-imu-avf
cap.timing.imu-correlation.clock,ios,avfoundation,native,tim-imu-avf
cap.timing.imu-correlation.clock,android,camera2ndk,native,tim-imu-c2
cap.timing.imu-correlation.clock,android,camerax,emulate,tim-cxinterop
cap.timing.imu-correlation.clock,linux,v4l2,emulate,tim-imu-emu
cap.timing.imu-correlation.clock,linux,libcamera,native,tim-imu-lc
cap.timing.imu-correlation.clock,linux,pipewire,emulate,tim-imu-emu
cap.timing.imu-correlation.clock,win32,mediafoundation,?,tim-imu-mf-q
cap.timing.imu-correlation.clock,web,getusermedia,deny,tim-imu-noweb
cap.timing.imu-correlation.clock,uvc-direct,uvc,deny,tim-imu-nouvc
cap.timing.imu-correlation.clock,genicam,sfnc,deny,tim-imu-nogenicam
cap.timing.timecode.smpte,macos,avfoundation,native,tim-smpte-avf
cap.timing.timecode.smpte,ios,avfoundation,native,tim-smpte-avf
cap.timing.timecode.smpte,android,camera2ndk,deny,tim-nosmpte
cap.timing.timecode.smpte,android,camerax,deny,tim-nosmpte
cap.timing.timecode.smpte,linux,v4l2,native,tim-smpte-v4l2
cap.timing.timecode.smpte,linux,libcamera,deny,tim-nosmpte
cap.timing.timecode.smpte,linux,pipewire,deny,tim-nosmpte
cap.timing.timecode.smpte,win32,mediafoundation,deny,tim-nosmpte
cap.timing.timecode.smpte,web,getusermedia,deny,tim-nosmpte
cap.timing.timecode.smpte,uvc-direct,uvc,deny,tim-nosmpte
cap.timing.timecode.smpte,genicam,sfnc,deny,tim-nosmpte
cap.timing.genlock.sync-pins,macos,avfoundation,deny,tim-ceilingdeny
cap.timing.genlock.sync-pins,ios,avfoundation,deny,tim-ceilingdeny
cap.timing.genlock.sync-pins,android,camera2ndk,deny,tim-ceilingdeny
cap.timing.genlock.sync-pins,android,camerax,deny,tim-ceilingdeny
cap.timing.genlock.sync-pins,linux,v4l2,deny,tim-ceilingdeny
cap.timing.genlock.sync-pins,linux,libcamera,deny,tim-ceilingdeny
cap.timing.genlock.sync-pins,linux,pipewire,deny,tim-ceilingdeny
cap.timing.genlock.sync-pins,win32,mediafoundation,deny,tim-ceilingdeny
cap.timing.genlock.sync-pins,web,getusermedia,deny,tim-ceilingdeny
cap.timing.genlock.sync-pins,uvc-direct,uvc,deny,tim-ceilingdeny
cap.timing.genlock.sync-pins,genicam,sfnc,native,tim-syncpins-genicam
cap.timing.genlock.sdi-reference,macos,avfoundation,deny,tim-ceilingdeny
cap.timing.genlock.sdi-reference,ios,avfoundation,deny,tim-ceilingdeny
cap.timing.genlock.sdi-reference,android,camera2ndk,deny,tim-ceilingdeny
cap.timing.genlock.sdi-reference,android,camerax,deny,tim-ceilingdeny
cap.timing.genlock.sdi-reference,linux,v4l2,?,tim-sdiref-v4l2-q
cap.timing.genlock.sdi-reference,linux,libcamera,deny,tim-ceilingdeny
cap.timing.genlock.sdi-reference,linux,pipewire,deny,tim-ceilingdeny
cap.timing.genlock.sdi-reference,win32,mediafoundation,deny,tim-ceilingdeny
cap.timing.genlock.sdi-reference,web,getusermedia,deny,tim-ceilingdeny
cap.timing.genlock.sdi-reference,uvc-direct,uvc,deny,tim-ceilingdeny
cap.timing.genlock.sdi-reference,genicam,sfnc,deny,tim-genicam-nosdiref
cap.timing.genlock.ptp-clock-sync,macos,avfoundation,deny,tim-ceilingdeny
cap.timing.genlock.ptp-clock-sync,ios,avfoundation,deny,tim-ceilingdeny
cap.timing.genlock.ptp-clock-sync,android,camera2ndk,deny,tim-ceilingdeny
cap.timing.genlock.ptp-clock-sync,android,camerax,deny,tim-ceilingdeny
cap.timing.genlock.ptp-clock-sync,linux,v4l2,deny,tim-ceilingdeny
cap.timing.genlock.ptp-clock-sync,linux,libcamera,deny,tim-ceilingdeny
cap.timing.genlock.ptp-clock-sync,linux,pipewire,deny,tim-ceilingdeny
cap.timing.genlock.ptp-clock-sync,win32,mediafoundation,deny,tim-ceilingdeny
cap.timing.genlock.ptp-clock-sync,web,getusermedia,deny,tim-ceilingdeny
cap.timing.genlock.ptp-clock-sync,uvc-direct,uvc,deny,tim-ceilingdeny
cap.timing.genlock.ptp-clock-sync,genicam,sfnc,native,tim-ptp-genicam
cap.timing.frame-rate.clamp,macos,avfoundation,native,tim-fpsclamp-avf
cap.timing.frame-rate.clamp,ios,avfoundation,native,tim-fpsclamp-avf
cap.timing.frame-rate.clamp,android,camera2ndk,native,tim-fpsclamp-c2
cap.timing.frame-rate.clamp,android,camerax,native,tim-fpsclamp-cx
cap.timing.frame-rate.clamp,linux,v4l2,native,tim-fpsclamp-v4l2
cap.timing.frame-rate.clamp,linux,libcamera,native,tim-fpsclamp-lc
cap.timing.frame-rate.clamp,linux,pipewire,native,tim-fpsclamp-pw
cap.timing.frame-rate.clamp,win32,mediafoundation,native,tim-fpsclamp-mf
cap.timing.frame-rate.clamp,web,getusermedia,native,tim-fpsclamp-web
cap.timing.frame-rate.clamp,uvc-direct,uvc,native,tim-fpsclamp-uvc
cap.timing.frame-rate.clamp,genicam,sfnc,native,tim-fpsclamp-genicam
cap.meta.access.bag,macos,avfoundation,native,met-avfbag
cap.meta.access.bag,ios,avfoundation,native,met-avfbag
cap.meta.access.bag,android,camera2ndk,native,
cap.meta.access.bag,android,camerax,emulate,met-cxhide
cap.meta.access.bag,linux,v4l2,native,met-v4l2metanode
cap.meta.access.bag,linux,libcamera,native,
cap.meta.access.bag,linux,pipewire,native,met-pwparammeta
cap.meta.access.bag,win32,mediafoundation,native,
cap.meta.access.bag,web,getusermedia,deny,met-webnometa
cap.meta.access.bag,uvc-direct,uvc,native,met-uvcmsxu
cap.meta.access.bag,genicam,sfnc,native,
cap.meta.access.rawblob,macos,avfoundation,deny,met-avfnorawblob
cap.meta.access.rawblob,ios,avfoundation,deny,met-avfnorawblob
cap.meta.access.rawblob,android,camera2ndk,deny,met-cam2norawblob
cap.meta.access.rawblob,android,camerax,deny,met-cam2norawblob
cap.meta.access.rawblob,linux,v4l2,native,met-v4l2uvcblob
cap.meta.access.rawblob,linux,libcamera,deny,met-lcnorawblob
cap.meta.access.rawblob,linux,pipewire,deny,met-pwnometa
cap.meta.access.rawblob,win32,mediafoundation,native,
cap.meta.access.rawblob,web,getusermedia,deny,met-webnometa
cap.meta.access.rawblob,uvc-direct,uvc,native,met-uvcrawhdr
cap.meta.access.rawblob,genicam,sfnc,native,met-chunkimage
cap.meta.access.selectable,macos,avfoundation,deny,met-avfnoselect
cap.meta.access.selectable,ios,avfoundation,deny,met-avfnoselect
cap.meta.access.selectable,android,camera2ndk,deny,met-cam2fixedresult
cap.meta.access.selectable,android,camerax,deny,met-cam2fixedresult
cap.meta.access.selectable,linux,v4l2,emulate,met-v4l2metaneg
cap.meta.access.selectable,linux,libcamera,deny,met-lcfixedmeta
cap.meta.access.selectable,linux,pipewire,emulate,met-pwparammeta
cap.meta.access.selectable,win32,mediafoundation,native,
cap.meta.access.selectable,web,getusermedia,deny,met-webnometa
cap.meta.access.selectable,uvc-direct,uvc,deny,met-uvcfixedmeta
cap.meta.access.selectable,genicam,sfnc,native,
cap.meta.applied.exposuretime,macos,avfoundation,emulate,met-avfexif
cap.meta.applied.exposuretime,ios,avfoundation,emulate,met-avfexif
cap.meta.applied.exposuretime,android,camera2ndk,native,
cap.meta.applied.exposuretime,android,camerax,emulate,met-cxinterop
cap.meta.applied.exposuretime,linux,v4l2,deny,met-v4l2nostatesult
cap.meta.applied.exposuretime,linux,libcamera,native,
cap.meta.applied.exposuretime,linux,pipewire,deny,met-pwnometa
cap.meta.applied.exposuretime,win32,mediafoundation,native,
cap.meta.applied.exposuretime,web,getusermedia,deny,met-webnometa
cap.meta.applied.exposuretime,uvc-direct,uvc,deny,met-uvcnoapplied
cap.meta.applied.exposuretime,genicam,sfnc,native,met-chunk
cap.meta.applied.iso,macos,avfoundation,emulate,met-avfexif
cap.meta.applied.iso,ios,avfoundation,emulate,met-avfexif
cap.meta.applied.iso,android,camera2ndk,native,
cap.meta.applied.iso,android,camerax,emulate,met-cxinterop
cap.meta.applied.iso,linux,v4l2,deny,met-v4l2nostatesult
cap.meta.applied.iso,linux,libcamera,deny,met-lcnoisokey
cap.meta.applied.iso,linux,pipewire,deny,met-pwnometa
cap.meta.applied.iso,win32,mediafoundation,native,
cap.meta.applied.iso,web,getusermedia,deny,met-webnometa
cap.meta.applied.iso,uvc-direct,uvc,deny,met-uvcnoapplied
cap.meta.applied.iso,genicam,sfnc,deny,met-genicamgain
cap.meta.applied.analogdigitalgain,macos,avfoundation,deny,met-avfnogainsplit
cap.meta.applied.analogdigitalgain,ios,avfoundation,deny,met-avfnogainsplit
cap.meta.applied.analogdigitalgain,android,camera2ndk,native,
cap.meta.applied.analogdigitalgain,android,camerax,emulate,met-cxinterop
cap.meta.applied.analogdigitalgain,linux,v4l2,deny,met-v4l2nostatesult
cap.meta.applied.analogdigitalgain,linux,libcamera,native,
cap.meta.applied.analogdigitalgain,linux,pipewire,deny,met-pwnometa
cap.meta.applied.analogdigitalgain,win32,mediafoundation,native,
cap.meta.applied.analogdigitalgain,web,getusermedia,deny,met-webnometa
cap.meta.applied.analogdigitalgain,uvc-direct,uvc,deny,met-uvcnoapplied
cap.meta.applied.analogdigitalgain,genicam,sfnc,native,met-chunk
cap.meta.applied.expcompensation,macos,avfoundation,deny,met-avfnoexpcompresult
cap.meta.applied.expcompensation,ios,avfoundation,deny,met-avfnoexpcompresult
cap.meta.applied.expcompensation,android,camera2ndk,native,
cap.meta.applied.expcompensation,android,camerax,emulate,met-cxinterop
cap.meta.applied.expcompensation,linux,v4l2,deny,met-v4l2nostatesult
cap.meta.applied.expcompensation,linux,libcamera,native,
cap.meta.applied.expcompensation,linux,pipewire,deny,met-pwnometa
cap.meta.applied.expcompensation,win32,mediafoundation,native,
cap.meta.applied.expcompensation,web,getusermedia,deny,met-webnometa
cap.meta.applied.expcompensation,uvc-direct,uvc,deny,met-uvcnoapplied
cap.meta.applied.expcompensation,genicam,sfnc,deny,met-genicamnoev
cap.meta.applied.aperture,macos,avfoundation,emulate,met-avfexif
cap.meta.applied.aperture,ios,avfoundation,emulate,met-avfexif
cap.meta.applied.aperture,android,camera2ndk,native,
cap.meta.applied.aperture,android,camerax,emulate,met-cxinterop
cap.meta.applied.aperture,linux,v4l2,deny,met-v4l2nostatesult
cap.meta.applied.aperture,linux,libcamera,deny,met-lcnoaperturekey
cap.meta.applied.aperture,linux,pipewire,deny,met-pwnometa
cap.meta.applied.aperture,win32,mediafoundation,deny,met-mfnoaperturemeta
cap.meta.applied.aperture,web,getusermedia,deny,met-webnometa
cap.meta.applied.aperture,uvc-direct,uvc,deny,met-uvcnoapplied
cap.meta.applied.aperture,genicam,sfnc,deny,met-genicamnoaperture
cap.meta.applied.lensposition,macos,avfoundation,emulate,met-avfliveprop
cap.meta.applied.lensposition,ios,avfoundation,emulate,met-avfliveprop
cap.meta.applied.lensposition,android,camera2ndk,native,
cap.meta.applied.lensposition,android,camerax,emulate,met-cxinterop
cap.meta.applied.lensposition,linux,v4l2,deny,met-v4l2nostatesult
cap.meta.applied.lensposition,linux,libcamera,native,
cap.meta.applied.lensposition,linux,pipewire,deny,met-pwnometa
cap.meta.applied.lensposition,win32,mediafoundation,native,
cap.meta.applied.lensposition,web,getusermedia,deny,met-webnometa
cap.meta.applied.lensposition,uvc-direct,uvc,deny,met-uvcnoapplied
cap.meta.applied.lensposition,genicam,sfnc,deny,met-genicamnolenspos
cap.meta.applied.frameduration,macos,avfoundation,emulate,met-avfliveprop
cap.meta.applied.frameduration,ios,avfoundation,emulate,met-avfliveprop
cap.meta.applied.frameduration,android,camera2ndk,native,
cap.meta.applied.frameduration,android,camerax,emulate,met-cxinterop
cap.meta.applied.frameduration,linux,v4l2,deny,met-v4l2nostatesult
cap.meta.applied.frameduration,linux,libcamera,native,
cap.meta.applied.frameduration,linux,pipewire,deny,met-pwnometa
cap.meta.applied.frameduration,win32,mediafoundation,native,
cap.meta.applied.frameduration,web,getusermedia,deny,met-webnometa
cap.meta.applied.frameduration,uvc-direct,uvc,deny,met-uvcnoapplied
cap.meta.applied.frameduration,genicam,sfnc,deny,met-genicamnoframedur
cap.meta.applied.wbtemperature,macos,avfoundation,deny,met-avfnowbtemp
cap.meta.applied.wbtemperature,ios,avfoundation,deny,met-avfnowbtemp
cap.meta.applied.wbtemperature,android,camera2ndk,deny,met-cam2nowbtemp
cap.meta.applied.wbtemperature,android,camerax,deny,met-cam2nowbtemp
cap.meta.applied.wbtemperature,linux,v4l2,deny,met-v4l2nostatesult
cap.meta.applied.wbtemperature,linux,libcamera,native,
cap.meta.applied.wbtemperature,linux,pipewire,deny,met-pwnometa
cap.meta.applied.wbtemperature,win32,mediafoundation,native,
cap.meta.applied.wbtemperature,web,getusermedia,deny,met-webnometa
cap.meta.applied.wbtemperature,uvc-direct,uvc,deny,met-uvcnoapplied
cap.meta.applied.wbtemperature,genicam,sfnc,deny,met-genicamnowbtemp
cap.meta.applied.wbgains,macos,avfoundation,emulate,met-avfliveprop
cap.meta.applied.wbgains,ios,avfoundation,emulate,met-avfliveprop
cap.meta.applied.wbgains,android,camera2ndk,native,
cap.meta.applied.wbgains,android,camerax,emulate,met-cxinterop
cap.meta.applied.wbgains,linux,v4l2,deny,met-v4l2nostatesult
cap.meta.applied.wbgains,linux,libcamera,native,
cap.meta.applied.wbgains,linux,pipewire,deny,met-pwnometa
cap.meta.applied.wbgains,win32,mediafoundation,native,
cap.meta.applied.wbgains,web,getusermedia,deny,met-webnometa
cap.meta.applied.wbgains,uvc-direct,uvc,deny,met-uvcnoapplied
cap.meta.applied.wbgains,genicam,sfnc,deny,met-genicamnowbgains
cap.meta.applied.colortransform,macos,avfoundation,deny,met-avfnoccm
cap.meta.applied.colortransform,ios,avfoundation,deny,met-avfnoccm
cap.meta.applied.colortransform,android,camera2ndk,native,
cap.meta.applied.colortransform,android,camerax,emulate,met-cxinterop
cap.meta.applied.colortransform,linux,v4l2,deny,met-v4l2nostatesult
cap.meta.applied.colortransform,linux,libcamera,native,
cap.meta.applied.colortransform,linux,pipewire,deny,met-pwnometa
cap.meta.applied.colortransform,win32,mediafoundation,deny,met-mfnoccmmeta
cap.meta.applied.colortransform,web,getusermedia,deny,met-webnometa
cap.meta.applied.colortransform,uvc-direct,uvc,deny,met-uvcnoapplied
cap.meta.applied.colortransform,genicam,sfnc,deny,met-genicamnoccm
cap.meta.applied.tonemapcurve,macos,avfoundation,deny,met-avfnotonemap
cap.meta.applied.tonemapcurve,ios,avfoundation,deny,met-avfnotonemap
cap.meta.applied.tonemapcurve,android,camera2ndk,native,
cap.meta.applied.tonemapcurve,android,camerax,emulate,met-cxinterop
cap.meta.applied.tonemapcurve,linux,v4l2,deny,met-v4l2nostatesult
cap.meta.applied.tonemapcurve,linux,libcamera,deny,met-lcnotonemap
cap.meta.applied.tonemapcurve,linux,pipewire,deny,met-pwnometa
cap.meta.applied.tonemapcurve,win32,mediafoundation,deny,met-mfnotonemap
cap.meta.applied.tonemapcurve,web,getusermedia,deny,met-webnometa
cap.meta.applied.tonemapcurve,uvc-direct,uvc,deny,met-uvcnoapplied
cap.meta.applied.tonemapcurve,genicam,sfnc,deny,met-genicamnotonemap
cap.meta.applied.blacklevel,macos,avfoundation,deny,met-avfnoblacklevel
cap.meta.applied.blacklevel,ios,avfoundation,deny,met-avfnoblacklevel
cap.meta.applied.blacklevel,android,camera2ndk,native,
cap.meta.applied.blacklevel,android,camerax,emulate,met-cxinterop
cap.meta.applied.blacklevel,linux,v4l2,deny,met-v4l2nostatesult
cap.meta.applied.blacklevel,linux,libcamera,native,
cap.meta.applied.blacklevel,linux,pipewire,deny,met-pwnometa
cap.meta.applied.blacklevel,win32,mediafoundation,deny,met-mfnoblacklevel
cap.meta.applied.blacklevel,web,getusermedia,deny,met-webnometa
cap.meta.applied.blacklevel,uvc-direct,uvc,deny,met-uvcnoapplied
cap.meta.applied.blacklevel,genicam,sfnc,native,met-chunkblacklevel
cap.meta.applied.scenemode,macos,avfoundation,deny,met-avfnoscenemode
cap.meta.applied.scenemode,ios,avfoundation,deny,met-avfnoscenemode
cap.meta.applied.scenemode,android,camera2ndk,deny,met-cam2noscenemoderesult
cap.meta.applied.scenemode,android,camerax,deny,met-cam2noscenemoderesult
cap.meta.applied.scenemode,linux,v4l2,deny,met-v4l2nostatesult
cap.meta.applied.scenemode,linux,libcamera,deny,met-lcnoscenemode
cap.meta.applied.scenemode,linux,pipewire,deny,met-pwnometa
cap.meta.applied.scenemode,win32,mediafoundation,native,
cap.meta.applied.scenemode,web,getusermedia,deny,met-webnometa
cap.meta.applied.scenemode,uvc-direct,uvc,deny,met-uvcnoapplied
cap.meta.applied.scenemode,genicam,sfnc,deny,met-genicamnoscenemode
cap.meta.applied.flashstate,macos,avfoundation,deny,met-avfnoflashstate
cap.meta.applied.flashstate,ios,avfoundation,deny,met-avfnoflashstate
cap.meta.applied.flashstate,android,camera2ndk,native,
cap.meta.applied.flashstate,android,camerax,emulate,met-cxinterop
cap.meta.applied.flashstate,linux,v4l2,deny,met-v4l2nostatesult
cap.meta.applied.flashstate,linux,libcamera,deny,met-lcnoflashstate
cap.meta.applied.flashstate,linux,pipewire,deny,met-pwnometa
cap.meta.applied.flashstate,win32,mediafoundation,native,
cap.meta.applied.flashstate,web,getusermedia,deny,met-webnometa
cap.meta.applied.flashstate,uvc-direct,uvc,deny,met-uvcnoapplied
cap.meta.applied.flashstate,genicam,sfnc,deny,met-genicamnoflash
cap.meta.applied.zoomfactor,macos,avfoundation,emulate,met-avfliveprop
cap.meta.applied.zoomfactor,ios,avfoundation,emulate,met-avfliveprop
cap.meta.applied.zoomfactor,android,camera2ndk,native,
cap.meta.applied.zoomfactor,android,camerax,emulate,met-cxinterop
cap.meta.applied.zoomfactor,linux,v4l2,deny,met-v4l2nostatesult
cap.meta.applied.zoomfactor,linux,libcamera,deny,met-lcnozoomfactor
cap.meta.applied.zoomfactor,linux,pipewire,deny,met-pwnometa
cap.meta.applied.zoomfactor,win32,mediafoundation,native,
cap.meta.applied.zoomfactor,web,getusermedia,deny,met-webnometa
cap.meta.applied.zoomfactor,uvc-direct,uvc,deny,met-uvcnoapplied
cap.meta.applied.zoomfactor,genicam,sfnc,deny,met-genicamnozoom
cap.meta.applied.cropregion,macos,avfoundation,deny,met-avfnocropecho
cap.meta.applied.cropregion,ios,avfoundation,deny,met-avfnocropecho
cap.meta.applied.cropregion,android,camera2ndk,native,
cap.meta.applied.cropregion,android,camerax,emulate,met-cxinterop
cap.meta.applied.cropregion,linux,v4l2,deny,met-v4l2nostatesult
cap.meta.applied.cropregion,linux,libcamera,native,
cap.meta.applied.cropregion,linux,pipewire,native,met-pwcrop
cap.meta.applied.cropregion,win32,mediafoundation,deny,met-mfnocropecho
cap.meta.applied.cropregion,web,getusermedia,native,met-webcroprect
cap.meta.applied.cropregion,uvc-direct,uvc,deny,met-uvcnoapplied
cap.meta.applied.cropregion,genicam,sfnc,native,met-chunkgeometry
cap.meta.applied.digitalwindow,macos,avfoundation,deny,met-avfnodigwin
cap.meta.applied.digitalwindow,ios,avfoundation,deny,met-avfnodigwin
cap.meta.applied.digitalwindow,android,camera2ndk,native,met-cam2autoframing
cap.meta.applied.digitalwindow,android,camerax,emulate,met-cxinterop
cap.meta.applied.digitalwindow,linux,v4l2,deny,met-v4l2nostatesult
cap.meta.applied.digitalwindow,linux,libcamera,deny,met-lcnodigwin
cap.meta.applied.digitalwindow,linux,pipewire,deny,met-pwnometa
cap.meta.applied.digitalwindow,win32,mediafoundation,native,
cap.meta.applied.digitalwindow,web,getusermedia,deny,met-webnometa
cap.meta.applied.digitalwindow,uvc-direct,uvc,deny,met-uvcnoapplied
cap.meta.applied.digitalwindow,genicam,sfnc,deny,met-genicamnodigwin
cap.meta.applied.binningreadout,macos,avfoundation,deny,met-avfnobinning
cap.meta.applied.binningreadout,ios,avfoundation,deny,met-avfnobinning
cap.meta.applied.binningreadout,android,camera2ndk,native,
cap.meta.applied.binningreadout,android,camerax,emulate,met-cxinterop
cap.meta.applied.binningreadout,linux,v4l2,deny,met-v4l2nostatesult
cap.meta.applied.binningreadout,linux,libcamera,deny,met-lcnobinning
cap.meta.applied.binningreadout,linux,pipewire,deny,met-pwnometa
cap.meta.applied.binningreadout,win32,mediafoundation,deny,met-mfnobinning
cap.meta.applied.binningreadout,web,getusermedia,deny,met-webnometa
cap.meta.applied.binningreadout,uvc-direct,uvc,deny,met-uvcnoapplied
cap.meta.applied.binningreadout,genicam,sfnc,native,met-chunkbinning
cap.meta.applied.geometryecho,macos,avfoundation,deny,met-avfnogeometryecho
cap.meta.applied.geometryecho,ios,avfoundation,deny,met-avfnogeometryecho
cap.meta.applied.geometryecho,android,camera2ndk,deny,met-cam2nogeometryecho
cap.meta.applied.geometryecho,android,camerax,deny,met-cam2nogeometryecho
cap.meta.applied.geometryecho,linux,v4l2,deny,met-v4l2nogeometryecho
cap.meta.applied.geometryecho,linux,libcamera,deny,met-lcnogeometryecho
cap.meta.applied.geometryecho,linux,pipewire,deny,met-pwnometa
cap.meta.applied.geometryecho,win32,mediafoundation,deny,met-mfnogeometryecho
cap.meta.applied.geometryecho,web,getusermedia,deny,met-webnometa
cap.meta.applied.geometryecho,uvc-direct,uvc,deny,met-uvcnoapplied
cap.meta.applied.geometryecho,genicam,sfnc,native,met-chunkgeometry
cap.meta.state.ae,macos,avfoundation,deny,met-avfnoaestate
cap.meta.state.ae,ios,avfoundation,deny,met-avfnoaestate
cap.meta.state.ae,android,camera2ndk,native,
cap.meta.state.ae,android,camerax,emulate,met-cxinterop
cap.meta.state.ae,linux,v4l2,deny,met-v4l2nostatesult
cap.meta.state.ae,linux,libcamera,native,
cap.meta.state.ae,linux,pipewire,deny,met-pwnometa
cap.meta.state.ae,win32,mediafoundation,deny,met-mfnoaestate
cap.meta.state.ae,web,getusermedia,deny,met-webnometa
cap.meta.state.ae,uvc-direct,uvc,deny,met-uvcnostate
cap.meta.state.ae,genicam,sfnc,deny,met-genicamno3astate
cap.meta.state.af,macos,avfoundation,emulate,met-avfadjustflag
cap.meta.state.af,ios,avfoundation,emulate,met-avfadjustflag
cap.meta.state.af,android,camera2ndk,native,
cap.meta.state.af,android,camerax,emulate,met-cxinterop
cap.meta.state.af,linux,v4l2,deny,met-v4l2nostatesult
cap.meta.state.af,linux,libcamera,native,
cap.meta.state.af,linux,pipewire,deny,met-pwnometa
cap.meta.state.af,win32,mediafoundation,native,
cap.meta.state.af,web,getusermedia,deny,met-webnometa
cap.meta.state.af,uvc-direct,uvc,deny,met-uvcnostate
cap.meta.state.af,genicam,sfnc,deny,met-genicamno3astate
cap.meta.state.awb,macos,avfoundation,emulate,met-avfadjustflag
cap.meta.state.awb,ios,avfoundation,emulate,met-avfadjustflag
cap.meta.state.awb,android,camera2ndk,native,
cap.meta.state.awb,android,camerax,emulate,met-cxinterop
cap.meta.state.awb,linux,v4l2,deny,met-v4l2nostatesult
cap.meta.state.awb,linux,libcamera,native,
cap.meta.state.awb,linux,pipewire,deny,met-pwnometa
cap.meta.state.awb,win32,mediafoundation,deny,met-mfnoawbstate
cap.meta.state.awb,web,getusermedia,deny,met-webnometa
cap.meta.state.awb,uvc-direct,uvc,deny,met-uvcnostate
cap.meta.state.awb,genicam,sfnc,deny,met-genicamno3astate
cap.meta.state.exptargetoffset,macos,avfoundation,emulate,met-avfliveprop
cap.meta.state.exptargetoffset,ios,avfoundation,emulate,met-avfliveprop
cap.meta.state.exptargetoffset,android,camera2ndk,deny,met-cam2noexptargetoffset
cap.meta.state.exptargetoffset,android,camerax,deny,met-cam2noexptargetoffset
cap.meta.state.exptargetoffset,linux,v4l2,deny,met-v4l2nostatesult
cap.meta.state.exptargetoffset,linux,libcamera,deny,met-lcnoexptargetoffset
cap.meta.state.exptargetoffset,linux,pipewire,deny,met-pwnometa
cap.meta.state.exptargetoffset,win32,mediafoundation,deny,met-mfnoexptargetoffset
cap.meta.state.exptargetoffset,web,getusermedia,deny,met-webnometa
cap.meta.state.exptargetoffset,uvc-direct,uvc,deny,met-uvcnostate
cap.meta.state.exptargetoffset,genicam,sfnc,deny,met-genicamnoexptarget
cap.meta.regions.ae,macos,avfoundation,deny,met-avfnoregionsecho
cap.meta.regions.ae,ios,avfoundation,deny,met-avfnoregionsecho
cap.meta.regions.ae,android,camera2ndk,native,
cap.meta.regions.ae,android,camerax,emulate,met-cxinterop
cap.meta.regions.ae,linux,v4l2,deny,met-v4l2nostatesult
cap.meta.regions.ae,linux,libcamera,deny,met-lcnoregionsecho
cap.meta.regions.ae,linux,pipewire,deny,met-pwnometa
cap.meta.regions.ae,win32,mediafoundation,deny,met-mfnoregionsecho
cap.meta.regions.ae,web,getusermedia,deny,met-webnometa
cap.meta.regions.ae,uvc-direct,uvc,deny,met-uvcnoregions
cap.meta.regions.ae,genicam,sfnc,deny,met-genicamnoregions
cap.meta.regions.af,macos,avfoundation,deny,met-avfnoregionsecho
cap.meta.regions.af,ios,avfoundation,deny,met-avfnoregionsecho
cap.meta.regions.af,android,camera2ndk,native,
cap.meta.regions.af,android,camerax,emulate,met-cxinterop
cap.meta.regions.af,linux,v4l2,deny,met-v4l2nostatesult
cap.meta.regions.af,linux,libcamera,deny,met-lcnoregionsecho
cap.meta.regions.af,linux,pipewire,deny,met-pwnometa
cap.meta.regions.af,win32,mediafoundation,deny,met-mfnoregionsecho
cap.meta.regions.af,web,getusermedia,deny,met-webnometa
cap.meta.regions.af,uvc-direct,uvc,deny,met-uvcnoregions
cap.meta.regions.af,genicam,sfnc,deny,met-genicamnoregions
cap.meta.regions.awb,macos,avfoundation,deny,met-avfnoregionsecho
cap.meta.regions.awb,ios,avfoundation,deny,met-avfnoregionsecho
cap.meta.regions.awb,android,camera2ndk,native,
cap.meta.regions.awb,android,camerax,emulate,met-cxinterop
cap.meta.regions.awb,linux,v4l2,deny,met-v4l2nostatesult
cap.meta.regions.awb,linux,libcamera,deny,met-lcnoregionsecho
cap.meta.regions.awb,linux,pipewire,deny,met-pwnometa
cap.meta.regions.awb,win32,mediafoundation,deny,met-mfnoregionsecho
cap.meta.regions.awb,web,getusermedia,deny,met-webnometa
cap.meta.regions.awb,uvc-direct,uvc,deny,met-uvcnoregions
cap.meta.regions.awb,genicam,sfnc,deny,met-genicamnoregions
cap.meta.face.rect,macos,avfoundation,native,met-avfmetaobj
cap.meta.face.rect,ios,avfoundation,native,met-avfmetaobj
cap.meta.face.rect,android,camera2ndk,native,
cap.meta.face.rect,android,camerax,emulate,met-cxinterop
cap.meta.face.rect,linux,v4l2,deny,met-v4l2nodetect
cap.meta.face.rect,linux,libcamera,emulate,met-lcdraftface
cap.meta.face.rect,linux,pipewire,deny,met-pwnometa
cap.meta.face.rect,win32,mediafoundation,native,
cap.meta.face.rect,web,getusermedia,native,met-webfacedetector
cap.meta.face.rect,uvc-direct,uvc,deny,met-uvcnodetect
cap.meta.face.rect,genicam,sfnc,deny,met-genicamnodetect
cap.meta.face.id,macos,avfoundation,native,met-avfmetaobj
cap.meta.face.id,ios,avfoundation,native,met-avfmetaobj
cap.meta.face.id,android,camera2ndk,native,
cap.meta.face.id,android,camerax,emulate,met-cxinterop
cap.meta.face.id,linux,v4l2,deny,met-v4l2nodetect
cap.meta.face.id,linux,libcamera,emulate,met-lcdraftface
cap.meta.face.id,linux,pipewire,deny,met-pwnometa
cap.meta.face.id,win32,mediafoundation,deny,met-mfnofaceid
cap.meta.face.id,web,getusermedia,deny,met-webnofaceid
cap.meta.face.id,uvc-direct,uvc,deny,met-uvcnodetect
cap.meta.face.id,genicam,sfnc,deny,met-genicamnodetect
cap.meta.face.score,macos,avfoundation,deny,met-avfnofacescore
cap.meta.face.score,ios,avfoundation,deny,met-avfnofacescore
cap.meta.face.score,android,camera2ndk,native,
cap.meta.face.score,android,camerax,emulate,met-cxinterop
cap.meta.face.score,linux,v4l2,deny,met-v4l2nodetect
cap.meta.face.score,linux,libcamera,emulate,met-lcdraftface
cap.meta.face.score,linux,pipewire,deny,met-pwnometa
cap.meta.face.score,win32,mediafoundation,native,
cap.meta.face.score,web,getusermedia,deny,met-webnofacescore
cap.meta.face.score,uvc-direct,uvc,deny,met-uvcnodetect
cap.meta.face.score,genicam,sfnc,deny,met-genicamnodetect
cap.meta.face.landmarks,macos,avfoundation,deny,met-avfnolandmarks
cap.meta.face.landmarks,ios,avfoundation,deny,met-avfnolandmarks
cap.meta.face.landmarks,android,camera2ndk,native,met-cam2fulllandmarks
cap.meta.face.landmarks,android,camerax,emulate,met-cxinterop
cap.meta.face.landmarks,linux,v4l2,deny,met-v4l2nodetect
cap.meta.face.landmarks,linux,libcamera,emulate,met-lcdraftface
cap.meta.face.landmarks,linux,pipewire,deny,met-pwnometa
cap.meta.face.landmarks,win32,mediafoundation,native,met-mfwsefacemeta
cap.meta.face.landmarks,web,getusermedia,native,met-webfacedetector
cap.meta.face.landmarks,uvc-direct,uvc,deny,met-uvcnodetect
cap.meta.face.landmarks,genicam,sfnc,deny,met-genicamnodetect
cap.meta.face.pose,macos,avfoundation,native,met-avffacepose
cap.meta.face.pose,ios,avfoundation,native,met-avffacepose
cap.meta.face.pose,android,camera2ndk,deny,met-cam2nofacepose
cap.meta.face.pose,android,camerax,deny,met-cam2nofacepose
cap.meta.face.pose,linux,v4l2,deny,met-v4l2nodetect
cap.meta.face.pose,linux,libcamera,deny,met-lcnofacepose
cap.meta.face.pose,linux,pipewire,deny,met-pwnometa
cap.meta.face.pose,win32,mediafoundation,deny,met-mfnofacepose
cap.meta.face.pose,web,getusermedia,deny,met-webnofacepose
cap.meta.face.pose,uvc-direct,uvc,deny,met-uvcnodetect
cap.meta.face.pose,genicam,sfnc,deny,met-genicamnodetect
cap.meta.face.expression,macos,avfoundation,deny,met-avfnofaceexpr
cap.meta.face.expression,ios,avfoundation,deny,met-avfnofaceexpr
cap.meta.face.expression,android,camera2ndk,native,met-cam2extfacedetect
cap.meta.face.expression,android,camerax,emulate,met-cxinterop
cap.meta.face.expression,linux,v4l2,deny,met-v4l2nodetect
cap.meta.face.expression,linux,libcamera,deny,met-lcnofaceexpr
cap.meta.face.expression,linux,pipewire,deny,met-pwnometa
cap.meta.face.expression,win32,mediafoundation,native,met-mffaceroichar
cap.meta.face.expression,web,getusermedia,deny,met-webnofaceexpr
cap.meta.face.expression,uvc-direct,uvc,deny,met-uvcnodetect
cap.meta.face.expression,genicam,sfnc,deny,met-genicamnodetect
cap.meta.body.rect,macos,avfoundation,native,met-avfbodyobj
cap.meta.body.rect,ios,avfoundation,native,met-avfbodyobj
cap.meta.body.rect,android,camera2ndk,deny,met-cam2nobody
cap.meta.body.rect,android,camerax,deny,met-cam2nobody
cap.meta.body.rect,linux,v4l2,deny,met-v4l2nodetect
cap.meta.body.rect,linux,libcamera,deny,met-lcnobody
cap.meta.body.rect,linux,pipewire,deny,met-pwnometa
cap.meta.body.rect,win32,mediafoundation,deny,met-mfnobody
cap.meta.body.rect,web,getusermedia,deny,met-webnobody
cap.meta.body.rect,uvc-direct,uvc,deny,met-uvcnodetect
cap.meta.body.rect,genicam,sfnc,deny,met-genicamnodetect
cap.meta.salient.rect,macos,avfoundation,native,met-avfsalient
cap.meta.salient.rect,ios,avfoundation,native,met-avfsalient
cap.meta.salient.rect,android,camera2ndk,deny,met-cam2nosalient
cap.meta.salient.rect,android,camerax,deny,met-cam2nosalient
cap.meta.salient.rect,linux,v4l2,deny,met-v4l2nodetect
cap.meta.salient.rect,linux,libcamera,deny,met-lcnosalient
cap.meta.salient.rect,linux,pipewire,deny,met-pwnometa
cap.meta.salient.rect,win32,mediafoundation,deny,met-mfnosalient
cap.meta.salient.rect,web,getusermedia,deny,met-webnosalient
cap.meta.salient.rect,uvc-direct,uvc,deny,met-uvcnodetect
cap.meta.salient.rect,genicam,sfnc,deny,met-genicamnodetect
cap.meta.code.payload,macos,avfoundation,native,met-avfmrc
cap.meta.code.payload,ios,avfoundation,native,met-avfmrc
cap.meta.code.payload,android,camera2ndk,deny,met-cam2nocode
cap.meta.code.payload,android,camerax,deny,met-cam2nocode
cap.meta.code.payload,linux,v4l2,deny,met-v4l2nodetect
cap.meta.code.payload,linux,libcamera,deny,met-lcnocode
cap.meta.code.payload,linux,pipewire,deny,met-pwnometa
cap.meta.code.payload,win32,mediafoundation,deny,met-mfnocode
cap.meta.code.payload,web,getusermedia,native,met-webbarcodedetector
cap.meta.code.payload,uvc-direct,uvc,deny,met-uvcnodetect
cap.meta.code.payload,genicam,sfnc,deny,met-genicamnodetect
cap.meta.scene.change,macos,avfoundation,deny,met-avfnoscenechange
cap.meta.scene.change,ios,avfoundation,deny,met-avfnoscenechange
cap.meta.scene.change,android,camera2ndk,native,
cap.meta.scene.change,android,camerax,emulate,met-cxinterop
cap.meta.scene.change,linux,v4l2,deny,met-v4l2nodetect
cap.meta.scene.change,linux,libcamera,deny,met-lcnoscenechange
cap.meta.scene.change,linux,pipewire,deny,met-pwnometa
cap.meta.scene.change,win32,mediafoundation,deny,met-mfnoscenechange
cap.meta.scene.change,web,getusermedia,deny,met-webnometa
cap.meta.scene.change,uvc-direct,uvc,deny,met-uvcnodetect
cap.meta.scene.change,genicam,sfnc,deny,met-genicamnoscene
cap.meta.scene.flicker,macos,avfoundation,deny,met-avfnoflicker
cap.meta.scene.flicker,ios,avfoundation,deny,met-avfnoflicker
cap.meta.scene.flicker,android,camera2ndk,native,
cap.meta.scene.flicker,android,camerax,emulate,met-cxinterop
cap.meta.scene.flicker,linux,v4l2,deny,met-v4l2nodetect
cap.meta.scene.flicker,linux,libcamera,native,
cap.meta.scene.flicker,linux,pipewire,deny,met-pwnometa
cap.meta.scene.flicker,win32,mediafoundation,deny,met-mfnoflicker
cap.meta.scene.flicker,web,getusermedia,deny,met-webnometa
cap.meta.scene.flicker,uvc-direct,uvc,deny,met-uvcnodetect
cap.meta.scene.flicker,genicam,sfnc,deny,met-genicamnoscene
cap.meta.scene.nighthint,macos,avfoundation,deny,met-avfnonighthint
cap.meta.scene.nighthint,ios,avfoundation,deny,met-avfnonighthint
cap.meta.scene.nighthint,android,camera2ndk,native,met-cam2nightext
cap.meta.scene.nighthint,android,camerax,emulate,met-cxinterop
cap.meta.scene.nighthint,linux,v4l2,deny,met-v4l2nodetect
cap.meta.scene.nighthint,linux,libcamera,deny,met-lcnonighthint
cap.meta.scene.nighthint,linux,pipewire,deny,met-pwnometa
cap.meta.scene.nighthint,win32,mediafoundation,deny,met-mfnonighthint
cap.meta.scene.nighthint,web,getusermedia,deny,met-webnometa
cap.meta.scene.nighthint,uvc-direct,uvc,deny,met-uvcnodetect
cap.meta.scene.nighthint,genicam,sfnc,deny,met-genicamnoscene
cap.meta.scene.illuminance,macos,avfoundation,deny,met-avfnoillum
cap.meta.scene.illuminance,ios,avfoundation,deny,met-avfnoillum
cap.meta.scene.illuminance,android,camera2ndk,deny,met-cam2noillum
cap.meta.scene.illuminance,android,camerax,deny,met-cam2noillum
cap.meta.scene.illuminance,linux,v4l2,deny,met-v4l2nodetect
cap.meta.scene.illuminance,linux,libcamera,native,
cap.meta.scene.illuminance,linux,pipewire,deny,met-pwnometa
cap.meta.scene.illuminance,win32,mediafoundation,deny,met-mfnoillum
cap.meta.scene.illuminance,web,getusermedia,deny,met-webnometa
cap.meta.scene.illuminance,uvc-direct,uvc,deny,met-uvcnodetect
cap.meta.scene.illuminance,genicam,sfnc,deny,met-genicamnoscene
cap.meta.scene.focusfom,macos,avfoundation,deny,met-avfnofocusfom
cap.meta.scene.focusfom,ios,avfoundation,deny,met-avfnofocusfom
cap.meta.scene.focusfom,android,camera2ndk,deny,met-cam2nofocusfom
cap.meta.scene.focusfom,android,camerax,deny,met-cam2nofocusfom
cap.meta.scene.focusfom,linux,v4l2,deny,met-v4l2nodetect
cap.meta.scene.focusfom,linux,libcamera,native,
cap.meta.scene.focusfom,linux,pipewire,deny,met-pwnometa
cap.meta.scene.focusfom,win32,mediafoundation,deny,met-mfnofocusfom
cap.meta.scene.focusfom,web,getusermedia,deny,met-webnometa
cap.meta.scene.focusfom,uvc-direct,uvc,deny,met-uvcnodetect
cap.meta.scene.focusfom,genicam,sfnc,deny,met-genicamnoscene
cap.meta.stats.histogram,macos,avfoundation,deny,met-avfnostatsmap
cap.meta.stats.histogram,ios,avfoundation,deny,met-avfnostatsmap
cap.meta.stats.histogram,android,camera2ndk,native,met-cam2histlimited
cap.meta.stats.histogram,android,camerax,emulate,met-cxinterop
cap.meta.stats.histogram,linux,v4l2,native,met-v4l2hgo
cap.meta.stats.histogram,linux,libcamera,deny,met-lcnohistogram
cap.meta.stats.histogram,linux,pipewire,deny,met-pwnometa
cap.meta.stats.histogram,win32,mediafoundation,native,
cap.meta.stats.histogram,web,getusermedia,deny,met-webnometa
cap.meta.stats.histogram,uvc-direct,uvc,deny,met-uvcnostats
cap.meta.stats.histogram,genicam,sfnc,deny,met-genicamnohist
cap.meta.stats.sharpnessmap,macos,avfoundation,deny,met-avfnostatsmap
cap.meta.stats.sharpnessmap,ios,avfoundation,deny,met-avfnostatsmap
cap.meta.stats.sharpnessmap,android,camera2ndk,native,met-cam2sharplimited
cap.meta.stats.sharpnessmap,android,camerax,emulate,met-cxinterop
cap.meta.stats.sharpnessmap,linux,v4l2,deny,met-v4l2nostatmap
cap.meta.stats.sharpnessmap,linux,libcamera,deny,met-lcnosharpmap
cap.meta.stats.sharpnessmap,linux,pipewire,deny,met-pwnometa
cap.meta.stats.sharpnessmap,win32,mediafoundation,deny,met-mfnosharpmap
cap.meta.stats.sharpnessmap,web,getusermedia,deny,met-webnometa
cap.meta.stats.sharpnessmap,uvc-direct,uvc,deny,met-uvcnostats
cap.meta.stats.sharpnessmap,genicam,sfnc,deny,met-genicamnostatmap
cap.meta.stats.lensshadingmap,macos,avfoundation,deny,met-avfnostatsmap
cap.meta.stats.lensshadingmap,ios,avfoundation,deny,met-avfnostatsmap
cap.meta.stats.lensshadingmap,android,camera2ndk,native,
cap.meta.stats.lensshadingmap,android,camerax,emulate,met-cxinterop
cap.meta.stats.lensshadingmap,linux,v4l2,deny,met-v4l2nostatmap
cap.meta.stats.lensshadingmap,linux,libcamera,deny,met-lcshadingavail
cap.meta.stats.lensshadingmap,linux,pipewire,deny,met-pwnometa
cap.meta.stats.lensshadingmap,win32,mediafoundation,deny,met-mfnoshadingmap
cap.meta.stats.lensshadingmap,web,getusermedia,deny,met-webnometa
cap.meta.stats.lensshadingmap,uvc-direct,uvc,deny,met-uvcnostats
cap.meta.stats.lensshadingmap,genicam,sfnc,deny,met-genicamnostatmap
cap.meta.stats.hotpixelmap,macos,avfoundation,deny,met-avfnostatsmap
cap.meta.stats.hotpixelmap,ios,avfoundation,deny,met-avfnostatsmap
cap.meta.stats.hotpixelmap,android,camera2ndk,native,
cap.meta.stats.hotpixelmap,android,camerax,emulate,met-cxinterop
cap.meta.stats.hotpixelmap,linux,v4l2,deny,met-v4l2nostatmap
cap.meta.stats.hotpixelmap,linux,libcamera,deny,met-lcnohotpixel
cap.meta.stats.hotpixelmap,linux,pipewire,deny,met-pwnometa
cap.meta.stats.hotpixelmap,win32,mediafoundation,deny,met-mfnohotpixel
cap.meta.stats.hotpixelmap,web,getusermedia,deny,met-webnometa
cap.meta.stats.hotpixelmap,uvc-direct,uvc,deny,met-uvcnostats
cap.meta.stats.hotpixelmap,genicam,sfnc,deny,met-genicamnostatmap
cap.meta.stats.predictedcolor,macos,avfoundation,deny,met-avfnostatsmap
cap.meta.stats.predictedcolor,ios,avfoundation,deny,met-avfnostatsmap
cap.meta.stats.predictedcolor,android,camera2ndk,?,met-cam2predcolordeprecated
cap.meta.stats.predictedcolor,android,camerax,?,met-cam2predcolordeprecated
cap.meta.stats.predictedcolor,linux,v4l2,deny,met-v4l2nostatmap
cap.meta.stats.predictedcolor,linux,libcamera,deny,met-lcnopredcolor
cap.meta.stats.predictedcolor,linux,pipewire,deny,met-pwnometa
cap.meta.stats.predictedcolor,win32,mediafoundation,deny,met-mfnopredcolor
cap.meta.stats.predictedcolor,web,getusermedia,deny,met-webnometa
cap.meta.stats.predictedcolor,uvc-direct,uvc,deny,met-uvcnostats
cap.meta.stats.predictedcolor,genicam,sfnc,deny,met-genicamnostatmap
cap.meta.stats.ispblob,macos,avfoundation,deny,met-avfnoispblob
cap.meta.stats.ispblob,ios,avfoundation,deny,met-avfnoispblob
cap.meta.stats.ispblob,android,camera2ndk,deny,met-cam2noispblob
cap.meta.stats.ispblob,android,camerax,deny,met-cam2noispblob
cap.meta.stats.ispblob,linux,v4l2,native,met-v4l2ispstat
cap.meta.stats.ispblob,linux,libcamera,native,met-lcrpistats
cap.meta.stats.ispblob,linux,pipewire,deny,met-pwnometa
cap.meta.stats.ispblob,win32,mediafoundation,deny,met-mfnoispblob
cap.meta.stats.ispblob,web,getusermedia,deny,met-webnometa
cap.meta.stats.ispblob,uvc-direct,uvc,deny,met-uvcnostats
cap.meta.stats.ispblob,genicam,sfnc,deny,met-genicamnoispblob
cap.meta.stats.ispparams,macos,avfoundation,deny,met-avfnoispparams
cap.meta.stats.ispparams,ios,avfoundation,deny,met-avfnoispparams
cap.meta.stats.ispparams,android,camera2ndk,deny,met-cam2noispparams
cap.meta.stats.ispparams,android,camerax,deny,met-cam2noispparams
cap.meta.stats.ispparams,linux,v4l2,native,met-v4l2ispparams
cap.meta.stats.ispparams,linux,libcamera,deny,met-lcnoispparams
cap.meta.stats.ispparams,linux,pipewire,deny,met-pwnometa
cap.meta.stats.ispparams,win32,mediafoundation,deny,met-mfnoispparams
cap.meta.stats.ispparams,web,getusermedia,deny,met-webnometa
cap.meta.stats.ispparams,uvc-direct,uvc,deny,met-uvcnostats
cap.meta.stats.ispparams,genicam,sfnc,deny,met-genicamnoispparams
cap.meta.ois.samples,macos,avfoundation,deny,met-avfnoois
cap.meta.ois.samples,ios,avfoundation,deny,met-avfnoois
cap.meta.ois.samples,android,camera2ndk,native,
cap.meta.ois.samples,android,camerax,emulate,met-cxinterop
cap.meta.ois.samples,linux,v4l2,deny,met-v4l2noois
cap.meta.ois.samples,linux,libcamera,deny,met-lcnoois
cap.meta.ois.samples,linux,pipewire,deny,met-pwnometa
cap.meta.ois.samples,win32,mediafoundation,deny,met-mfnoois
cap.meta.ois.samples,web,getusermedia,deny,met-webnometa
cap.meta.ois.samples,uvc-direct,uvc,deny,met-uvcnostats
cap.meta.ois.samples,genicam,sfnc,deny,met-genicamnoois
cap.meta.sensortemperature,macos,avfoundation,deny,met-avfnosensortemp
cap.meta.sensortemperature,ios,avfoundation,deny,met-avfnosensortemp
cap.meta.sensortemperature,android,camera2ndk,deny,met-cam2nosensortemp
cap.meta.sensortemperature,android,camerax,deny,met-cam2nosensortemp
cap.meta.sensortemperature,linux,v4l2,deny,met-v4l2nosensortemp
cap.meta.sensortemperature,linux,libcamera,native,
cap.meta.sensortemperature,linux,pipewire,deny,met-pwnometa
cap.meta.sensortemperature,win32,mediafoundation,deny,met-mfnosensortemp
cap.meta.sensortemperature,web,getusermedia,deny,met-webnometa
cap.meta.sensortemperature,uvc-direct,uvc,deny,met-uvcnostats
cap.meta.sensortemperature,genicam,sfnc,deny,met-genicamnosensortemp
cap.meta.embedded.sensorlines,macos,avfoundation,deny,met-ceilingdeny
cap.meta.embedded.sensorlines,ios,avfoundation,deny,met-ceilingdeny
cap.meta.embedded.sensorlines,android,camera2ndk,deny,met-ceilingdeny
cap.meta.embedded.sensorlines,android,camerax,deny,met-ceilingdeny
cap.meta.embedded.sensorlines,linux,v4l2,native,met-v4l2csilines
cap.meta.embedded.sensorlines,linux,libcamera,deny,met-ceilingdeny
cap.meta.embedded.sensorlines,linux,pipewire,deny,met-ceilingdeny
cap.meta.embedded.sensorlines,win32,mediafoundation,deny,met-ceilingdeny
cap.meta.embedded.sensorlines,web,getusermedia,deny,met-ceilingdeny
cap.meta.embedded.sensorlines,uvc-direct,uvc,deny,met-ceilingdeny
cap.meta.embedded.sensorlines,genicam,sfnc,deny,met-ceilingdeny
cap.meta.embedded.uvcheader,macos,avfoundation,deny,met-avfnouvcheader
cap.meta.embedded.uvcheader,ios,avfoundation,deny,met-avfnouvcheader
cap.meta.embedded.uvcheader,android,camera2ndk,deny,met-cam2nouvcheader
cap.meta.embedded.uvcheader,android,camerax,deny,met-cam2nouvcheader
cap.meta.embedded.uvcheader,linux,v4l2,native,met-v4l2uvcheader
cap.meta.embedded.uvcheader,linux,libcamera,deny,met-lcnouvcheader
cap.meta.embedded.uvcheader,linux,pipewire,deny,met-pwnometa
cap.meta.embedded.uvcheader,win32,mediafoundation,deny,met-mfnouvcheader
cap.meta.embedded.uvcheader,web,getusermedia,deny,met-webnometa
cap.meta.embedded.uvcheader,uvc-direct,uvc,native,met-uvcpayloadhdr
cap.meta.embedded.uvcheader,genicam,sfnc,deny,met-genicamnouvc
cap.meta.chunk.iostate,macos,avfoundation,deny,met-avfnochunk
cap.meta.chunk.iostate,ios,avfoundation,deny,met-avfnochunk
cap.meta.chunk.iostate,android,camera2ndk,deny,met-cam2nochunk
cap.meta.chunk.iostate,android,camerax,deny,met-cam2nochunk
cap.meta.chunk.iostate,linux,v4l2,deny,met-v4l2nochunk
cap.meta.chunk.iostate,linux,libcamera,deny,met-lcnochunk
cap.meta.chunk.iostate,linux,pipewire,deny,met-pwnometa
cap.meta.chunk.iostate,win32,mediafoundation,deny,met-mfnochunk
cap.meta.chunk.iostate,web,getusermedia,deny,met-webnometa
cap.meta.chunk.iostate,uvc-direct,uvc,deny,met-uvcnochunk
cap.meta.chunk.iostate,genicam,sfnc,native,met-chunkio
cap.meta.chunk.frameid,macos,avfoundation,deny,met-avfnochunk
cap.meta.chunk.frameid,ios,avfoundation,deny,met-avfnochunk
cap.meta.chunk.frameid,android,camera2ndk,deny,met-cam2nochunkframeid
cap.meta.chunk.frameid,android,camerax,deny,met-cam2nochunkframeid
cap.meta.chunk.frameid,linux,v4l2,deny,met-v4l2nochunk
cap.meta.chunk.frameid,linux,libcamera,deny,met-lcnochunk
cap.meta.chunk.frameid,linux,pipewire,deny,met-pwnometa
cap.meta.chunk.frameid,win32,mediafoundation,deny,met-mfnochunk
cap.meta.chunk.frameid,web,getusermedia,deny,met-webnometa
cap.meta.chunk.frameid,uvc-direct,uvc,deny,met-uvcnochunk
cap.meta.chunk.frameid,genicam,sfnc,native,met-chunkframeid
cap.meta.transform.orientation,macos,avfoundation,deny,met-avfnotransformecho
cap.meta.transform.orientation,ios,avfoundation,deny,met-avfnotransformecho
cap.meta.transform.orientation,android,camera2ndk,deny,met-cam2notransformecho
cap.meta.transform.orientation,android,camerax,deny,met-cam2notransformecho
cap.meta.transform.orientation,linux,v4l2,deny,met-v4l2notransformecho
cap.meta.transform.orientation,linux,libcamera,deny,met-lcnotransformecho
cap.meta.transform.orientation,linux,pipewire,native,met-pwtransform
cap.meta.transform.orientation,win32,mediafoundation,deny,met-mfnotransformecho
cap.meta.transform.orientation,web,getusermedia,native,met-webvideoframexform
cap.meta.transform.orientation,uvc-direct,uvc,deny,met-uvcnotransform
cap.meta.transform.orientation,genicam,sfnc,deny,met-genicamnotransform
cap.meta.damage.region,macos,avfoundation,deny,met-avfnodamage
cap.meta.damage.region,ios,avfoundation,deny,met-avfnodamage
cap.meta.damage.region,android,camera2ndk,deny,met-cam2nodamage
cap.meta.damage.region,android,camerax,deny,met-cam2nodamage
cap.meta.damage.region,linux,v4l2,deny,met-v4l2nodamage
cap.meta.damage.region,linux,libcamera,deny,met-lcnodamage
cap.meta.damage.region,linux,pipewire,native,met-pwdamage
cap.meta.damage.region,win32,mediafoundation,deny,met-mfnodamage
cap.meta.damage.region,web,getusermedia,deny,met-webnodamage
cap.meta.damage.region,uvc-direct,uvc,deny,met-uvcnodamage
cap.meta.damage.region,genicam,sfnc,deny,met-genicamnodamage
cap.meta.illumination.ir,macos,avfoundation,deny,met-avfnoirillum
cap.meta.illumination.ir,ios,avfoundation,deny,met-avfnoirillum
cap.meta.illumination.ir,android,camera2ndk,deny,met-cam2noirillum
cap.meta.illumination.ir,android,camerax,deny,met-cam2noirillum
cap.meta.illumination.ir,linux,v4l2,deny,met-v4l2noirillum
cap.meta.illumination.ir,linux,libcamera,deny,met-lcnoirillum
cap.meta.illumination.ir,linux,pipewire,deny,met-pwnometa
cap.meta.illumination.ir,win32,mediafoundation,native,
cap.meta.illumination.ir,web,getusermedia,deny,met-webnometa
cap.meta.illumination.ir,uvc-direct,uvc,deny,met-uvcnoirillum
cap.meta.illumination.ir,genicam,sfnc,deny,met-genicamnoirillum
cap.meta.segmask,macos,avfoundation,deny,met-avfnosegmask
cap.meta.segmask,ios,avfoundation,deny,met-avfnosegmask
cap.meta.segmask,android,camera2ndk,deny,met-cam2nosegmask
cap.meta.segmask,android,camerax,deny,met-cam2nosegmask
cap.meta.segmask,linux,v4l2,deny,met-v4l2nosegmask
cap.meta.segmask,linux,libcamera,deny,met-lcnosegmask
cap.meta.segmask,linux,pipewire,deny,met-pwnometa
cap.meta.segmask,win32,mediafoundation,native,met-mfsegmask
cap.meta.segmask,web,getusermedia,deny,met-webnosegmask
cap.meta.segmask,uvc-direct,uvc,deny,met-uvcnosegmask
cap.meta.segmask,genicam,sfnc,deny,met-genicamnosegmask
cap.meta.exifblob,macos,avfoundation,emulate,met-avfexifstill
cap.meta.exifblob,ios,avfoundation,emulate,met-avfexifstill
cap.meta.exifblob,android,camera2ndk,native,met-cam2jpegexif
cap.meta.exifblob,android,camerax,emulate,met-cxinterop
cap.meta.exifblob,linux,v4l2,deny,met-v4l2noexif
cap.meta.exifblob,linux,libcamera,deny,met-lcnoexif
cap.meta.exifblob,linux,pipewire,deny,met-pwnometa
cap.meta.exifblob,win32,mediafoundation,native,
cap.meta.exifblob,web,getusermedia,deny,met-webnometa
cap.meta.exifblob,uvc-direct,uvc,deny,met-uvcnoexif
cap.meta.exifblob,genicam,sfnc,deny,met-genicamnoexif
cap.meta.bracketcorrelation,macos,avfoundation,deny,met-avfnobracketid
cap.meta.bracketcorrelation,ios,avfoundation,emulate,met-synthbracketid
cap.meta.bracketcorrelation,android,camera2ndk,emulate,met-synthbracketid
cap.meta.bracketcorrelation,android,camerax,emulate,met-synthbracketid
cap.meta.bracketcorrelation,linux,v4l2,deny,met-v4l2nobracketid
cap.meta.bracketcorrelation,linux,libcamera,deny,met-lcnobracketid
cap.meta.bracketcorrelation,linux,pipewire,deny,met-pwnometa
cap.meta.bracketcorrelation,win32,mediafoundation,native,
cap.meta.bracketcorrelation,web,getusermedia,deny,met-webnometa
cap.meta.bracketcorrelation,uvc-direct,uvc,deny,met-uvcnobracketid
cap.meta.bracketcorrelation,genicam,sfnc,emulate,met-genicamsequencerid
cap.meta.event.exposurephase,macos,avfoundation,deny,met-ceilingdeny
cap.meta.event.exposurephase,ios,avfoundation,deny,met-ceilingdeny
cap.meta.event.exposurephase,android,camera2ndk,deny,met-ceilingdeny
cap.meta.event.exposurephase,android,camerax,deny,met-ceilingdeny
cap.meta.event.exposurephase,linux,v4l2,deny,met-ceilingdeny
cap.meta.event.exposurephase,linux,libcamera,deny,met-ceilingdeny
cap.meta.event.exposurephase,linux,pipewire,deny,met-ceilingdeny
cap.meta.event.exposurephase,win32,mediafoundation,deny,met-ceilingdeny
cap.meta.event.exposurephase,web,getusermedia,deny,met-ceilingdeny
cap.meta.event.exposurephase,uvc-direct,uvc,deny,met-ceilingdeny
cap.meta.event.exposurephase,genicam,sfnc,native,met-genicamevent
cap.meta.custom.blob,macos,avfoundation,deny,met-avfnocustomblob
cap.meta.custom.blob,ios,avfoundation,deny,met-avfnocustomblob
cap.meta.custom.blob,android,camera2ndk,deny,met-cam2nocustomblob
cap.meta.custom.blob,android,camerax,deny,met-cam2nocustomblob
cap.meta.custom.blob,linux,v4l2,deny,met-v4l2nocustomblob
cap.meta.custom.blob,linux,libcamera,native,met-lcdebugmeta
cap.meta.custom.blob,linux,pipewire,native,met-pwparamtag
cap.meta.custom.blob,win32,mediafoundation,native,met-mfcustomguid
cap.meta.custom.blob,web,getusermedia,deny,met-webnometa
cap.meta.custom.blob,uvc-direct,uvc,emulate,met-uvcvendorxu
cap.meta.custom.blob,genicam,sfnc,emulate,met-genicamchunkcustom
cap.egress.publish,macos,avfoundation,native,egr-avf-sysext
cap.egress.publish,ios,avfoundation,deny,egr-noios
cap.egress.publish,android,camera2ndk,deny,egr-privileged
cap.egress.publish,android,camerax,deny,egr-privileged
cap.egress.publish,linux,v4l2,native,egr-v4l2loopback
cap.egress.publish,linux,libcamera,deny,egr-libcamera-nopublish
cap.egress.publish,linux,pipewire,native,egr-pw-node
cap.egress.publish,win32,mediafoundation,native,egr-mf-vcam
cap.egress.publish,web,getusermedia,deny,egr-webinpage
cap.egress.publish,uvc-direct,uvc,deny,egr-uvc-ingest
cap.egress.publish,genicam,sfnc,deny,egr-genicam-ingest
cap.egress.publish.frame_push,macos,avfoundation,native,egr-avf-sendsample
cap.egress.publish.frame_push,ios,avfoundation,deny,egr-noios
cap.egress.publish.frame_push,android,camera2ndk,deny,egr-privileged
cap.egress.publish.frame_push,android,camerax,deny,egr-privileged
cap.egress.publish.frame_push,linux,v4l2,native,egr-v4l2-output-write
cap.egress.publish.frame_push,linux,libcamera,deny,egr-libcamera-nopublish
cap.egress.publish.frame_push,linux,pipewire,native,egr-pw-produce
cap.egress.publish.frame_push,win32,mediafoundation,native,egr-mf-imfsample
cap.egress.publish.frame_push,web,getusermedia,deny,egr-webinpage
cap.egress.publish.frame_push,uvc-direct,uvc,deny,egr-uvc-ingest
cap.egress.publish.frame_push,genicam,sfnc,deny,egr-genicam-ingest
cap.egress.publish.frame_pull,macos,avfoundation,native,egr-avf-sinkpull
cap.egress.publish.frame_pull,ios,avfoundation,deny,egr-noios
cap.egress.publish.frame_pull,android,camera2ndk,deny,egr-privileged
cap.egress.publish.frame_pull,android,camerax,deny,egr-privileged
cap.egress.publish.frame_pull,linux,v4l2,deny,egr-v4l2-nopull
cap.egress.publish.frame_pull,linux,libcamera,deny,egr-libcamera-nopublish
cap.egress.publish.frame_pull,linux,pipewire,native,egr-pw-trigger
cap.egress.publish.frame_pull,win32,mediafoundation,deny,egr-mf-nopull
cap.egress.publish.frame_pull,web,getusermedia,deny,egr-webinpage
cap.egress.publish.frame_pull,uvc-direct,uvc,deny,egr-uvc-ingest
cap.egress.publish.frame_pull,genicam,sfnc,deny,egr-genicam-ingest
cap.egress.publish.local_only_fallback,macos,avfoundation,emulate,egr-localonly
cap.egress.publish.local_only_fallback,ios,avfoundation,emulate,egr-localonly-ios
cap.egress.publish.local_only_fallback,android,camera2ndk,emulate,egr-localonly-android
cap.egress.publish.local_only_fallback,android,camerax,emulate,egr-localonly-android
cap.egress.publish.local_only_fallback,linux,v4l2,emulate,egr-localonly
cap.egress.publish.local_only_fallback,linux,libcamera,emulate,egr-localonly-libcamera
cap.egress.publish.local_only_fallback,linux,pipewire,emulate,egr-localonly
cap.egress.publish.local_only_fallback,win32,mediafoundation,emulate,egr-localonly
cap.egress.publish.local_only_fallback,web,getusermedia,native,egr-web-trackgen
cap.egress.publish.local_only_fallback,uvc-direct,uvc,deny,egr-uvc-ingest
cap.egress.publish.local_only_fallback,genicam,sfnc,deny,egr-genicam-ingest
cap.egress.consumer.attach_events,macos,avfoundation,native,egr-avf-clientevents
cap.egress.consumer.attach_events,ios,avfoundation,deny,egr-noios
cap.egress.consumer.attach_events,android,camera2ndk,deny,egr-privileged
cap.egress.consumer.attach_events,android,camerax,deny,egr-privileged
cap.egress.consumer.attach_events,linux,v4l2,deny,egr-v4l2-noattachevent
cap.egress.consumer.attach_events,linux,libcamera,deny,egr-libcamera-nopublish
cap.egress.consumer.attach_events,linux,pipewire,native,egr-pw-state
cap.egress.consumer.attach_events,win32,mediafoundation,native,egr-mf-mediaevent
cap.egress.consumer.attach_events,web,getusermedia,deny,egr-webinpage
cap.egress.consumer.attach_events,uvc-direct,uvc,deny,egr-uvc-ingest
cap.egress.consumer.attach_events,genicam,sfnc,deny,egr-genicam-ingest
cap.egress.consumer.identity,macos,avfoundation,native,egr-avf-clientidentity
cap.egress.consumer.identity,ios,avfoundation,deny,egr-noios
cap.egress.consumer.identity,android,camera2ndk,deny,egr-privileged
cap.egress.consumer.identity,android,camerax,deny,egr-privileged
cap.egress.consumer.identity,linux,v4l2,deny,egr-v4l2-noidentity
cap.egress.consumer.identity,linux,libcamera,deny,egr-libcamera-nopublish
cap.egress.consumer.identity,linux,pipewire,deny,egr-pw-noidentity
cap.egress.consumer.identity,win32,mediafoundation,deny,egr-mf-noidentity
cap.egress.consumer.identity,web,getusermedia,deny,egr-webinpage
cap.egress.consumer.identity,uvc-direct,uvc,deny,egr-uvc-ingest
cap.egress.consumer.identity,genicam,sfnc,deny,egr-genicam-ingest
cap.egress.consumer.format_negotiate,macos,avfoundation,native,egr-avf-streamformat
cap.egress.consumer.format_negotiate,ios,avfoundation,deny,egr-noios
cap.egress.consumer.format_negotiate,android,camera2ndk,deny,egr-privileged
cap.egress.consumer.format_negotiate,android,camerax,deny,egr-privileged
cap.egress.consumer.format_negotiate,linux,v4l2,native,egr-v4l2-sfmt
cap.egress.consumer.format_negotiate,linux,libcamera,deny,egr-libcamera-nopublish
cap.egress.consumer.format_negotiate,linux,pipewire,native,egr-pw-spaformat
cap.egress.consumer.format_negotiate,win32,mediafoundation,native,egr-mf-mediatypes
cap.egress.consumer.format_negotiate,web,getusermedia,deny,egr-webinpage
cap.egress.consumer.format_negotiate,uvc-direct,uvc,deny,egr-uvc-ingest
cap.egress.consumer.format_negotiate,genicam,sfnc,deny,egr-genicam-ingest
cap.egress.controls.expose,macos,avfoundation,native,egr-avf-propbag
cap.egress.controls.expose,ios,avfoundation,deny,egr-noios
cap.egress.controls.expose,android,camera2ndk,deny,egr-privileged
cap.egress.controls.expose,android,camerax,deny,egr-privileged
cap.egress.controls.expose,linux,v4l2,deny,egr-v4l2-nocontrolexpose
cap.egress.controls.expose,linux,libcamera,deny,egr-libcamera-nopublish
cap.egress.controls.expose,linux,pipewire,?,egr-pw-controls-unknown
cap.egress.controls.expose,win32,mediafoundation,native,egr-mf-ksproperty
cap.egress.controls.expose,web,getusermedia,deny,egr-webinpage
cap.egress.controls.expose,uvc-direct,uvc,deny,egr-uvc-ingest
cap.egress.controls.expose,genicam,sfnc,deny,egr-genicam-ingest
cap.egress.controls.config_dialog,macos,avfoundation,deny,egr-avf-noconfigdialog
cap.egress.controls.config_dialog,ios,avfoundation,deny,egr-noios
cap.egress.controls.config_dialog,android,camera2ndk,deny,egr-privileged
cap.egress.controls.config_dialog,android,camerax,deny,egr-privileged
cap.egress.controls.config_dialog,linux,v4l2,deny,egr-v4l2-noconfigdialog
cap.egress.controls.config_dialog,linux,libcamera,deny,egr-libcamera-nopublish
cap.egress.controls.config_dialog,linux,pipewire,deny,egr-pw-noconfigdialog
cap.egress.controls.config_dialog,win32,mediafoundation,native,egr-mf-propertypages
cap.egress.controls.config_dialog,web,getusermedia,deny,egr-webinpage
cap.egress.controls.config_dialog,uvc-direct,uvc,deny,egr-uvc-ingest
cap.egress.controls.config_dialog,genicam,sfnc,deny,egr-genicam-ingest
cap.egress.share_mode,macos,avfoundation,deny,egr-avf-nosharemode
cap.egress.share_mode,ios,avfoundation,deny,egr-noios
cap.egress.share_mode,android,camera2ndk,deny,egr-privileged
cap.egress.share_mode,android,camerax,deny,egr-privileged
cap.egress.share_mode,linux,v4l2,deny,egr-v4l2-nosharemode
cap.egress.share_mode,linux,libcamera,deny,egr-libcamera-nopublish
cap.egress.share_mode,linux,pipewire,deny,egr-pw-nosharemode
cap.egress.share_mode,win32,mediafoundation,native,egr-mf-sharemode
cap.egress.share_mode,web,getusermedia,deny,egr-webinpage
cap.egress.share_mode,uvc-direct,uvc,deny,egr-uvc-ingest
cap.egress.share_mode,genicam,sfnc,deny,egr-genicam-ingest
cap.egress.flow_control,macos,avfoundation,native,egr-avf-sinkflow
cap.egress.flow_control,ios,avfoundation,deny,egr-noios
cap.egress.flow_control,android,camera2ndk,deny,egr-privileged
cap.egress.flow_control,android,camerax,deny,egr-privileged
cap.egress.flow_control,linux,v4l2,deny,egr-v4l2-noflowctl
cap.egress.flow_control,linux,libcamera,deny,egr-libcamera-nopublish
cap.egress.flow_control,linux,pipewire,deny,egr-pw-noflowctl
cap.egress.flow_control,win32,mediafoundation,deny,egr-mf-noflowctl
cap.egress.flow_control,web,getusermedia,deny,egr-webinpage
cap.egress.flow_control,uvc-direct,uvc,deny,egr-uvc-ingest
cap.egress.flow_control,genicam,sfnc,deny,egr-genicam-ingest
cap.egress.wrap_physical,macos,avfoundation,deny,egr-avf-nowrapphysical
cap.egress.wrap_physical,ios,avfoundation,deny,egr-noios
cap.egress.wrap_physical,android,camera2ndk,deny,egr-privileged
cap.egress.wrap_physical,android,camerax,deny,egr-privileged
cap.egress.wrap_physical,linux,v4l2,deny,egr-v4l2-nowrapphysical
cap.egress.wrap_physical,linux,libcamera,deny,egr-libcamera-nopublish
cap.egress.wrap_physical,linux,pipewire,deny,egr-pw-nowrapphysical
cap.egress.wrap_physical,win32,mediafoundation,native,egr-mf-wrapphysical
cap.egress.wrap_physical,web,getusermedia,deny,egr-webinpage
cap.egress.wrap_physical,uvc-direct,uvc,deny,egr-uvc-ingest
cap.egress.wrap_physical,genicam,sfnc,deny,egr-genicam-ingest
cap.egress.in_use_feedback,macos,avfoundation,native,egr-avf-streamingclients
cap.egress.in_use_feedback,ios,avfoundation,deny,egr-noios
cap.egress.in_use_feedback,android,camera2ndk,deny,egr-privileged
cap.egress.in_use_feedback,android,camerax,deny,egr-privileged
cap.egress.in_use_feedback,linux,v4l2,deny,egr-v4l2-noinusefeedback
cap.egress.in_use_feedback,linux,libcamera,deny,egr-libcamera-nopublish
cap.egress.in_use_feedback,linux,pipewire,native,egr-pw-state
cap.egress.in_use_feedback,win32,mediafoundation,native,egr-mf-invalidated
cap.egress.in_use_feedback,web,getusermedia,deny,egr-webinpage
cap.egress.in_use_feedback,uvc-direct,uvc,deny,egr-uvc-ingest
cap.egress.in_use_feedback,genicam,sfnc,deny,egr-genicam-ingest
cap.egress.mic_association,macos,avfoundation,?,egr-avf-micassoc-unknown
cap.egress.mic_association,ios,avfoundation,deny,egr-noios
cap.egress.mic_association,android,camera2ndk,deny,egr-privileged
cap.egress.mic_association,android,camerax,deny,egr-privileged
cap.egress.mic_association,linux,v4l2,deny,egr-v4l2-nomicassoc
cap.egress.mic_association,linux,libcamera,deny,egr-libcamera-nopublish
cap.egress.mic_association,linux,pipewire,deny,egr-pw-nomicassoc
cap.egress.mic_association,win32,mediafoundation,?,egr-mf-micassoc-unknown
cap.egress.mic_association,web,getusermedia,deny,egr-webinpage
cap.egress.mic_association,uvc-direct,uvc,deny,egr-uvc-ingest
cap.egress.mic_association,genicam,sfnc,deny,egr-genicam-ingest
cap.egress.lifetime.session,macos,avfoundation,native,egr-avf-sysext-session
cap.egress.lifetime.session,ios,avfoundation,deny,egr-noios
cap.egress.lifetime.session,android,camera2ndk,deny,egr-privileged
cap.egress.lifetime.session,android,camerax,deny,egr-privileged
cap.egress.lifetime.session,linux,v4l2,native,egr-v4l2-producersession
cap.egress.lifetime.session,linux,libcamera,deny,egr-libcamera-nopublish
cap.egress.lifetime.session,linux,pipewire,native,egr-pw-nodesession
cap.egress.lifetime.session,win32,mediafoundation,native,egr-mf-lifetime-session
cap.egress.lifetime.session,web,getusermedia,deny,egr-webinpage
cap.egress.lifetime.session,uvc-direct,uvc,deny,egr-uvc-ingest
cap.egress.lifetime.session,genicam,sfnc,deny,egr-genicam-ingest
cap.egress.lifetime.system,macos,avfoundation,native,egr-avf-sysext-system
cap.egress.lifetime.system,ios,avfoundation,deny,egr-noios
cap.egress.lifetime.system,android,camera2ndk,deny,egr-privileged
cap.egress.lifetime.system,android,camerax,deny,egr-privileged
cap.egress.lifetime.system,linux,v4l2,native,egr-v4l2-bootmodule
cap.egress.lifetime.system,linux,libcamera,deny,egr-libcamera-nopublish
cap.egress.lifetime.system,linux,pipewire,deny,egr-pw-nosystemlifetime
cap.egress.lifetime.system,win32,mediafoundation,native,egr-mf-lifetime-system
cap.egress.lifetime.system,web,getusermedia,deny,egr-webinpage
cap.egress.lifetime.system,uvc-direct,uvc,deny,egr-uvc-ingest
cap.egress.lifetime.system,genicam,sfnc,deny,egr-genicam-ingest
cap.egress.legacy_consumer_compat,macos,avfoundation,deny,egr-avf-nolegacybridge
cap.egress.legacy_consumer_compat,ios,avfoundation,deny,egr-noios
cap.egress.legacy_consumer_compat,android,camera2ndk,deny,egr-privileged
cap.egress.legacy_consumer_compat,android,camerax,deny,egr-privileged
cap.egress.legacy_consumer_compat,linux,v4l2,native,egr-v4l2-exclusivecaps
cap.egress.legacy_consumer_compat,linux,libcamera,deny,egr-libcamera-nopublish
cap.egress.legacy_consumer_compat,linux,pipewire,native,egr-pw-v4l2bridge
cap.egress.legacy_consumer_compat,win32,mediafoundation,native,egr-mf-dshowbridge
cap.egress.legacy_consumer_compat,web,getusermedia,deny,egr-webinpage
cap.egress.legacy_consumer_compat,uvc-direct,uvc,deny,egr-uvc-ingest
cap.egress.legacy_consumer_compat,genicam,sfnc,deny,egr-genicam-ingest
cap.egress.install.systemext,macos,avfoundation,native,egr-install-systemext
cap.egress.install.systemext,ios,avfoundation,deny,egr-install-mismatch
cap.egress.install.systemext,android,camera2ndk,deny,egr-install-mismatch
cap.egress.install.systemext,android,camerax,deny,egr-install-mismatch
cap.egress.install.systemext,linux,v4l2,deny,egr-install-mismatch
cap.egress.install.systemext,linux,libcamera,deny,egr-install-mismatch
cap.egress.install.systemext,linux,pipewire,deny,egr-install-mismatch
cap.egress.install.systemext,win32,mediafoundation,deny,egr-install-mismatch
cap.egress.install.systemext,web,getusermedia,deny,egr-install-mismatch
cap.egress.install.systemext,uvc-direct,uvc,deny,egr-install-mismatch
cap.egress.install.systemext,genicam,sfnc,deny,egr-install-mismatch
cap.egress.install.com_admin,macos,avfoundation,deny,egr-install-mismatch
cap.egress.install.com_admin,ios,avfoundation,deny,egr-install-mismatch
cap.egress.install.com_admin,android,camera2ndk,deny,egr-install-mismatch
cap.egress.install.com_admin,android,camerax,deny,egr-install-mismatch
cap.egress.install.com_admin,linux,v4l2,deny,egr-install-mismatch
cap.egress.install.com_admin,linux,libcamera,deny,egr-install-mismatch
cap.egress.install.com_admin,linux,pipewire,deny,egr-install-mismatch
cap.egress.install.com_admin,win32,mediafoundation,native,egr-install-comadmin
cap.egress.install.com_admin,web,getusermedia,deny,egr-install-mismatch
cap.egress.install.com_admin,uvc-direct,uvc,deny,egr-install-mismatch
cap.egress.install.com_admin,genicam,sfnc,deny,egr-install-mismatch
cap.egress.install.kernel_module,macos,avfoundation,deny,egr-install-mismatch
cap.egress.install.kernel_module,ios,avfoundation,deny,egr-install-mismatch
cap.egress.install.kernel_module,android,camera2ndk,deny,egr-install-mismatch
cap.egress.install.kernel_module,android,camerax,deny,egr-install-mismatch
cap.egress.install.kernel_module,linux,v4l2,native,egr-install-kmod
cap.egress.install.kernel_module,linux,libcamera,deny,egr-install-mismatch
cap.egress.install.kernel_module,linux,pipewire,deny,egr-install-mismatch
cap.egress.install.kernel_module,win32,mediafoundation,deny,egr-install-mismatch
cap.egress.install.kernel_module,web,getusermedia,deny,egr-install-mismatch
cap.egress.install.kernel_module,uvc-direct,uvc,deny,egr-install-mismatch
cap.egress.install.kernel_module,genicam,sfnc,deny,egr-install-mismatch
cap.egress.install.userspace_node,macos,avfoundation,deny,egr-install-mismatch
cap.egress.install.userspace_node,ios,avfoundation,deny,egr-install-mismatch
cap.egress.install.userspace_node,android,camera2ndk,deny,egr-install-mismatch
cap.egress.install.userspace_node,android,camerax,deny,egr-install-mismatch
cap.egress.install.userspace_node,linux,v4l2,deny,egr-install-mismatch
cap.egress.install.userspace_node,linux,libcamera,deny,egr-install-mismatch
cap.egress.install.userspace_node,linux,pipewire,native,egr-install-userspace
cap.egress.install.userspace_node,win32,mediafoundation,deny,egr-install-mismatch
cap.egress.install.userspace_node,web,getusermedia,deny,egr-install-mismatch
cap.egress.install.userspace_node,uvc-direct,uvc,deny,egr-install-mismatch
cap.egress.install.userspace_node,genicam,sfnc,deny,egr-install-mismatch
cap.egress.install.privileged_denied,macos,avfoundation,deny,egr-install-mismatch
cap.egress.install.privileged_denied,ios,avfoundation,deny,egr-install-mismatch
cap.egress.install.privileged_denied,android,camera2ndk,native,egr-install-privileged
cap.egress.install.privileged_denied,android,camerax,native,egr-install-privileged
cap.egress.install.privileged_denied,linux,v4l2,deny,egr-install-mismatch
cap.egress.install.privileged_denied,linux,libcamera,deny,egr-install-mismatch
cap.egress.install.privileged_denied,linux,pipewire,deny,egr-install-mismatch
cap.egress.install.privileged_denied,win32,mediafoundation,deny,egr-install-mismatch
cap.egress.install.privileged_denied,web,getusermedia,deny,egr-install-mismatch
cap.egress.install.privileged_denied,uvc-direct,uvc,deny,egr-install-mismatch
cap.egress.install.privileged_denied,genicam,sfnc,deny,egr-install-mismatch
cap.egress.scope.virtual_device_only,macos,avfoundation,deny,egr-scope-mismatch
cap.egress.scope.virtual_device_only,ios,avfoundation,deny,egr-scope-mismatch
cap.egress.scope.virtual_device_only,android,camera2ndk,native,egr-scope-virtualdevice
cap.egress.scope.virtual_device_only,android,camerax,native,egr-scope-virtualdevice
cap.egress.scope.virtual_device_only,linux,v4l2,deny,egr-scope-mismatch
cap.egress.scope.virtual_device_only,linux,libcamera,deny,egr-scope-mismatch
cap.egress.scope.virtual_device_only,linux,pipewire,deny,egr-scope-mismatch
cap.egress.scope.virtual_device_only,win32,mediafoundation,deny,egr-scope-mismatch
cap.egress.scope.virtual_device_only,web,getusermedia,deny,egr-scope-mismatch
cap.egress.scope.virtual_device_only,uvc-direct,uvc,deny,egr-scope-mismatch
cap.egress.scope.virtual_device_only,genicam,sfnc,deny,egr-scope-mismatch
cap.testsrc.provider,macos,avfoundation,emulate,egr-testsrc-emulate
cap.testsrc.provider,ios,avfoundation,emulate,egr-testsrc-emulate
cap.testsrc.provider,android,camera2ndk,emulate,egr-testsrc-emulate
cap.testsrc.provider,android,camerax,emulate,egr-testsrc-emulate
cap.testsrc.provider,linux,v4l2,emulate,egr-testsrc-emulate
cap.testsrc.provider,linux,libcamera,emulate,egr-testsrc-emulate
cap.testsrc.provider,linux,pipewire,native,egr-testsrc-pw
cap.testsrc.provider,win32,mediafoundation,native,egr-testsrc-mf
cap.testsrc.provider,web,getusermedia,native,egr-testsrc-web
cap.testsrc.provider,uvc-direct,uvc,deny,egr-uvc-ingest
cap.testsrc.provider,genicam,sfnc,native,egr-testsrc-genicam
cap.testsrc.frame_feed,macos,avfoundation,emulate,egr-testsrc-emulate
cap.testsrc.frame_feed,ios,avfoundation,emulate,egr-testsrc-emulate
cap.testsrc.frame_feed,android,camera2ndk,emulate,egr-testsrc-emulate
cap.testsrc.frame_feed,android,camerax,emulate,egr-testsrc-emulate
cap.testsrc.frame_feed,linux,v4l2,emulate,egr-testsrc-emulate
cap.testsrc.frame_feed,linux,libcamera,emulate,egr-testsrc-emulate
cap.testsrc.frame_feed,linux,pipewire,native,egr-testsrc-pw
cap.testsrc.frame_feed,win32,mediafoundation,native,egr-testsrc-mf
cap.testsrc.frame_feed,web,getusermedia,native,egr-testsrc-web
cap.testsrc.frame_feed,uvc-direct,uvc,deny,egr-uvc-ingest
cap.testsrc.frame_feed,genicam,sfnc,deny,egr-testsrc-genicam-nofeed
cap.testsrc.test_pattern,macos,avfoundation,emulate,egr-testpattern-emulate
cap.testsrc.test_pattern,ios,avfoundation,emulate,egr-testpattern-emulate
cap.testsrc.test_pattern,android,camera2ndk,emulate,egr-testpattern-emulate
cap.testsrc.test_pattern,android,camerax,emulate,egr-testpattern-emulate
cap.testsrc.test_pattern,linux,v4l2,native,egr-testpattern-v4l2
cap.testsrc.test_pattern,linux,libcamera,native,egr-testpattern-libcamera
cap.testsrc.test_pattern,linux,pipewire,emulate,egr-testpattern-emulate
cap.testsrc.test_pattern,win32,mediafoundation,emulate,egr-testpattern-emulate
cap.testsrc.test_pattern,web,getusermedia,emulate,egr-testpattern-emulate
cap.testsrc.test_pattern,uvc-direct,uvc,deny,egr-uvc-ingest
cap.testsrc.test_pattern,genicam,sfnc,native,egr-testpattern-genicam
cap.testsrc.manual_clock,macos,avfoundation,native,egr-manualclock-avf
cap.testsrc.manual_clock,ios,avfoundation,emulate,egr-manualclock-emulate
cap.testsrc.manual_clock,android,camera2ndk,emulate,egr-manualclock-emulate
cap.testsrc.manual_clock,android,camerax,emulate,egr-manualclock-emulate
cap.testsrc.manual_clock,linux,v4l2,emulate,egr-manualclock-emulate
cap.testsrc.manual_clock,linux,libcamera,emulate,egr-manualclock-emulate
cap.testsrc.manual_clock,linux,pipewire,native,egr-manualclock-pw
cap.testsrc.manual_clock,win32,mediafoundation,emulate,egr-manualclock-emulate
cap.testsrc.manual_clock,web,getusermedia,native,egr-manualclock-web
cap.testsrc.manual_clock,uvc-direct,uvc,deny,egr-uvc-ingest
cap.testsrc.manual_clock,genicam,sfnc,emulate,egr-manualclock-emulate
cap.os.consent.prompt,macos,avfoundation,native,os-avfconsent
cap.os.consent.prompt,ios,avfoundation,native,os-avfconsent
cap.os.consent.prompt,android,camera2ndk,native,os-androidconsent
cap.os.consent.prompt,android,camerax,native,os-androidconsent
cap.os.consent.prompt,linux,v4l2,deny,os-noperm-v4l2
cap.os.consent.prompt,linux,libcamera,deny,os-noperm-libcamera
cap.os.consent.prompt,linux,pipewire,native,os-portalconsent
cap.os.consent.prompt,win32,mediafoundation,native,os-mfconsent
cap.os.consent.prompt,web,getusermedia,native,os-webconsent
cap.os.consent.prompt,uvc-direct,uvc,deny,os-uvcnotstack
cap.os.consent.prompt,genicam,sfnc,deny,os-genicamnoconsent
cap.os.consent.status_query,macos,avfoundation,native,os-avfconsent
cap.os.consent.status_query,ios,avfoundation,native,os-avfconsent
cap.os.consent.status_query,android,camera2ndk,native,os-androidconsent
cap.os.consent.status_query,android,camerax,native,os-androidconsent
cap.os.consent.status_query,linux,v4l2,deny,os-noperm-v4l2
cap.os.consent.status_query,linux,libcamera,deny,os-noperm-libcamera
cap.os.consent.status_query,linux,pipewire,native,os-portalconsent
cap.os.consent.status_query,win32,mediafoundation,native,os-mfconsent
cap.os.consent.status_query,web,getusermedia,native,os-webpermquery
cap.os.consent.status_query,uvc-direct,uvc,deny,os-uvcnotstack
cap.os.consent.status_query,genicam,sfnc,deny,os-genicamnoconsent
cap.os.consent.status_change_event,macos,avfoundation,deny,os-avfnostatusevent
cap.os.consent.status_change_event,ios,avfoundation,deny,os-avfnostatusevent
cap.os.consent.status_change_event,android,camera2ndk,deny,os-androidnostatusevent
cap.os.consent.status_change_event,android,camerax,deny,os-androidnostatusevent
cap.os.consent.status_change_event,linux,v4l2,deny,os-noperm-v4l2
cap.os.consent.status_change_event,linux,libcamera,deny,os-noperm-libcamera
cap.os.consent.status_change_event,linux,pipewire,deny,os-portalnostatusevent
cap.os.consent.status_change_event,win32,mediafoundation,deny,os-mfnostatusevent
cap.os.consent.status_change_event,web,getusermedia,native,os-webpermquery
cap.os.consent.status_change_event,uvc-direct,uvc,deny,os-uvcnotstack
cap.os.consent.status_change_event,genicam,sfnc,deny,os-genicamnoconsent
cap.os.consent.rationale_hint,macos,avfoundation,deny,os-norationale
cap.os.consent.rationale_hint,ios,avfoundation,deny,os-norationale
cap.os.consent.rationale_hint,android,camera2ndk,native,os-androidrationale
cap.os.consent.rationale_hint,android,camerax,native,os-androidrationale
cap.os.consent.rationale_hint,linux,v4l2,deny,os-noperm-v4l2
cap.os.consent.rationale_hint,linux,libcamera,deny,os-noperm-libcamera
cap.os.consent.rationale_hint,linux,pipewire,deny,os-norationale
cap.os.consent.rationale_hint,win32,mediafoundation,deny,os-norationale
cap.os.consent.rationale_hint,web,getusermedia,deny,os-norationale
cap.os.consent.rationale_hint,uvc-direct,uvc,deny,os-uvcnotstack
cap.os.consent.rationale_hint,genicam,sfnc,deny,os-genicamnoconsent
cap.os.consent.deeplink_settings,macos,avfoundation,?,os-deeplink
cap.os.consent.deeplink_settings,ios,avfoundation,?,os-deeplink
cap.os.consent.deeplink_settings,android,camera2ndk,?,os-deeplink
cap.os.consent.deeplink_settings,android,camerax,?,os-deeplink
cap.os.consent.deeplink_settings,linux,v4l2,deny,os-noperm-v4l2
cap.os.consent.deeplink_settings,linux,libcamera,deny,os-noperm-libcamera
cap.os.consent.deeplink_settings,linux,pipewire,?,os-deeplink
cap.os.consent.deeplink_settings,win32,mediafoundation,?,os-deeplink
cap.os.consent.deeplink_settings,web,getusermedia,deny,os-webnodeeplink
cap.os.consent.deeplink_settings,uvc-direct,uvc,deny,os-uvcnotstack
cap.os.consent.deeplink_settings,genicam,sfnc,deny,os-genicamnoconsent
cap.os.consent.usage_string,macos,avfoundation,native,os-staticpkg
cap.os.consent.usage_string,ios,avfoundation,native,os-staticpkg
cap.os.consent.usage_string,android,camera2ndk,deny,os-nousagestring
cap.os.consent.usage_string,android,camerax,deny,os-nousagestring
cap.os.consent.usage_string,linux,v4l2,deny,os-noperm-v4l2
cap.os.consent.usage_string,linux,libcamera,deny,os-noperm-libcamera
cap.os.consent.usage_string,linux,pipewire,deny,os-nousagestring
cap.os.consent.usage_string,win32,mediafoundation,deny,os-nousagestring
cap.os.consent.usage_string,web,getusermedia,deny,os-nousagestring
cap.os.consent.usage_string,uvc-direct,uvc,deny,os-uvcnotstack
cap.os.consent.usage_string,genicam,sfnc,deny,os-genicamnoconsent
cap.os.consent.manifest_capability,macos,avfoundation,deny,os-nomanifestcap
cap.os.consent.manifest_capability,ios,avfoundation,deny,os-nomanifestcap
cap.os.consent.manifest_capability,android,camera2ndk,native,os-staticpkg
cap.os.consent.manifest_capability,android,camerax,native,os-staticpkg
cap.os.consent.manifest_capability,linux,v4l2,deny,os-noperm-v4l2
cap.os.consent.manifest_capability,linux,libcamera,deny,os-noperm-libcamera
cap.os.consent.manifest_capability,linux,pipewire,deny,os-nomanifestcap
cap.os.consent.manifest_capability,win32,mediafoundation,native,os-staticpkg
cap.os.consent.manifest_capability,web,getusermedia,deny,os-nomanifestcap
cap.os.consent.manifest_capability,uvc-direct,uvc,deny,os-uvcnotstack
cap.os.consent.manifest_capability,genicam,sfnc,deny,os-genicamnoconsent
cap.os.consent.sandbox_entitlement,macos,avfoundation,native,os-staticpkg
cap.os.consent.sandbox_entitlement,ios,avfoundation,native,os-staticpkg
cap.os.consent.sandbox_entitlement,android,camera2ndk,deny,os-nosandboxent
cap.os.consent.sandbox_entitlement,android,camerax,deny,os-nosandboxent
cap.os.consent.sandbox_entitlement,linux,v4l2,deny,os-noperm-v4l2
cap.os.consent.sandbox_entitlement,linux,libcamera,deny,os-noperm-libcamera
cap.os.consent.sandbox_entitlement,linux,pipewire,deny,os-nosandboxent
cap.os.consent.sandbox_entitlement,win32,mediafoundation,deny,os-nosandboxent
cap.os.consent.sandbox_entitlement,web,getusermedia,deny,os-nosandboxent
cap.os.consent.sandbox_entitlement,uvc-direct,uvc,deny,os-uvcnotstack
cap.os.consent.sandbox_entitlement,genicam,sfnc,deny,os-genicamnoconsent
cap.os.feature.requirement_declaration,macos,avfoundation,deny,os-nofeaturedecl
cap.os.feature.requirement_declaration,ios,avfoundation,deny,os-nofeaturedecl
cap.os.feature.requirement_declaration,android,camera2ndk,native,os-staticpkg
cap.os.feature.requirement_declaration,android,camerax,native,os-staticpkg
cap.os.feature.requirement_declaration,linux,v4l2,deny,os-nofeaturedecl
cap.os.feature.requirement_declaration,linux,libcamera,deny,os-nofeaturedecl
cap.os.feature.requirement_declaration,linux,pipewire,deny,os-nofeaturedecl
cap.os.feature.requirement_declaration,win32,mediafoundation,deny,os-nofeaturedecl
cap.os.feature.requirement_declaration,web,getusermedia,deny,os-nofeaturedecl
cap.os.feature.requirement_declaration,uvc-direct,uvc,deny,os-uvcnotstack
cap.os.feature.requirement_declaration,genicam,sfnc,deny,os-genicamnoconsent
cap.os.consent.foreground_service_decl,macos,avfoundation,deny,os-nofgservice
cap.os.consent.foreground_service_decl,ios,avfoundation,deny,os-nofgservice
cap.os.consent.foreground_service_decl,android,camera2ndk,native,os-staticpkg
cap.os.consent.foreground_service_decl,android,camerax,native,os-staticpkg
cap.os.consent.foreground_service_decl,linux,v4l2,deny,os-nofgservice
cap.os.consent.foreground_service_decl,linux,libcamera,deny,os-nofgservice
cap.os.consent.foreground_service_decl,linux,pipewire,deny,os-nofgservice
cap.os.consent.foreground_service_decl,win32,mediafoundation,deny,os-nofgservice
cap.os.consent.foreground_service_decl,web,getusermedia,deny,os-nofgservice
cap.os.consent.foreground_service_decl,uvc-direct,uvc,deny,os-uvcnotstack
cap.os.consent.foreground_service_decl,genicam,sfnc,deny,os-genicamnoconsent
cap.os.consent.policy_gate,macos,avfoundation,deny,os-nopolicygate
cap.os.consent.policy_gate,ios,avfoundation,deny,os-nopolicygate
cap.os.consent.policy_gate,android,camera2ndk,deny,os-nopolicygate
cap.os.consent.policy_gate,android,camerax,deny,os-nopolicygate
cap.os.consent.policy_gate,linux,v4l2,deny,os-noperm-v4l2
cap.os.consent.policy_gate,linux,libcamera,deny,os-noperm-libcamera
cap.os.consent.policy_gate,linux,pipewire,deny,os-portalnopolicygate
cap.os.consent.policy_gate,win32,mediafoundation,native,os-mfpolicygate
cap.os.consent.policy_gate,web,getusermedia,native,os-webpolicygate
cap.os.consent.policy_gate,uvc-direct,uvc,deny,os-uvcnotstack
cap.os.consent.policy_gate,genicam,sfnc,deny,os-genicamnoconsent
cap.os.consent.usage_log,macos,avfoundation,deny,os-nousagelog
cap.os.consent.usage_log,ios,avfoundation,deny,os-nousagelog
cap.os.consent.usage_log,android,camera2ndk,deny,os-nousagelog
cap.os.consent.usage_log,android,camerax,deny,os-nousagelog
cap.os.consent.usage_log,linux,v4l2,deny,os-noperm-v4l2
cap.os.consent.usage_log,linux,libcamera,deny,os-noperm-libcamera
cap.os.consent.usage_log,linux,pipewire,deny,os-nousagelog
cap.os.consent.usage_log,win32,mediafoundation,?,os-usagelog
cap.os.consent.usage_log,web,getusermedia,deny,os-nousagelog
cap.os.consent.usage_log,uvc-direct,uvc,deny,os-uvcnotstack
cap.os.consent.usage_log,genicam,sfnc,deny,os-genicamnoconsent
cap.os.session.start,macos,avfoundation,native,os-avfsession
cap.os.session.start,ios,avfoundation,native,os-avfsession
cap.os.session.start,android,camera2ndk,native,os-androidsession
cap.os.session.start,android,camerax,native,os-cxsession
cap.os.session.start,linux,v4l2,native,os-v4l2session
cap.os.session.start,linux,libcamera,native,os-libcamerasession
cap.os.session.start,linux,pipewire,native,os-pwsession
cap.os.session.start,win32,mediafoundation,native,os-mfsession
cap.os.session.start,web,getusermedia,native,os-websession
cap.os.session.start,uvc-direct,uvc,native,os-uvcsession
cap.os.session.start,genicam,sfnc,native,os-genicamsession
cap.os.session.stop,macos,avfoundation,native,os-avfsession
cap.os.session.stop,ios,avfoundation,native,os-avfsession
cap.os.session.stop,android,camera2ndk,native,os-androidsession
cap.os.session.stop,android,camerax,native,os-cxsession
cap.os.session.stop,linux,v4l2,native,os-v4l2session
cap.os.session.stop,linux,libcamera,native,os-libcamerasession
cap.os.session.stop,linux,pipewire,native,os-pwsession
cap.os.session.stop,win32,mediafoundation,native,os-mfsession
cap.os.session.stop,web,getusermedia,native,os-websession
cap.os.session.stop,uvc-direct,uvc,native,os-uvcsession
cap.os.session.stop,genicam,sfnc,native,os-genicamsession
cap.os.session.running_state_query,macos,avfoundation,native,os-avfrunstate
cap.os.session.running_state_query,ios,avfoundation,native,os-avfrunstate
cap.os.session.running_state_query,android,camera2ndk,emulate,os-runstatetrack
cap.os.session.running_state_query,android,camerax,emulate,os-runstatetrack
cap.os.session.running_state_query,linux,v4l2,emulate,os-runstatetrack
cap.os.session.running_state_query,linux,libcamera,emulate,os-runstatetrack
cap.os.session.running_state_query,linux,pipewire,native,os-pwstreamstate
cap.os.session.running_state_query,win32,mediafoundation,native,os-mfstreamstate
cap.os.session.running_state_query,web,getusermedia,native,os-webreadystate
cap.os.session.running_state_query,uvc-direct,uvc,emulate,os-runstatetrack
cap.os.session.running_state_query,genicam,sfnc,native,os-genicamacqstatus
cap.os.hotplug.arrival,macos,avfoundation,native,os-avfhotplug
cap.os.hotplug.arrival,ios,avfoundation,native,os-avfhotplug
cap.os.hotplug.arrival,android,camera2ndk,native,os-androidhotplug
cap.os.hotplug.arrival,android,camerax,native,os-androidhotplug
cap.os.hotplug.arrival,linux,v4l2,emulate,os-udevhotplug
cap.os.hotplug.arrival,linux,libcamera,native,os-libcamerahotplug
cap.os.hotplug.arrival,linux,pipewire,native,os-pwhotplug
cap.os.hotplug.arrival,win32,mediafoundation,native,os-mfhotplug
cap.os.hotplug.arrival,web,getusermedia,native,os-webdevicechange
cap.os.hotplug.arrival,uvc-direct,uvc,native,os-uvchotplug
cap.os.hotplug.arrival,genicam,sfnc,native,os-genicamhotplug
cap.os.hotplug.removal,macos,avfoundation,native,os-avfhotplug
cap.os.hotplug.removal,ios,avfoundation,native,os-avfhotplug
cap.os.hotplug.removal,android,camera2ndk,native,os-androidremoval
cap.os.hotplug.removal,android,camerax,native,os-androidremoval
cap.os.hotplug.removal,linux,v4l2,emulate,os-udevhotplug
cap.os.hotplug.removal,linux,libcamera,native,os-libcamerahotplug
cap.os.hotplug.removal,linux,pipewire,native,os-pwhotplug
cap.os.hotplug.removal,win32,mediafoundation,native,os-mfhotplug
cap.os.hotplug.removal,web,getusermedia,native,os-webtrackended
cap.os.hotplug.removal,uvc-direct,uvc,native,os-uvchotplug
cap.os.hotplug.removal,genicam,sfnc,native,os-genicamhotplug
cap.os.arbitrate.exclusive_open,macos,avfoundation,native,os-avfexclusive
cap.os.arbitrate.exclusive_open,ios,avfoundation,native,os-avfexclusive
cap.os.arbitrate.exclusive_open,android,camera2ndk,native,os-androidexclusive
cap.os.arbitrate.exclusive_open,android,camerax,native,os-androidexclusive
cap.os.arbitrate.exclusive_open,linux,v4l2,native,os-v4l2ebusy
cap.os.arbitrate.exclusive_open,linux,libcamera,native,os-libcameraacquire
cap.os.arbitrate.exclusive_open,linux,pipewire,emulate,os-pwnoexclusive
cap.os.arbitrate.exclusive_open,win32,mediafoundation,native,os-mfsharemode
cap.os.arbitrate.exclusive_open,web,getusermedia,deny,os-webnoexclusive
cap.os.arbitrate.exclusive_open,uvc-direct,uvc,native,os-uvcexclusive
cap.os.arbitrate.exclusive_open,genicam,sfnc,native,os-genicamccp
cap.os.arbitrate.shared_open,macos,avfoundation,deny,os-avfnoshared
cap.os.arbitrate.shared_open,ios,avfoundation,deny,os-avfnoshared
cap.os.arbitrate.shared_open,android,camera2ndk,deny,os-androidnoshared
cap.os.arbitrate.shared_open,android,camerax,deny,os-androidnoshared
cap.os.arbitrate.shared_open,linux,v4l2,deny,os-v4l2noshared
cap.os.arbitrate.shared_open,linux,libcamera,deny,os-libcameranoshared
cap.os.arbitrate.shared_open,linux,pipewire,native,os-pwmultiplex
cap.os.arbitrate.shared_open,win32,mediafoundation,native,os-mfsharemode
cap.os.arbitrate.shared_open,web,getusermedia,deny,os-webnoshared
cap.os.arbitrate.shared_open,uvc-direct,uvc,deny,os-uvcnoshared
cap.os.arbitrate.shared_open,genicam,sfnc,native,os-genicamreadonly
cap.os.arbitrate.in_use_query,macos,avfoundation,native,os-avfinuse
cap.os.arbitrate.in_use_query,ios,avfoundation,deny,os-avfinuseiosna
cap.os.arbitrate.in_use_query,android,camera2ndk,deny,os-androidnoinuse
cap.os.arbitrate.in_use_query,android,camerax,deny,os-androidnoinuse
cap.os.arbitrate.in_use_query,linux,v4l2,emulate,os-v4l2trialopen
cap.os.arbitrate.in_use_query,linux,libcamera,emulate,os-libcameratrialacquire
cap.os.arbitrate.in_use_query,linux,pipewire,deny,os-pwnoinuse
cap.os.arbitrate.in_use_query,win32,mediafoundation,emulate,os-mftrialopen
cap.os.arbitrate.in_use_query,web,getusermedia,deny,os-webnoinuse
cap.os.arbitrate.in_use_query,uvc-direct,uvc,emulate,os-uvctrialopen
cap.os.arbitrate.in_use_query,genicam,sfnc,native,os-genicamaccessstatus
cap.os.arbitrate.contention_error,macos,avfoundation,native,os-avfcontend
cap.os.arbitrate.contention_error,ios,avfoundation,native,os-avfcontend
cap.os.arbitrate.contention_error,android,camera2ndk,native,os-androidcontend
cap.os.arbitrate.contention_error,android,camerax,native,os-androidcontend
cap.os.arbitrate.contention_error,linux,v4l2,native,os-v4l2ebusy
cap.os.arbitrate.contention_error,linux,libcamera,native,os-libcameraacquire
cap.os.arbitrate.contention_error,linux,pipewire,deny,os-pwnocontend
cap.os.arbitrate.contention_error,win32,mediafoundation,native,os-mfaccessdenied
cap.os.arbitrate.contention_error,web,getusermedia,native,os-webnotreadable
cap.os.arbitrate.contention_error,uvc-direct,uvc,native,os-uvccontend
cap.os.arbitrate.contention_error,genicam,sfnc,native,os-genicamaccessstatus
cap.os.arbitrate.priority_hint,macos,avfoundation,deny,os-nopriohint
cap.os.arbitrate.priority_hint,ios,avfoundation,deny,os-nopriohint
cap.os.arbitrate.priority_hint,android,camera2ndk,deny,os-androidautoprio
cap.os.arbitrate.priority_hint,android,camerax,deny,os-androidautoprio
cap.os.arbitrate.priority_hint,linux,v4l2,native,os-v4l2priority
cap.os.arbitrate.priority_hint,linux,libcamera,deny,os-nopriohint
cap.os.arbitrate.priority_hint,linux,pipewire,deny,os-nopriohint
cap.os.arbitrate.priority_hint,win32,mediafoundation,deny,os-nopriohint
cap.os.arbitrate.priority_hint,web,getusermedia,deny,os-nopriohint
cap.os.arbitrate.priority_hint,uvc-direct,uvc,deny,os-nopriohint
cap.os.arbitrate.priority_hint,genicam,sfnc,native,os-genicamswitchover
cap.os.arbitrate.preemption_event,macos,avfoundation,native,os-avfpreempt
cap.os.arbitrate.preemption_event,ios,avfoundation,native,os-avfpreempt
cap.os.arbitrate.preemption_event,android,camera2ndk,native,os-androidpreempt
cap.os.arbitrate.preemption_event,android,camerax,native,os-androidpreempt
cap.os.arbitrate.preemption_event,linux,v4l2,deny,os-nopreempt
cap.os.arbitrate.preemption_event,linux,libcamera,deny,os-nopreempt
cap.os.arbitrate.preemption_event,linux,pipewire,deny,os-nopreempt
cap.os.arbitrate.preemption_event,win32,mediafoundation,deny,os-nopreempt
cap.os.arbitrate.preemption_event,web,getusermedia,emulate,os-webtrackended
cap.os.arbitrate.preemption_event,uvc-direct,uvc,deny,os-nopreempt
cap.os.arbitrate.preemption_event,genicam,sfnc,emulate,os-genicamaccessstatus
cap.os.arbitrate.priority_change_event,macos,avfoundation,deny,os-nopriochange
cap.os.arbitrate.priority_change_event,ios,avfoundation,deny,os-nopriochange
cap.os.arbitrate.priority_change_event,android,camera2ndk,native,os-androidpriochange
cap.os.arbitrate.priority_change_event,android,camerax,native,os-androidpriochange
cap.os.arbitrate.priority_change_event,linux,v4l2,deny,os-nopriochange
cap.os.arbitrate.priority_change_event,linux,libcamera,deny,os-nopriochange
cap.os.arbitrate.priority_change_event,linux,pipewire,deny,os-nopriochange
cap.os.arbitrate.priority_change_event,win32,mediafoundation,deny,os-nopriochange
cap.os.arbitrate.priority_change_event,web,getusermedia,deny,os-nopriochange
cap.os.arbitrate.priority_change_event,uvc-direct,uvc,deny,os-nopriochange
cap.os.arbitrate.priority_change_event,genicam,sfnc,deny,os-nopriochange
cap.os.lifecycle.interruption_event,macos,avfoundation,?,os-avfinterruptmacos
cap.os.lifecycle.interruption_event,ios,avfoundation,native,os-avfinterrupt
cap.os.lifecycle.interruption_event,android,camera2ndk,emulate,os-androidinterrupt
cap.os.lifecycle.interruption_event,android,camerax,emulate,os-androidinterrupt
cap.os.lifecycle.interruption_event,linux,v4l2,deny,os-nointerrupt
cap.os.lifecycle.interruption_event,linux,libcamera,deny,os-nointerrupt
cap.os.lifecycle.interruption_event,linux,pipewire,deny,os-nointerrupt
cap.os.lifecycle.interruption_event,win32,mediafoundation,native,os-mfinterrupt
cap.os.lifecycle.interruption_event,web,getusermedia,native,os-webmute
cap.os.lifecycle.interruption_event,uvc-direct,uvc,deny,os-nointerrupt
cap.os.lifecycle.interruption_event,genicam,sfnc,deny,os-nointerrupt
cap.os.lifecycle.interruption_ended_event,macos,avfoundation,?,os-avfinterruptmacos
cap.os.lifecycle.interruption_ended_event,ios,avfoundation,native,os-avfinterrupt
cap.os.lifecycle.interruption_ended_event,android,camera2ndk,emulate,os-androidinterrupt
cap.os.lifecycle.interruption_ended_event,android,camerax,emulate,os-androidinterrupt
cap.os.lifecycle.interruption_ended_event,linux,v4l2,deny,os-nointerrupt
cap.os.lifecycle.interruption_ended_event,linux,libcamera,deny,os-nointerrupt
cap.os.lifecycle.interruption_ended_event,linux,pipewire,deny,os-nointerrupt
cap.os.lifecycle.interruption_ended_event,win32,mediafoundation,native,os-mfinterrupt
cap.os.lifecycle.interruption_ended_event,web,getusermedia,native,os-webmute
cap.os.lifecycle.interruption_ended_event,uvc-direct,uvc,deny,os-nointerrupt
cap.os.lifecycle.interruption_ended_event,genicam,sfnc,deny,os-nointerrupt
cap.os.lifecycle.interruption_reason,macos,avfoundation,deny,os-avfreasonmacosna
cap.os.lifecycle.interruption_reason,ios,avfoundation,native,os-avfreason
cap.os.lifecycle.interruption_reason,android,camera2ndk,deny,os-noreasoncode
cap.os.lifecycle.interruption_reason,android,camerax,deny,os-noreasoncode
cap.os.lifecycle.interruption_reason,linux,v4l2,deny,os-nointerrupt
cap.os.lifecycle.interruption_reason,linux,libcamera,deny,os-nointerrupt
cap.os.lifecycle.interruption_reason,linux,pipewire,deny,os-nointerrupt
cap.os.lifecycle.interruption_reason,win32,mediafoundation,deny,os-noreasoncode
cap.os.lifecycle.interruption_reason,web,getusermedia,deny,os-noreasoncode
cap.os.lifecycle.interruption_reason,uvc-direct,uvc,deny,os-nointerrupt
cap.os.lifecycle.interruption_reason,genicam,sfnc,deny,os-nointerrupt
cap.os.lifecycle.background_block,macos,avfoundation,deny,os-macosnobgblock
cap.os.lifecycle.background_block,ios,avfoundation,native,os-avfbgblock
cap.os.lifecycle.background_block,android,camera2ndk,native,os-androidbgblock
cap.os.lifecycle.background_block,android,camerax,native,os-androidbgblock
cap.os.lifecycle.background_block,linux,v4l2,deny,os-nobgblock
cap.os.lifecycle.background_block,linux,libcamera,deny,os-nobgblock
cap.os.lifecycle.background_block,linux,pipewire,deny,os-nobgblock
cap.os.lifecycle.background_block,win32,mediafoundation,deny,os-nobgblock
cap.os.lifecycle.background_block,web,getusermedia,native,os-webvisibility
cap.os.lifecycle.background_block,uvc-direct,uvc,deny,os-nobgblock
cap.os.lifecycle.background_block,genicam,sfnc,deny,os-nobgblock
cap.os.lifecycle.multitask_access,macos,avfoundation,deny,os-multitaskmacosna
cap.os.lifecycle.multitask_access,ios,avfoundation,?,os-multitask
cap.os.lifecycle.multitask_access,android,camera2ndk,deny,os-nomultitask
cap.os.lifecycle.multitask_access,android,camerax,deny,os-nomultitask
cap.os.lifecycle.multitask_access,linux,v4l2,deny,os-nomultitask
cap.os.lifecycle.multitask_access,linux,libcamera,deny,os-nomultitask
cap.os.lifecycle.multitask_access,linux,pipewire,deny,os-nomultitask
cap.os.lifecycle.multitask_access,win32,mediafoundation,deny,os-nomultitask
cap.os.lifecycle.multitask_access,web,getusermedia,deny,os-nomultitask
cap.os.lifecycle.multitask_access,uvc-direct,uvc,deny,os-nomultitask
cap.os.lifecycle.multitask_access,genicam,sfnc,deny,os-nomultitask
cap.os.lifecycle.os_mute_event,macos,avfoundation,deny,os-avfnoosmute
cap.os.lifecycle.os_mute_event,ios,avfoundation,deny,os-avfnoosmute
cap.os.lifecycle.os_mute_event,android,camera2ndk,deny,os-androidnoosmute
cap.os.lifecycle.os_mute_event,android,camerax,deny,os-androidnoosmute
cap.os.lifecycle.os_mute_event,linux,v4l2,deny,os-noosmute
cap.os.lifecycle.os_mute_event,linux,libcamera,deny,os-noosmute
cap.os.lifecycle.os_mute_event,linux,pipewire,deny,os-noosmute
cap.os.lifecycle.os_mute_event,win32,mediafoundation,deny,os-noosmute
cap.os.lifecycle.os_mute_event,web,getusermedia,native,os-webmute
cap.os.lifecycle.os_mute_event,uvc-direct,uvc,deny,os-noosmute
cap.os.lifecycle.os_mute_event,genicam,sfnc,deny,os-noosmute
cap.os.orientation.sensor_mount,macos,avfoundation,deny,os-avfnosensormount
cap.os.orientation.sensor_mount,ios,avfoundation,deny,os-avfnosensormount
cap.os.orientation.sensor_mount,android,camera2ndk,native,os-androidsensororient
cap.os.orientation.sensor_mount,android,camerax,native,os-androidsensororient
cap.os.orientation.sensor_mount,linux,v4l2,native,os-v4l2sensororient
cap.os.orientation.sensor_mount,linux,libcamera,native,os-libcamerarotation
cap.os.orientation.sensor_mount,linux,pipewire,deny,os-pwnosensormount
cap.os.orientation.sensor_mount,win32,mediafoundation,deny,os-mfnosensormount
cap.os.orientation.sensor_mount,web,getusermedia,deny,os-webnosensormount
cap.os.orientation.sensor_mount,uvc-direct,uvc,deny,os-uvcnosensormount
cap.os.orientation.sensor_mount,genicam,sfnc,deny,os-genicamnosensormount
cap.os.orientation.display_rotation,macos,avfoundation,native,os-avfrotcoord
cap.os.orientation.display_rotation,ios,avfoundation,native,os-avfrotcoord
cap.os.orientation.display_rotation,android,camera2ndk,native,os-androiddisplayrot
cap.os.orientation.display_rotation,android,camerax,native,os-androiddisplayrot
cap.os.orientation.display_rotation,linux,v4l2,deny,os-nodisplayrot
cap.os.orientation.display_rotation,linux,libcamera,deny,os-nodisplayrot
cap.os.orientation.display_rotation,linux,pipewire,deny,os-nodisplayrot
cap.os.orientation.display_rotation,win32,mediafoundation,native,os-mfrothelper
cap.os.orientation.display_rotation,web,getusermedia,deny,os-webnodisplayrot
cap.os.orientation.display_rotation,uvc-direct,uvc,deny,os-nodisplayrot
cap.os.orientation.display_rotation,genicam,sfnc,deny,os-nodisplayrot
cap.os.orientation.output_rotation_apply,macos,avfoundation,native,os-avfrotapply
cap.os.orientation.output_rotation_apply,ios,avfoundation,native,os-avfrotapply
cap.os.orientation.output_rotation_apply,android,camera2ndk,emulate,os-androidrotapply
cap.os.orientation.output_rotation_apply,android,camerax,native,os-cxrotapply
cap.os.orientation.output_rotation_apply,linux,v4l2,emulate,os-rotapplygpu
cap.os.orientation.output_rotation_apply,linux,libcamera,native,os-libcameraorient
cap.os.orientation.output_rotation_apply,linux,pipewire,native,os-pwvideotransform
cap.os.orientation.output_rotation_apply,win32,mediafoundation,native,os-mfrotapply
cap.os.orientation.output_rotation_apply,web,getusermedia,emulate,os-rotapplygpu
cap.os.orientation.output_rotation_apply,uvc-direct,uvc,emulate,os-rotapplygpu
cap.os.orientation.output_rotation_apply,genicam,sfnc,emulate,os-rotapplygpu
cap.os.orientation.front_mirror,macos,avfoundation,native,os-avfmirror
cap.os.orientation.front_mirror,ios,avfoundation,native,os-avfmirror
cap.os.orientation.front_mirror,android,camera2ndk,emulate,os-androidmirroremulate
cap.os.orientation.front_mirror,android,camerax,native,os-cxmirror
cap.os.orientation.front_mirror,linux,v4l2,native,os-v4l2flip
cap.os.orientation.front_mirror,linux,libcamera,native,os-libcameraorient
cap.os.orientation.front_mirror,linux,pipewire,emulate,os-rotapplygpu
cap.os.orientation.front_mirror,win32,mediafoundation,native,os-mfmirror
cap.os.orientation.front_mirror,web,getusermedia,emulate,os-rotapplygpu
cap.os.orientation.front_mirror,uvc-direct,uvc,emulate,os-rotapplygpu
cap.os.orientation.front_mirror,genicam,sfnc,native,os-genicamreverse
cap.os.orientation.facing_hint,macos,avfoundation,native,os-avffacing
cap.os.orientation.facing_hint,ios,avfoundation,native,os-avffacing
cap.os.orientation.facing_hint,android,camera2ndk,native,os-androidfacing
cap.os.orientation.facing_hint,android,camerax,native,os-androidfacing
cap.os.orientation.facing_hint,linux,v4l2,deny,os-nofacing
cap.os.orientation.facing_hint,linux,libcamera,native,os-libcamerafacing
cap.os.orientation.facing_hint,linux,pipewire,deny,os-nofacing
cap.os.orientation.facing_hint,win32,mediafoundation,native,os-mffacing
cap.os.orientation.facing_hint,web,getusermedia,native,os-webfacing
cap.os.orientation.facing_hint,uvc-direct,uvc,deny,os-nofacing
cap.os.orientation.facing_hint,genicam,sfnc,deny,os-nofacing
cap.os.privacy.indicator_state,macos,avfoundation,deny,os-noindicatorread
cap.os.privacy.indicator_state,ios,avfoundation,deny,os-noindicatorread
cap.os.privacy.indicator_state,android,camera2ndk,native,os-androidsensorprivacy
cap.os.privacy.indicator_state,android,camerax,native,os-androidsensorprivacy
cap.os.privacy.indicator_state,linux,v4l2,deny,os-noindicatorread
cap.os.privacy.indicator_state,linux,libcamera,deny,os-noindicatorread
cap.os.privacy.indicator_state,linux,pipewire,deny,os-noindicatorread
cap.os.privacy.indicator_state,win32,mediafoundation,deny,os-noindicatorread
cap.os.privacy.indicator_state,web,getusermedia,deny,os-noindicatorread
cap.os.privacy.indicator_state,uvc-direct,uvc,deny,os-noindicatorread
cap.os.privacy.indicator_state,genicam,sfnc,deny,os-noindicatorread
cap.os.privacy.indicator_force_software,macos,avfoundation,deny,os-noforcesw
cap.os.privacy.indicator_force_software,ios,avfoundation,deny,os-noforcesw
cap.os.privacy.indicator_force_software,android,camera2ndk,deny,os-noforcesw
cap.os.privacy.indicator_force_software,android,camerax,deny,os-noforcesw
cap.os.privacy.indicator_force_software,linux,v4l2,deny,os-noforcesw
cap.os.privacy.indicator_force_software,linux,libcamera,deny,os-noforcesw
cap.os.privacy.indicator_force_software,linux,pipewire,deny,os-noforcesw
cap.os.privacy.indicator_force_software,win32,mediafoundation,native,os-mfforcesw
cap.os.privacy.indicator_force_software,web,getusermedia,deny,os-noforcesw
cap.os.privacy.indicator_force_software,uvc-direct,uvc,deny,os-noforcesw
cap.os.privacy.indicator_force_software,genicam,sfnc,deny,os-noforcesw
cap.os.privacy.toggle_state_query,macos,avfoundation,deny,os-notogglequery
cap.os.privacy.toggle_state_query,ios,avfoundation,deny,os-notogglequery
cap.os.privacy.toggle_state_query,android,camera2ndk,native,os-androidsensortoggle
cap.os.privacy.toggle_state_query,android,camerax,native,os-androidsensortoggle
cap.os.privacy.toggle_state_query,linux,v4l2,native,os-v4l2privacy
cap.os.privacy.toggle_state_query,linux,libcamera,deny,os-notogglequery
cap.os.privacy.toggle_state_query,linux,pipewire,deny,os-notogglequery
cap.os.privacy.toggle_state_query,win32,mediafoundation,deny,os-notogglequery
cap.os.privacy.toggle_state_query,web,getusermedia,deny,os-notogglequery
cap.os.privacy.toggle_state_query,uvc-direct,uvc,native,os-uvcprivacyctrl
cap.os.privacy.toggle_state_query,genicam,sfnc,deny,os-notogglequery
cap.os.privacy.indicator_led_mode,macos,avfoundation,deny,os-ledceiling
cap.os.privacy.indicator_led_mode,ios,avfoundation,deny,os-ledceiling
cap.os.privacy.indicator_led_mode,android,camera2ndk,deny,os-ledceiling
cap.os.privacy.indicator_led_mode,android,camerax,deny,os-ledceiling
cap.os.privacy.indicator_led_mode,linux,v4l2,deny,os-ledceiling
cap.os.privacy.indicator_led_mode,linux,libcamera,deny,os-ledceiling
cap.os.privacy.indicator_led_mode,linux,pipewire,deny,os-ledceiling
cap.os.privacy.indicator_led_mode,win32,mediafoundation,deny,os-ledceiling
cap.os.privacy.indicator_led_mode,web,getusermedia,deny,os-ledceiling
cap.os.privacy.indicator_led_mode,uvc-direct,uvc,deny,os-ledceiling
cap.os.privacy.indicator_led_mode,genicam,sfnc,native,os-genicamindicatormode
cap.os.shutter_sound.play,macos,avfoundation,deny,os-noshuttersound
cap.os.shutter_sound.play,ios,avfoundation,deny,os-iosshuttersystem
cap.os.shutter_sound.play,android,camera2ndk,native,os-androidmediaaction
cap.os.shutter_sound.play,android,camerax,native,os-androidmediaaction
cap.os.shutter_sound.play,linux,v4l2,deny,os-noshuttersound
cap.os.shutter_sound.play,linux,libcamera,deny,os-noshuttersound
cap.os.shutter_sound.play,linux,pipewire,deny,os-noshuttersound
cap.os.shutter_sound.play,win32,mediafoundation,deny,os-noshuttersound
cap.os.shutter_sound.play,web,getusermedia,deny,os-noshuttersound
cap.os.shutter_sound.play,uvc-direct,uvc,deny,os-noshuttersound
cap.os.shutter_sound.play,genicam,sfnc,deny,os-noshuttersound
cap.os.shutter_sound.disable_query,macos,avfoundation,deny,os-shutterregional
cap.os.shutter_sound.disable_query,ios,avfoundation,deny,os-shutterregional
cap.os.shutter_sound.disable_query,android,camera2ndk,deny,os-androidnoshutterdisable
cap.os.shutter_sound.disable_query,android,camerax,deny,os-androidnoshutterdisable
cap.os.shutter_sound.disable_query,linux,v4l2,deny,os-noshuttersound
cap.os.shutter_sound.disable_query,linux,libcamera,deny,os-noshuttersound
cap.os.shutter_sound.disable_query,linux,pipewire,deny,os-noshuttersound
cap.os.shutter_sound.disable_query,win32,mediafoundation,deny,os-shutterregional
cap.os.shutter_sound.disable_query,web,getusermedia,deny,os-noshuttersound
cap.os.shutter_sound.disable_query,uvc-direct,uvc,deny,os-noshuttersound
cap.os.shutter_sound.disable_query,genicam,sfnc,deny,os-noshuttersound
cap.os.capture_input.shutter_button,macos,avfoundation,deny,os-shutterbtnmacosna
cap.os.capture_input.shutter_button,ios,avfoundation,native,os-avfcaptureevent
cap.os.capture_input.shutter_button,android,camera2ndk,deny,os-androidnoshutterbtn
cap.os.capture_input.shutter_button,android,camerax,deny,os-androidnoshutterbtn
cap.os.capture_input.shutter_button,linux,v4l2,deny,os-noshutterbtn
cap.os.capture_input.shutter_button,linux,libcamera,deny,os-noshutterbtn
cap.os.capture_input.shutter_button,linux,pipewire,deny,os-noshutterbtn
cap.os.capture_input.shutter_button,win32,mediafoundation,deny,os-noshutterbtn
cap.os.capture_input.shutter_button,web,getusermedia,deny,os-noshutterbtn
cap.os.capture_input.shutter_button,uvc-direct,uvc,native,os-uvcstatusinterrupt
cap.os.capture_input.shutter_button,genicam,sfnc,deny,os-noshutterbtn
cap.os.capture_input.control_surface,macos,avfoundation,native,os-avfcontrolsurface
cap.os.capture_input.control_surface,ios,avfoundation,native,os-avfcontrolsurface
cap.os.capture_input.control_surface,android,camera2ndk,deny,os-nocontrolsurface
cap.os.capture_input.control_surface,android,camerax,deny,os-nocontrolsurface
cap.os.capture_input.control_surface,linux,v4l2,deny,os-nocontrolsurface
cap.os.capture_input.control_surface,linux,libcamera,deny,os-nocontrolsurface
cap.os.capture_input.control_surface,linux,pipewire,deny,os-nocontrolsurface
cap.os.capture_input.control_surface,win32,mediafoundation,deny,os-nocontrolsurface
cap.os.capture_input.control_surface,web,getusermedia,deny,os-nocontrolsurface
cap.os.capture_input.control_surface,uvc-direct,uvc,deny,os-nocontrolsurface
cap.os.capture_input.control_surface,genicam,sfnc,deny,os-nocontrolsurface
cap.os.thermal.state_query,macos,avfoundation,deny,os-thermalmacosna
cap.os.thermal.state_query,ios,avfoundation,native,os-avfsystempressure
cap.os.thermal.state_query,android,camera2ndk,native,os-androidthermal
cap.os.thermal.state_query,android,camerax,native,os-androidthermal
cap.os.thermal.state_query,linux,v4l2,deny,os-nothermal
cap.os.thermal.state_query,linux,libcamera,emulate,os-libcamerasensortemp
cap.os.thermal.state_query,linux,pipewire,deny,os-nothermal
cap.os.thermal.state_query,win32,mediafoundation,deny,os-nothermal
cap.os.thermal.state_query,web,getusermedia,deny,os-nothermal
cap.os.thermal.state_query,uvc-direct,uvc,deny,os-nothermal
cap.os.thermal.state_query,genicam,sfnc,native,os-genicamtemperature
cap.os.thermal.state_event,macos,avfoundation,deny,os-thermalmacosna
cap.os.thermal.state_event,ios,avfoundation,native,os-avfsystempressure
cap.os.thermal.state_event,android,camera2ndk,native,os-androidthermallistener
cap.os.thermal.state_event,android,camerax,native,os-androidthermallistener
cap.os.thermal.state_event,linux,v4l2,deny,os-nothermal
cap.os.thermal.state_event,linux,libcamera,emulate,os-libcamerasensortemp
cap.os.thermal.state_event,linux,pipewire,deny,os-nothermal
cap.os.thermal.state_event,win32,mediafoundation,deny,os-nothermal
cap.os.thermal.state_event,web,getusermedia,deny,os-nothermal
cap.os.thermal.state_event,uvc-direct,uvc,deny,os-nothermal
cap.os.thermal.state_event,genicam,sfnc,emulate,os-genicamtemperature
cap.os.thermal.pressure_factors,macos,avfoundation,deny,os-thermalmacosna
cap.os.thermal.pressure_factors,ios,avfoundation,native,os-avfpressurefactors
cap.os.thermal.pressure_factors,android,camera2ndk,deny,os-nopressurefactors
cap.os.thermal.pressure_factors,android,camerax,deny,os-nopressurefactors
cap.os.thermal.pressure_factors,linux,v4l2,deny,os-nothermal
cap.os.thermal.pressure_factors,linux,libcamera,deny,os-nopressurefactors
cap.os.thermal.pressure_factors,linux,pipewire,deny,os-nothermal
cap.os.thermal.pressure_factors,win32,mediafoundation,deny,os-nothermal
cap.os.thermal.pressure_factors,web,getusermedia,deny,os-nothermal
cap.os.thermal.pressure_factors,uvc-direct,uvc,deny,os-nothermal
cap.os.thermal.pressure_factors,genicam,sfnc,deny,os-nopressurefactors
cap.os.thermal.headroom_forecast,macos,avfoundation,deny,os-noheadroom
cap.os.thermal.headroom_forecast,ios,avfoundation,deny,os-iosnoheadroom
cap.os.thermal.headroom_forecast,android,camera2ndk,native,os-androidheadroom
cap.os.thermal.headroom_forecast,android,camerax,native,os-androidheadroom
cap.os.thermal.headroom_forecast,linux,v4l2,deny,os-noheadroom
cap.os.thermal.headroom_forecast,linux,libcamera,deny,os-noheadroom
cap.os.thermal.headroom_forecast,linux,pipewire,deny,os-noheadroom
cap.os.thermal.headroom_forecast,win32,mediafoundation,deny,os-noheadroom
cap.os.thermal.headroom_forecast,web,getusermedia,deny,os-noheadroom
cap.os.thermal.headroom_forecast,uvc-direct,uvc,deny,os-noheadroom
cap.os.thermal.headroom_forecast,genicam,sfnc,deny,os-noheadroom
cap.os.thermal.power_throttle_hint,macos,avfoundation,deny,os-nothrottlehint
cap.os.thermal.power_throttle_hint,ios,avfoundation,deny,os-nothrottlehint
cap.os.thermal.power_throttle_hint,android,camera2ndk,deny,os-nothrottlehint
cap.os.thermal.power_throttle_hint,android,camerax,deny,os-nothrottlehint
cap.os.thermal.power_throttle_hint,linux,v4l2,deny,os-nothrottlehint
cap.os.thermal.power_throttle_hint,linux,libcamera,deny,os-nothrottlehint
cap.os.thermal.power_throttle_hint,linux,pipewire,deny,os-nothrottlehint
cap.os.thermal.power_throttle_hint,win32,mediafoundation,native,os-mfthrottle
cap.os.thermal.power_throttle_hint,web,getusermedia,deny,os-nothrottlehint
cap.os.thermal.power_throttle_hint,uvc-direct,uvc,native,os-uvcthrottlexu
cap.os.thermal.power_throttle_hint,genicam,sfnc,deny,os-nothrottlehint
cap.os.thermal.pressure_interruption_state,macos,avfoundation,deny,os-thermalmacosna
cap.os.thermal.pressure_interruption_state,ios,avfoundation,native,os-avfpressureinterrupt
cap.os.thermal.pressure_interruption_state,android,camera2ndk,deny,os-nopressureinterrupt
cap.os.thermal.pressure_interruption_state,android,camerax,deny,os-nopressureinterrupt
cap.os.thermal.pressure_interruption_state,linux,v4l2,deny,os-nothermal
cap.os.thermal.pressure_interruption_state,linux,libcamera,deny,os-nopressureinterrupt
cap.os.thermal.pressure_interruption_state,linux,pipewire,deny,os-nothermal
cap.os.thermal.pressure_interruption_state,win32,mediafoundation,deny,os-nothermal
cap.os.thermal.pressure_interruption_state,web,getusermedia,deny,os-nothermal
cap.os.thermal.pressure_interruption_state,uvc-direct,uvc,deny,os-nothermal
cap.os.thermal.pressure_interruption_state,genicam,sfnc,deny,os-nopressureinterrupt
cap.enum.list,embedded,baresensor,native,
cap.device.id.stable,embedded,baresensor,native,bs-sensorchar
cap.device.name.human,embedded,baresensor,native,bs-sensorchar
cap.device.vendor.info,embedded,baresensor,native,bs-sensorchar
cap.device.transport.type,embedded,baresensor,native,bs-sensorchar
cap.device.class.physical,embedded,baresensor,native,bs-sensorchar
cap.device.class.virtual,embedded,baresensor,deny,bs-noclass
cap.device.class.external.uvc,embedded,baresensor,deny,bs-noclass
cap.device.class.capture_card,embedded,baresensor,deny,bs-noclass
cap.device.class.continuity,embedded,baresensor,deny,bs-noclass
cap.device.class.deskview,embedded,baresensor,deny,bs-noclass
cap.device.class.depth_sensor,embedded,baresensor,deny,bs-noclass
cap.device.class.machine_vision,embedded,baresensor,deny,bs-ceiling
cap.device.facing,embedded,baresensor,native,bs-sensorchar
cap.device.mount.rotation,embedded,baresensor,native,bs-sensorchar
cap.device.sensor.geometry,embedded,baresensor,native,bs-sensorchar
cap.device.sensor.pixel_pitch,embedded,baresensor,native,bs-sensorchar
cap.device.sensor.cfa,embedded,baresensor,native,bs-sensorchar
cap.device.sensor.scan_type,embedded,baresensor,deny,bs-ceiling
cap.device.sensor.white_level,embedded,baresensor,native,bs-sensorchar
cap.device.lens.aperture.fixed,embedded,baresensor,native,bs-sensorchar
cap.device.lens.focal_length,embedded,baresensor,native,bs-sensorchar
cap.device.lens.min_focus_distance,embedded,baresensor,deny,bs-noaf
cap.device.mic.association,embedded,baresensor,deny,bs-noos
cap.device.hardware_level,embedded,baresensor,native,bs-sensorchar
cap.enum.caps.per_device,embedded,baresensor,native,
cap.enum.media_types,embedded,baresensor,native,
cap.enum.feasibility.query_closed,embedded,baresensor,deny,bs-nofeas
cap.enum.feasibility.query_open,embedded,baresensor,deny,bs-nofeas
cap.enum.feasibility.combination_tables,embedded,baresensor,deny,bs-nofeas
cap.enum.feasibility.try_adjust,embedded,baresensor,native,bs-manual
cap.enum.feasibility.silent_clamp,embedded,baresensor,native,bs-manual
cap.enum.feasibility.constraints,embedded,baresensor,deny,bs-nofeas
cap.enum.feasibility.per_control_range,embedded,baresensor,native,bs-manual
cap.enum.feasibility.cost_budget,embedded,baresensor,deny,bs-nofeas
cap.enum.concurrent_sets,embedded,baresensor,deny,bs-nomulti
cap.device.access.raw_under_os,embedded,baresensor,deny,bs-noos
cap.device.access.extension_unit,embedded,baresensor,deny,bs-nouvc
cap.device.access.sensor_register,embedded,baresensor,native,
cap.device.bringup,embedded,baresensor,native,
cap.device.hotplug,embedded,baresensor,deny,bs-nohotplug
cap.device.connected_state,embedded,baresensor,native,bs-manual
cap.topology.session.graph,embedded,baresensor,native,
cap.topology.multicam.concurrent,embedded,baresensor,deny,bs-nomulti
cap.topology.multicam.deviceset.enumerate,embedded,baresensor,deny,bs-nomulti
cap.topology.multicam.cost.hardware,embedded,baresensor,deny,bs-nomulti
cap.topology.multicam.cost.systempressure,embedded,baresensor,deny,bs-nomulti
cap.topology.multicam.perstream.cap,embedded,baresensor,deny,bs-nomulti
cap.topology.multicam.participation,embedded,baresensor,deny,bs-nomulti
cap.topology.logical.is,embedded,baresensor,deny,bs-nomulti
cap.topology.logical.constituents.enumerate,embedded,baresensor,deny,bs-nomulti
cap.topology.logical.constituent.ports,embedded,baresensor,deny,bs-nomulti
cap.topology.logical.constituent.activephysical,embedded,baresensor,deny,bs-nomulti
cap.topology.logical.switchover.zoomfactors,embedded,baresensor,deny,bs-nomulti
cap.topology.logical.switchover.behavior,embedded,baresensor,deny,bs-nomulti
cap.topology.logical.switchover.lock.recording,embedded,baresensor,deny,bs-nomulti
cap.topology.logical.sensor.synctype,embedded,baresensor,deny,bs-nomulti
cap.topology.physical.hotplug,embedded,baresensor,deny,bs-nomulti
cap.stream.multi.concurrent,embedded,baresensor,native,bs-vcdt
cap.stream.multi.perstream.format,embedded,baresensor,native,
cap.stream.multi.perstream.usecase,embedded,baresensor,deny,bs-nousecase
cap.stream.multi.streamcount.ceiling,embedded,baresensor,native,bs-vcdt
cap.stream.share.fanout,embedded,baresensor,deny,bs-nofanout
cap.stream.multiresolution,embedded,baresensor,deny,bs-nomulti
cap.stream.source.multivs,embedded,baresensor,native,bs-vcdt
cap.stream.source.kind.classify,embedded,baresensor,native,bs-vcdt
cap.stream.sync.timealigned,embedded,baresensor,deny,bs-nomulti
cap.stream.sync.clock.port,embedded,baresensor,native,bs-manual
cap.stream.reconfigure.live,embedded,baresensor,deny,bs-noreconfig
cap.stream.reconfigure.deferred.surface,embedded,baresensor,deny,bs-noreconfig
cap.stream.reconfigure.params.session,embedded,baresensor,native,bs-manual
cap.stream.acquisition.mode,embedded,baresensor,native,
cap.stream.transfer.usercontrolled,embedded,baresensor,deny,bs-ceiling
cap.stream.channel.transport.config,embedded,baresensor,native,
cap.control.lock.hardware-config,embedded,baresensor,native,bs-manual
cap.control.apply.per-frame,embedded,baresensor,deny,bs-noperframe
cap.control.apply.applied-value-feedback,embedded,baresensor,native,bs-regreadback
cap.control.catalog.introspect,embedded,baresensor,native,bs-manual
cap.control.catalog.vendor-passthrough,embedded,baresensor,native,bs-manual
cap.control.focus.af-mode,embedded,baresensor,deny,bs-noaf
cap.control.focus.af-trigger,embedded,baresensor,deny,bs-noaf
cap.control.focus.af-range-restriction,embedded,baresensor,deny,bs-noaf
cap.control.focus.af-speed,embedded,baresensor,deny,bs-noaf
cap.control.focus.af-pause,embedded,baresensor,deny,bs-noaf
cap.control.focus.region,embedded,baresensor,deny,bs-noaf
cap.control.focus.manual-lens-position-normalized,embedded,baresensor,deny,bs-noaf
cap.control.focus.manual-distance-diopters,embedded,baresensor,deny,bs-noaf
cap.control.focus.manual-distance-meters,embedded,baresensor,deny,bs-noaf
cap.control.focus.manual-position-absolute-units,embedded,baresensor,deny,bs-noaf
cap.control.focus.manual-relative,embedded,baresensor,deny,bs-noaf
cap.control.focus.range-bounds,embedded,baresensor,deny,bs-noaf
cap.control.focus.distance-calibration-quality,embedded,baresensor,deny,bs-noaf
cap.control.focus.face-driven,embedded,baresensor,deny,bs-noaf
cap.control.focus.hunting-state,embedded,baresensor,deny,bs-noaf
cap.control.focus.scene-change,embedded,baresensor,deny,bs-noaf
cap.control.focus.priority,embedded,baresensor,deny,bs-noaf
cap.control.focus.figure-of-merit,embedded,baresensor,deny,bs-noaf
cap.control.exposure.ae-mode,embedded,baresensor,deny,bs-noae
cap.control.exposure.ae-lock,embedded,baresensor,deny,bs-noae
cap.control.exposure.ae-region,embedded,baresensor,deny,bs-noae
cap.control.exposure.ae-metering-mode,embedded,baresensor,deny,bs-noae
cap.control.exposure.ae-constraint-mode,embedded,baresensor,deny,bs-noae
cap.control.exposure.ae-trade-bias,embedded,baresensor,deny,bs-noae
cap.control.exposure.compensation-ev,embedded,baresensor,deny,bs-noae
cap.control.exposure.metered-offset,embedded,baresensor,deny,bs-noae
cap.control.exposure.manual-time,embedded,baresensor,native,
cap.control.exposure.manual-time-relative,embedded,baresensor,native,bs-manual
cap.control.exposure.ae-max-time-clamp,embedded,baresensor,deny,bs-noae
cap.control.exposure.priority-mode,embedded,baresensor,deny,bs-noae
cap.control.exposure.ae-frame-rate-tradeoff,embedded,baresensor,deny,bs-noae
cap.control.exposure.ae-state,embedded,baresensor,deny,bs-noae
cap.control.exposure.ae-precapture-trigger,embedded,baresensor,deny,bs-noae
cap.control.exposure.face-driven,embedded,baresensor,deny,bs-noae
cap.control.exposure.range-bounds,embedded,baresensor,native,bs-sensorchar
cap.control.iso.manual,embedded,baresensor,native,
cap.control.iso.auto,embedded,baresensor,deny,bs-noae
cap.control.iso.analog-ceiling,embedded,baresensor,native,bs-sensorchar
cap.control.iso.post-raw-digital-boost,embedded,baresensor,native,bs-manual
cap.control.iso.range-bounds,embedded,baresensor,native,bs-sensorchar
cap.control.gain.analog-manual,embedded,baresensor,native,
cap.control.gain.analog-auto,embedded,baresensor,deny,bs-noae
cap.control.gain.digital-manual,embedded,baresensor,native,
cap.control.gain.selector,embedded,baresensor,native,bs-manual
cap.control.gain.auto-balance,embedded,baresensor,deny,bs-noawb
cap.control.gain.digital-multiplier,embedded,baresensor,native,bs-manual
cap.control.gain.sensitivity-readback,embedded,baresensor,native,bs-sensorchar
cap.control.wb.mode,embedded,baresensor,deny,bs-noawb
cap.control.wb.lock,embedded,baresensor,deny,bs-noawb
cap.control.wb.region,embedded,baresensor,deny,bs-noawb
cap.control.wb.manual-temperature-kelvin,embedded,baresensor,deny,bs-noawb
cap.control.wb.manual-tint,embedded,baresensor,deny,bs-noawb
cap.control.wb.manual-gains-rgb,embedded,baresensor,deny,bs-noawb
cap.control.wb.manual-gains-component,embedded,baresensor,deny,bs-noawb
cap.control.wb.manual-chromaticity-xy,embedded,baresensor,deny,bs-noawb
cap.control.wb.gain-ceiling,embedded,baresensor,deny,bs-noawb
cap.control.wb.gray-world,embedded,baresensor,deny,bs-noawb
cap.control.wb.one-shot,embedded,baresensor,deny,bs-noawb
cap.control.wb.state,embedded,baresensor,deny,bs-noawb
cap.control.aperture.manual,embedded,baresensor,deny,bs-nomech
cap.control.aperture.relative,embedded,baresensor,deny,bs-nomech
cap.control.aperture.readback,embedded,baresensor,deny,bs-nomech
cap.control.nd-filter.density,embedded,baresensor,deny,bs-nomech
cap.control.zoom.digital-crop-rect,embedded,baresensor,native,
cap.control.zoom.ratio,embedded,baresensor,deny,bs-nozoom
cap.control.zoom.method-select,embedded,baresensor,deny,bs-nozoom
cap.control.zoom.ramp-with-rate,embedded,baresensor,deny,bs-nozoom
cap.control.zoom.bounds,embedded,baresensor,deny,bs-nozoom
cap.control.zoom.upscale-threshold,embedded,baresensor,deny,bs-nozoom
cap.control.zoom.native-resolution-stops,embedded,baresensor,deny,bs-nozoom
cap.control.zoom.low-latency-override,embedded,baresensor,deny,bs-nozoom
cap.control.isp.contrast,embedded,baresensor,deny,bs-noisp
cap.control.isp.brightness,embedded,baresensor,deny,bs-noisp
cap.control.isp.saturation,embedded,baresensor,deny,bs-noisp
cap.control.isp.sharpness,embedded,baresensor,deny,bs-noisp
cap.control.isp.hue,embedded,baresensor,deny,bs-noisp
cap.control.isp.gamma,embedded,baresensor,deny,bs-noisp
cap.control.isp.edge-enhancement,embedded,baresensor,deny,bs-noisp
cap.control.isp.noise-reduction,embedded,baresensor,deny,bs-noisp
cap.control.isp.temporal-denoise,embedded,baresensor,deny,bs-noisp
cap.control.isp.hot-pixel-correction,embedded,baresensor,deny,bs-noisp
cap.control.isp.lens-shading-correction,embedded,baresensor,deny,bs-noisp
cap.control.isp.chromatic-aberration-correction,embedded,baresensor,deny,bs-noisp
cap.control.isp.geometric-distortion-correction,embedded,baresensor,deny,bs-noisp
cap.control.isp.color-correction-matrix,embedded,baresensor,deny,bs-noisp
cap.control.isp.color-correction-mode,embedded,baresensor,deny,bs-noisp
cap.control.isp.color-effect-preset,embedded,baresensor,deny,bs-noisp
cap.control.isp.black-level-lock,embedded,baresensor,deny,bs-noisp
cap.control.isp.black-level-manual,embedded,baresensor,native,
cap.control.isp.white-clip,embedded,baresensor,deny,bs-noisp
cap.control.isp.color-killer,embedded,baresensor,deny,bs-noisp
cap.control.isp.chroma-gain,embedded,baresensor,deny,bs-noisp
cap.control.isp.backlight-compensation,embedded,baresensor,deny,bs-noisp
cap.control.isp.anti-flicker-power-line,embedded,baresensor,deny,bs-noisp
cap.control.isp.test-pattern,embedded,baresensor,native,
cap.control.catalog.scene-illuminance,embedded,baresensor,deny,bs-no3a
cap.control.tone.tonemap-curve,embedded,baresensor,deny,bs-noisp
cap.control.tone.tonemap-gamma-value,embedded,baresensor,deny,bs-noisp
cap.control.tone.tonemap-preset-curve,embedded,baresensor,deny,bs-noisp
cap.control.tone.global-tone-mapping,embedded,baresensor,deny,bs-noisp
cap.control.tone.wide-dynamic-range,embedded,baresensor,deny,bs-noisp
cap.control.tone.lut-enable,embedded,baresensor,deny,bs-noisp
cap.control.3a.master-mode,embedded,baresensor,deny,bs-no3a
cap.control.3a.scene-mode,embedded,baresensor,deny,bs-no3a
cap.control.3a.combined-lock,embedded,baresensor,deny,bs-no3a
cap.control.3a.region-max-counts,embedded,baresensor,deny,bs-no3a
cap.control.3a.region-unified-roi,embedded,baresensor,deny,bs-no3a
cap.control.3a.capture-intent,embedded,baresensor,deny,bs-no3a
cap.control.flash.still-mode,embedded,baresensor,deny,bs-noflash
cap.control.flash.still-strength,embedded,baresensor,deny,bs-noflash
cap.control.flash.preflash-redeye,embedded,baresensor,deny,bs-noflash
cap.control.flash.scene-detect,embedded,baresensor,deny,bs-noflash
cap.control.flash.charge-state,embedded,baresensor,deny,bs-noflash
cap.control.flash.torch-mode,embedded,baresensor,deny,bs-noflash
cap.control.flash.torch-strength,embedded,baresensor,deny,bs-noflash
cap.control.flash.ir-torch,embedded,baresensor,deny,bs-noflash
cap.control.flash.external-flash-mode,embedded,baresensor,deny,bs-noflash
cap.control.flash.strobe-output,embedded,baresensor,native,
cap.control.catalog.scanning-mode,embedded,baresensor,deny,bs-noisp
cap.control.catalog.privacy-block,embedded,baresensor,deny,bs-noos
cap.control.catalog.analog-video-standard,embedded,baresensor,deny,bs-noos
cap.ptz.pan.absolute,embedded,baresensor,deny,bs-nomech
cap.ptz.pan.relative,embedded,baresensor,deny,bs-nomech
cap.ptz.pan.speed,embedded,baresensor,deny,bs-nomech
cap.ptz.pan.reset,embedded,baresensor,deny,bs-nomech
cap.ptz.tilt.absolute,embedded,baresensor,deny,bs-nomech
cap.ptz.tilt.relative,embedded,baresensor,deny,bs-nomech
cap.ptz.tilt.speed,embedded,baresensor,deny,bs-nomech
cap.ptz.tilt.reset,embedded,baresensor,deny,bs-nomech
cap.ptz.roll.absolute,embedded,baresensor,deny,bs-nomech
cap.ptz.roll.relative,embedded,baresensor,deny,bs-nomech
cap.ptz.zoom.optical.absolute,embedded,baresensor,deny,bs-nomech
cap.ptz.zoom.optical.relative,embedded,baresensor,deny,bs-nomech
cap.ptz.zoom.optical.speed,embedded,baresensor,deny,bs-nomech
cap.ptz.privacy.shutter,embedded,baresensor,deny,bs-nomech
cap.ptz.position.query,embedded,baresensor,deny,bs-nomech
cap.ptz.auto.mode,embedded,baresensor,deny,bs-nomech
cap.ptz.lens.shutter,embedded,baresensor,deny,bs-nomech
cap.ptz.lens.filter,embedded,baresensor,deny,bs-nomech
cap.ptz.lens.magnification,embedded,baresensor,deny,bs-nomech
cap.ptz.controller.lifecycle,embedded,baresensor,deny,bs-nomech
cap.capture.still,embedded,baresensor,native,
cap.capture.still.maxdims,embedded,baresensor,native,bs-manual
cap.capture.still.qualityprioritization,embedded,baresensor,deny,bs-noisp
cap.capture.still.grabframe,embedded,baresensor,native,bs-manual
cap.capture.raw.bayer,embedded,baresensor,native,
cap.capture.raw.fused,embedded,baresensor,deny,bs-noisp
cap.capture.raw.format,embedded,baresensor,native,bs-manual
cap.capture.raw.codec,embedded,baresensor,native,bs-manual
cap.capture.raw.sidecar,embedded,baresensor,deny,bs-noisp
cap.capture.raw.plusprocessed,embedded,baresensor,deny,bs-noisp
cap.capture.encodedstill.jpeg,embedded,baresensor,deny,bs-nojpeg
cap.capture.encodedstill.heic,embedded,baresensor,deny,bs-noenc
cap.capture.encodedstill.dng,embedded,baresensor,deny,bs-noenc
cap.capture.encodedstill.ultrahdr,embedded,baresensor,deny,bs-noenc
cap.capture.encodedstill.embeddedmeta,embedded,baresensor,deny,bs-noenc
cap.capture.encodedstill.embeddedgps,embedded,baresensor,deny,bs-noenc
cap.capture.readout.binning,embedded,baresensor,native,
cap.capture.readout.decimation,embedded,baresensor,native,
cap.capture.readout.binningfactor,embedded,baresensor,native,bs-regreadback
cap.capture.readout.pixelmode,embedded,baresensor,native,
cap.capture.readout.remosaic,embedded,baresensor,native,bs-manual
cap.capture.readout.cropregion,embedded,baresensor,native,
cap.capture.readout.multiroi,embedded,baresensor,?,bs-multiroi-q
cap.capture.readout.shuttermode,embedded,baresensor,?,bs-shuttermode-q
cap.capture.zsl,embedded,baresensor,deny,bs-nozsl
cap.capture.zsl.reprocess,embedded,baresensor,deny,bs-nozsl
cap.capture.responsive,embedded,baresensor,deny,bs-nozsl
cap.capture.bracket.exposure,embedded,baresensor,deny,bs-noseq
cap.capture.bracket.focus,embedded,baresensor,deny,bs-noseq
cap.capture.bracket.lensstabilization,embedded,baresensor,deny,bs-noseq
cap.capture.burst,embedded,baresensor,deny,bs-noseq
cap.capture.constituentdelivery,embedded,baresensor,deny,bs-nomulti
cap.capture.stillduringvideo,embedded,baresensor,deny,bs-noisp
cap.capture.hdr.video.tenbit,embedded,baresensor,deny,bs-noisp
cap.capture.hdr.video.hlg,embedded,baresensor,deny,bs-noisp
cap.capture.hdr.video.hdr10,embedded,baresensor,deny,bs-noisp
cap.capture.hdr.video.dolbyvision,embedded,baresensor,deny,bs-noisp
cap.capture.hdr.video.log,embedded,baresensor,deny,bs-noisp
cap.capture.hdr.video.widegamut,embedded,baresensor,deny,bs-noisp
cap.capture.hdr.video.builtin,embedded,baresensor,deny,bs-noisp
cap.capture.hdr.still.sensormerge,embedded,baresensor,?,bs-hdrdol-q
cap.capture.hdr.multislope,embedded,baresensor,?,bs-hdrdol-q
cap.capture.highspeed,embedded,baresensor,native,bs-manual
cap.capture.timelapse,embedded,baresensor,native,bs-manual
cap.capture.compphoto.selectable,embedded,baresensor,deny,bs-nocompphoto
cap.capture.compphoto.strength,embedded,baresensor,deny,bs-nocompphoto
cap.capture.compphoto.propertycontrolled,embedded,baresensor,deny,bs-nocompphoto
cap.capture.compphoto.implicit,embedded,baresensor,deny,bs-nocompphoto
cap.capture.compphoto.deferred,embedded,baresensor,deny,bs-nocompphoto
cap.capture.onboardencode.h264,embedded,baresensor,deny,bs-noenc
cap.capture.onboardencode.hevc,embedded,baresensor,deny,bs-noenc
cap.capture.onboardencode.mjpeg,embedded,baresensor,deny,bs-noenc
cap.capture.onboardencode.othercodec,embedded,baresensor,deny,bs-noenc
cap.capture.onboardencode.bitratectl,embedded,baresensor,deny,bs-noenc
cap.capture.onboardencode.keyframe,embedded,baresensor,deny,bs-noenc
cap.capture.onboardencode.ltr,embedded,baresensor,deny,bs-noenc
cap.capture.onboardencode.gopconfig,embedded,baresensor,deny,bs-noenc
cap.capture.stillpipe.method,embedded,baresensor,deny,bs-nouvc
cap.capture.stillpipe.trigger,embedded,baresensor,deny,bs-nouvc
cap.capture.stillpipe.hwbutton,embedded,baresensor,deny,bs-nouvc
cap.capture.trigger.software,embedded,baresensor,native,
cap.capture.trigger.acquisitioncontrol,embedded,baresensor,native,
cap.capture.trigger.hardwareline,embedded,baresensor,native,
cap.capture.trigger.scheduled,embedded,baresensor,deny,bs-noptp
cap.capture.sequencer,embedded,baresensor,deny,bs-noseq
cap.capture.userset,embedded,baresensor,?,bs-userset-q
cap.depth.map.float,embedded,baresensor,deny,bs-nodepth
cap.depth.map.disparity,embedded,baresensor,deny,bs-nodepth
cap.depth.pointcloud,embedded,baresensor,deny,bs-nodepth
cap.depth.accuracy,embedded,baresensor,deny,bs-nodepth
cap.depth.quality,embedded,baresensor,deny,bs-nodepth
cap.depth.confidence,embedded,baresensor,deny,bs-nodepth
cap.depth.invalid,embedded,baresensor,deny,bs-nodepth
cap.depth.unit,embedded,baresensor,deny,bs-nodepth
cap.depth.filter,embedded,baresensor,deny,bs-nodepth
cap.depth.format.convert,embedded,baresensor,deny,bs-nodepth
cap.depth.stream.rate,embedded,baresensor,deny,bs-nodepth
cap.depth.still,embedded,baresensor,deny,bs-nodepth
cap.depth.exclusive,embedded,baresensor,deny,bs-nodepth
cap.depth.coordmap,embedded,baresensor,deny,bs-nodepth
cap.depth.zoom.cofeasible,embedded,baresensor,deny,bs-nodepth
cap.depth.raw.tof,embedded,baresensor,deny,bs-nodepth
cap.depth.raw.structured,embedded,baresensor,deny,bs-nodepth
cap.depth.raw.lidar,embedded,baresensor,deny,bs-nodepth
cap.depth.pdaf.raw,embedded,baresensor,deny,bs-nodepth
cap.depth.container.multicomponent,embedded,baresensor,deny,bs-nodepth
cap.seg.matte.portrait,embedded,baresensor,deny,bs-noeffect
cap.seg.matte.semantic,embedded,baresensor,deny,bs-noeffect
cap.seg.mask.person,embedded,baresensor,deny,bs-noeffect
cap.seg.matte.orient,embedded,baresensor,deny,bs-noeffect
cap.calib.intrinsics.matrix,embedded,baresensor,deny,bs-nodepth
cap.calib.intrinsics.perframe,embedded,baresensor,deny,bs-nodepth
cap.calib.pixelsize,embedded,baresensor,native,bs-sensorchar
cap.calib.distortion.model,embedded,baresensor,deny,bs-nodepth
cap.calib.distortion.lut,embedded,baresensor,deny,bs-nodepth
cap.calib.distortion.warp,embedded,baresensor,deny,bs-nodepth
cap.calib.extrinsics.matrix,embedded,baresensor,deny,bs-nodepth
cap.calib.pose.translation,embedded,baresensor,deny,bs-nodepth
cap.calib.pose.rotation,embedded,baresensor,deny,bs-nodepth
cap.calib.pose.reference,embedded,baresensor,deny,bs-nodepth
cap.calib.delivery,embedded,baresensor,deny,bs-nodepth
cap.calib.stereo.baseline,embedded,baresensor,deny,bs-nodepth
cap.ir.stream,embedded,baresensor,native,bs-mono
cap.ir.cfa.nir,embedded,baresensor,native,bs-mono
cap.ir.stereo.interleaved,embedded,baresensor,deny,bs-nodepth
cap.ir.depth.interleaved,embedded,baresensor,deny,bs-nodepth
cap.ir.auth.mode,embedded,baresensor,deny,bs-noos
cap.spatial.video,embedded,baresensor,deny,bs-nodepth
cap.spatial.comfort,embedded,baresensor,deny,bs-nodepth
cap.effect.autoframe.toggle,embedded,baresensor,deny,bs-noeffect
cap.effect.autoframe.config,embedded,baresensor,deny,bs-noeffect
cap.effect.autoframe.support_query,embedded,baresensor,deny,bs-noeffect
cap.effect.autoframe.state,embedded,baresensor,deny,bs-noeffect
cap.effect.autoframe.regime,embedded,baresensor,deny,bs-noeffect
cap.effect.bg_blur.toggle,embedded,baresensor,deny,bs-noeffect
cap.effect.bg_blur.config,embedded,baresensor,deny,bs-noeffect
cap.effect.bg_blur.support_query,embedded,baresensor,deny,bs-noeffect
cap.effect.bg_blur.state,embedded,baresensor,deny,bs-noeffect
cap.effect.bg_replace.toggle,embedded,baresensor,deny,bs-noeffect
cap.effect.bg_replace.state,embedded,baresensor,deny,bs-noeffect
cap.effect.bg_replace.support_query,embedded,baresensor,deny,bs-noeffect
cap.effect.segmentation_mask.deliver,embedded,baresensor,deny,bs-noeffect
cap.effect.studio_light.toggle,embedded,baresensor,deny,bs-noeffect
cap.effect.studio_light.state,embedded,baresensor,deny,bs-noeffect
cap.effect.studio_light.support_query,embedded,baresensor,deny,bs-noeffect
cap.effect.eye_contact.toggle,embedded,baresensor,deny,bs-noeffect
cap.effect.eye_contact.config,embedded,baresensor,deny,bs-noeffect
cap.effect.reaction.toggle,embedded,baresensor,deny,bs-noeffect
cap.effect.reaction.gesture_toggle,embedded,baresensor,deny,bs-noeffect
cap.effect.reaction.fire,embedded,baresensor,deny,bs-noeffect
cap.effect.reaction.catalog,embedded,baresensor,deny,bs-noeffect
cap.effect.reaction.state,embedded,baresensor,deny,bs-noeffect
cap.effect.subject_roi.set,embedded,baresensor,deny,bs-noeffect
cap.effect.creative_filter.toggle,embedded,baresensor,deny,bs-noeffect
cap.effect.show_system_ui,embedded,baresensor,deny,bs-noeffect
cap.effect.change_notify,embedded,baresensor,deny,bs-noeffect
cap.frame.format.rgb.packed8,embedded,baresensor,deny,bs-noisp
cap.frame.format.rgb.packed16,embedded,baresensor,deny,bs-noisp
cap.frame.format.rgb.lowbit,embedded,baresensor,deny,bs-noisp
cap.frame.format.rgb.hdr10bit,embedded,baresensor,deny,bs-noisp
cap.frame.format.yuv.packed422_8,embedded,baresensor,deny,bs-noisp
cap.frame.format.yuv.packed422_hdr,embedded,baresensor,deny,bs-noisp
cap.frame.format.yuv.packed444,embedded,baresensor,deny,bs-noisp
cap.frame.format.yuv.semiplanar420_8,embedded,baresensor,deny,bs-noisp
cap.frame.format.yuv.semiplanar422_8,embedded,baresensor,deny,bs-noisp
cap.frame.format.yuv.semiplanar444_8,embedded,baresensor,deny,bs-noisp
cap.frame.format.yuv.semiplanar420_hdr,embedded,baresensor,deny,bs-noisp
cap.frame.format.yuv.semiplanar422_hdr,embedded,baresensor,deny,bs-noisp
cap.frame.format.yuv.planar420_8,embedded,baresensor,deny,bs-noisp
cap.frame.format.yuv.planar422_8,embedded,baresensor,deny,bs-noisp
cap.frame.format.yuv.planar444_8,embedded,baresensor,deny,bs-noisp
cap.frame.format.yuv.planar_subsampled,embedded,baresensor,deny,bs-noisp
cap.frame.format.yuv.planar_hdr,embedded,baresensor,deny,bs-noisp
cap.frame.format.yuv.tiled,embedded,baresensor,deny,bs-noisp
cap.frame.format.bayer8,embedded,baresensor,native,
cap.frame.format.bayer10,embedded,baresensor,native,
cap.frame.format.bayer12,embedded,baresensor,native,
cap.frame.format.bayer14,embedded,baresensor,native,
cap.frame.format.bayer16,embedded,baresensor,native,
cap.frame.format.bayer.compressed,embedded,baresensor,native,
cap.frame.format.gray8,embedded,baresensor,native,
cap.frame.format.gray_highbit,embedded,baresensor,native,
cap.frame.format.3d.coord,embedded,baresensor,deny,bs-nodepth
cap.frame.format.3d.confidence,embedded,baresensor,deny,bs-nodepth
cap.frame.format.compressed_perframe,embedded,baresensor,deny,bs-nojpeg
cap.frame.format.opaque_private,embedded,baresensor,deny,bs-noos
cap.frame.format.enumerate,embedded,baresensor,native,
cap.frame.format.select,embedded,baresensor,native,
cap.frame.zerocopy.iosurface,embedded,baresensor,deny,bs-nozerocopy
cap.frame.zerocopy.ahardwarebuffer,embedded,baresensor,deny,bs-nozerocopy
cap.frame.zerocopy.dmabuf,embedded,baresensor,?,bs-dmabuf-q
cap.frame.zerocopy.dmabuf.modifiers,embedded,baresensor,?,bs-dmabuf-q
cap.frame.zerocopy.dmabuf.explicit_sync,embedded,baresensor,?,bs-dmabuf-q
cap.frame.zerocopy.d3d11,embedded,baresensor,deny,bs-nozerocopy
cap.frame.zerocopy.webgpu_videoframe,embedded,baresensor,deny,bs-nozerocopy
cap.frame.zerocopy.import_external,embedded,baresensor,native,bs-pool
cap.frame.map.cpu,embedded,baresensor,native,
cap.frame.map.plane_layout,embedded,baresensor,native,
cap.frame.map.cache_hint,embedded,baresensor,native,bs-pool
cap.frame.pool.allocate,embedded,baresensor,native,
cap.frame.pool.queue_depth,embedded,baresensor,native,
cap.frame.pool.lifecycle_events,embedded,baresensor,native,
cap.frame.pool.recycle,embedded,baresensor,native,
cap.frame.deliver.next,embedded,baresensor,native,
cap.frame.drop.policy_latest,embedded,baresensor,native,
cap.frame.drop.policy_block,embedded,baresensor,native,
cap.frame.drop.signal,embedded,baresensor,native,
cap.frame.drop.reason,embedded,baresensor,native,
cap.frame.drop.stats,embedded,baresensor,native,
cap.frame.cookie,embedded,baresensor,native,
cap.timing.frame.timestamp,embedded,baresensor,native,
cap.timing.frame.timestamp.clock-domain-id,embedded,baresensor,native,
cap.timing.frame.timestamp.clock-domain-select,embedded,baresensor,native,bs-manual
cap.timing.frame.timestamp.capture-point,embedded,baresensor,native,
cap.timing.frame.wallclock,embedded,baresensor,deny,bs-noos
cap.timing.frame.sequence-id,embedded,baresensor,native,
cap.timing.frame.request-id,embedded,baresensor,deny,bs-noperframe
cap.timing.rolling-shutter.skew,embedded,baresensor,native,
cap.timing.rolling-shutter.line-time-derived,embedded,baresensor,native,
cap.timing.sensor-readout-rate,embedded,baresensor,native,bs-regreadback
cap.timing.settings-applied.latency,embedded,baresensor,native,bs-manual
cap.timing.exposure-event,embedded,baresensor,deny,bs-noevent
cap.timing.frame-sync-event,embedded,baresensor,native,
cap.timing.device-clock.rate,embedded,baresensor,native,bs-manual
cap.timing.device-clock.pts,embedded,baresensor,deny,bs-nouvc
cap.timing.device-clock.scr-sof,embedded,baresensor,deny,bs-nouvc
cap.timing.device-clock.timestamp-counter,embedded,baresensor,?,bs-devcounter-q
cap.timing.av-clock.shared-session,embedded,baresensor,emulate,bs-avsync-emu
cap.timing.av-clock.cross-output-map,embedded,baresensor,emulate,bs-avsync-emu
cap.timing.av-clock.app-timebase,embedded,baresensor,emulate,bs-avsync-emu
cap.timing.av-sync.device-ts-trust,embedded,baresensor,emulate,bs-avsync-emu
cap.timing.av-sync.rebase,embedded,baresensor,emulate,bs-avsync-emu
cap.timing.av-sync.jitter-buffer,embedded,baresensor,emulate,bs-avsync-emu
cap.timing.av-sync.ts-jump-recovery,embedded,baresensor,emulate,bs-avsync-emu
cap.timing.av-sync.offset,embedded,baresensor,emulate,bs-avsync-emu
cap.timing.discontinuity-marker,embedded,baresensor,native,bs-manual
cap.timing.imu-correlation.clock,embedded,baresensor,deny,bs-noimu
cap.timing.timecode.smpte,embedded,baresensor,deny,bs-notimecode
cap.timing.genlock.sync-pins,embedded,baresensor,native,
cap.timing.genlock.sdi-reference,embedded,baresensor,deny,bs-nogenlock
cap.timing.genlock.ptp-clock-sync,embedded,baresensor,deny,bs-noptp
cap.timing.frame-rate.clamp,embedded,baresensor,native,
cap.meta.access.bag,embedded,baresensor,native,
cap.meta.access.rawblob,embedded,baresensor,native,
cap.meta.access.selectable,embedded,baresensor,?,bs-embedded-q
cap.meta.applied.exposuretime,embedded,baresensor,native,bs-regreadback
cap.meta.applied.iso,embedded,baresensor,native,bs-regreadback
cap.meta.applied.analogdigitalgain,embedded,baresensor,native,bs-regreadback
cap.meta.applied.expcompensation,embedded,baresensor,deny,bs-noisp
cap.meta.applied.aperture,embedded,baresensor,deny,bs-noisp
cap.meta.applied.lensposition,embedded,baresensor,deny,bs-noaf
cap.meta.applied.frameduration,embedded,baresensor,native,bs-regreadback
cap.meta.applied.wbtemperature,embedded,baresensor,deny,bs-noisp
cap.meta.applied.wbgains,embedded,baresensor,deny,bs-noisp
cap.meta.applied.colortransform,embedded,baresensor,deny,bs-noisp
cap.meta.applied.tonemapcurve,embedded,baresensor,deny,bs-noisp
cap.meta.applied.blacklevel,embedded,baresensor,native,bs-regreadback
cap.meta.applied.scenemode,embedded,baresensor,deny,bs-noisp
cap.meta.applied.flashstate,embedded,baresensor,deny,bs-noisp
cap.meta.applied.zoomfactor,embedded,baresensor,native,bs-regreadback
cap.meta.applied.cropregion,embedded,baresensor,native,bs-regreadback
cap.meta.applied.digitalwindow,embedded,baresensor,deny,bs-noisp
cap.meta.applied.binningreadout,embedded,baresensor,native,bs-regreadback
cap.meta.applied.geometryecho,embedded,baresensor,native,bs-regreadback
cap.meta.state.ae,embedded,baresensor,deny,bs-no3a
cap.meta.state.af,embedded,baresensor,deny,bs-no3a
cap.meta.state.awb,embedded,baresensor,deny,bs-no3a
cap.meta.state.exptargetoffset,embedded,baresensor,deny,bs-no3a
cap.meta.regions.ae,embedded,baresensor,deny,bs-no3a
cap.meta.regions.af,embedded,baresensor,deny,bs-no3a
cap.meta.regions.awb,embedded,baresensor,deny,bs-no3a
cap.meta.face.rect,embedded,baresensor,deny,bs-nodetect
cap.meta.face.id,embedded,baresensor,deny,bs-nodetect
cap.meta.face.score,embedded,baresensor,deny,bs-nodetect
cap.meta.face.landmarks,embedded,baresensor,deny,bs-nodetect
cap.meta.face.pose,embedded,baresensor,deny,bs-nodetect
cap.meta.face.expression,embedded,baresensor,deny,bs-nodetect
cap.meta.body.rect,embedded,baresensor,deny,bs-nodetect
cap.meta.salient.rect,embedded,baresensor,deny,bs-nodetect
cap.meta.code.payload,embedded,baresensor,deny,bs-nodetect
cap.meta.scene.change,embedded,baresensor,deny,bs-nodetect
cap.meta.scene.flicker,embedded,baresensor,deny,bs-nodetect
cap.meta.scene.nighthint,embedded,baresensor,deny,bs-nodetect
cap.meta.scene.illuminance,embedded,baresensor,deny,bs-nodetect
cap.meta.scene.focusfom,embedded,baresensor,deny,bs-nodetect
cap.meta.stats.histogram,embedded,baresensor,deny,bs-nostats
cap.meta.stats.sharpnessmap,embedded,baresensor,deny,bs-nostats
cap.meta.stats.lensshadingmap,embedded,baresensor,deny,bs-nostats
cap.meta.stats.hotpixelmap,embedded,baresensor,deny,bs-nostats
cap.meta.stats.predictedcolor,embedded,baresensor,deny,bs-nostats
cap.meta.stats.ispblob,embedded,baresensor,deny,bs-nostats
cap.meta.stats.ispparams,embedded,baresensor,deny,bs-nostats
cap.meta.ois.samples,embedded,baresensor,deny,bs-nostats
cap.meta.sensortemperature,embedded,baresensor,?,bs-temp-q
cap.meta.embedded.sensorlines,embedded,baresensor,native,
cap.meta.embedded.uvcheader,embedded,baresensor,deny,bs-nouvc
cap.meta.chunk.iostate,embedded,baresensor,deny,bs-nochunk
cap.meta.chunk.frameid,embedded,baresensor,deny,bs-nochunk
cap.meta.transform.orientation,embedded,baresensor,native,bs-regreadback
cap.meta.damage.region,embedded,baresensor,deny,bs-noisp
cap.meta.illumination.ir,embedded,baresensor,native,bs-manual
cap.meta.segmask,embedded,baresensor,deny,bs-noeffect
cap.meta.exifblob,embedded,baresensor,deny,bs-noenc
cap.meta.bracketcorrelation,embedded,baresensor,deny,bs-noseq
cap.meta.event.exposurephase,embedded,baresensor,deny,bs-noevent
cap.meta.custom.blob,embedded,baresensor,deny,bs-nochunk
cap.egress.publish,embedded,baresensor,deny,bs-noegress
cap.egress.publish.frame_push,embedded,baresensor,deny,bs-noegress
cap.egress.publish.frame_pull,embedded,baresensor,deny,bs-noegress
cap.egress.publish.local_only_fallback,embedded,baresensor,deny,bs-noegress
cap.egress.consumer.attach_events,embedded,baresensor,deny,bs-noegress
cap.egress.consumer.identity,embedded,baresensor,deny,bs-noegress
cap.egress.consumer.format_negotiate,embedded,baresensor,deny,bs-noegress
cap.egress.controls.expose,embedded,baresensor,deny,bs-noegress
cap.egress.controls.config_dialog,embedded,baresensor,deny,bs-noegress
cap.egress.share_mode,embedded,baresensor,deny,bs-noegress
cap.egress.flow_control,embedded,baresensor,deny,bs-noegress
cap.egress.wrap_physical,embedded,baresensor,deny,bs-noegress
cap.egress.in_use_feedback,embedded,baresensor,deny,bs-noegress
cap.egress.mic_association,embedded,baresensor,deny,bs-noegress
cap.egress.lifetime.session,embedded,baresensor,deny,bs-noegress
cap.egress.lifetime.system,embedded,baresensor,deny,bs-noegress
cap.egress.legacy_consumer_compat,embedded,baresensor,deny,bs-noegress
cap.egress.install.systemext,embedded,baresensor,deny,bs-noegress
cap.egress.install.com_admin,embedded,baresensor,deny,bs-noegress
cap.egress.install.kernel_module,embedded,baresensor,deny,bs-noegress
cap.egress.install.userspace_node,embedded,baresensor,deny,bs-noegress
cap.egress.install.privileged_denied,embedded,baresensor,deny,bs-noegress
cap.egress.scope.virtual_device_only,embedded,baresensor,deny,bs-noegress
cap.testsrc.provider,embedded,baresensor,deny,bs-noegress
cap.testsrc.frame_feed,embedded,baresensor,deny,bs-noegress
cap.testsrc.test_pattern,embedded,baresensor,native,bs-testpat
cap.testsrc.manual_clock,embedded,baresensor,deny,bs-noegress
cap.os.consent.prompt,embedded,baresensor,deny,bs-noos
cap.os.consent.status_query,embedded,baresensor,deny,bs-noos
cap.os.consent.status_change_event,embedded,baresensor,deny,bs-noos
cap.os.consent.rationale_hint,embedded,baresensor,deny,bs-noos
cap.os.consent.deeplink_settings,embedded,baresensor,deny,bs-noos
cap.os.consent.usage_string,embedded,baresensor,deny,bs-noos
cap.os.consent.manifest_capability,embedded,baresensor,deny,bs-noos
cap.os.consent.sandbox_entitlement,embedded,baresensor,deny,bs-noos
cap.os.feature.requirement_declaration,embedded,baresensor,deny,bs-noos
cap.os.consent.foreground_service_decl,embedded,baresensor,deny,bs-noos
cap.os.consent.policy_gate,embedded,baresensor,deny,bs-noos
cap.os.consent.usage_log,embedded,baresensor,deny,bs-noos
cap.os.session.start,embedded,baresensor,native,bs-firmwaresession
cap.os.session.stop,embedded,baresensor,native,bs-firmwaresession
cap.os.session.running_state_query,embedded,baresensor,native,bs-firmwaresession
cap.os.hotplug.arrival,embedded,baresensor,deny,bs-noos
cap.os.hotplug.removal,embedded,baresensor,deny,bs-noos
cap.os.arbitrate.exclusive_open,embedded,baresensor,deny,bs-noos
cap.os.arbitrate.shared_open,embedded,baresensor,deny,bs-noos
cap.os.arbitrate.in_use_query,embedded,baresensor,deny,bs-noos
cap.os.arbitrate.contention_error,embedded,baresensor,deny,bs-noos
cap.os.arbitrate.priority_hint,embedded,baresensor,deny,bs-noos
cap.os.arbitrate.preemption_event,embedded,baresensor,deny,bs-noos
cap.os.arbitrate.priority_change_event,embedded,baresensor,deny,bs-noos
cap.os.lifecycle.interruption_event,embedded,baresensor,deny,bs-noos
cap.os.lifecycle.interruption_ended_event,embedded,baresensor,deny,bs-noos
cap.os.lifecycle.interruption_reason,embedded,baresensor,deny,bs-noos
cap.os.lifecycle.background_block,embedded,baresensor,deny,bs-noos
cap.os.lifecycle.multitask_access,embedded,baresensor,deny,bs-noos
cap.os.lifecycle.os_mute_event,embedded,baresensor,deny,bs-noos
cap.os.orientation.sensor_mount,embedded,baresensor,native,bs-flip
cap.os.orientation.display_rotation,embedded,baresensor,deny,bs-noos
cap.os.orientation.output_rotation_apply,embedded,baresensor,native,bs-flip
cap.os.orientation.front_mirror,embedded,baresensor,native,bs-flip
cap.os.orientation.facing_hint,embedded,baresensor,native,bs-sensorchar
cap.os.privacy.indicator_state,embedded,baresensor,deny,bs-noos
cap.os.privacy.indicator_force_software,embedded,baresensor,deny,bs-noos
cap.os.privacy.toggle_state_query,embedded,baresensor,deny,bs-noos
cap.os.privacy.indicator_led_mode,embedded,baresensor,deny,bs-noos
cap.os.shutter_sound.play,embedded,baresensor,deny,bs-noos
cap.os.shutter_sound.disable_query,embedded,baresensor,deny,bs-noos
cap.os.capture_input.shutter_button,embedded,baresensor,native,bs-gpio
cap.os.capture_input.control_surface,embedded,baresensor,deny,bs-noos
cap.os.thermal.state_query,embedded,baresensor,?,bs-temp-q
cap.os.thermal.state_event,embedded,baresensor,deny,bs-noos
cap.os.thermal.pressure_factors,embedded,baresensor,deny,bs-noos
cap.os.thermal.headroom_forecast,embedded,baresensor,deny,bs-noos
cap.os.thermal.power_throttle_hint,embedded,baresensor,deny,bs-noos
cap.os.thermal.pressure_interruption_state,embedded,baresensor,deny,bs-noos
cap.device.access.sensor_register,macos,avfoundation,deny,bs-newcap-deny
cap.device.access.sensor_register,ios,avfoundation,deny,bs-newcap-deny
cap.device.access.sensor_register,android,camera2ndk,deny,bs-newcap-deny
cap.device.access.sensor_register,android,camerax,deny,bs-newcap-deny
cap.device.access.sensor_register,linux,v4l2,?,bs-v4l2-dbgreg
cap.device.access.sensor_register,linux,libcamera,deny,bs-newcap-deny
cap.device.access.sensor_register,linux,pipewire,deny,bs-newcap-deny
cap.device.access.sensor_register,win32,mediafoundation,deny,bs-newcap-deny-rawos
cap.device.access.sensor_register,web,getusermedia,deny,bs-newcap-deny
cap.device.access.sensor_register,uvc-direct,uvc,deny,bs-newcap-deny-rawos
cap.device.access.sensor_register,genicam,sfnc,native,
cap.device.bringup,macos,avfoundation,deny,bs-newcap-deny
cap.device.bringup,ios,avfoundation,deny,bs-newcap-deny
cap.device.bringup,android,camera2ndk,deny,bs-newcap-deny
cap.device.bringup,android,camerax,deny,bs-newcap-deny
cap.device.bringup,linux,v4l2,deny,bs-newcap-deny
cap.device.bringup,linux,libcamera,deny,bs-newcap-deny
cap.device.bringup,linux,pipewire,deny,bs-newcap-deny
cap.device.bringup,win32,mediafoundation,deny,bs-newcap-deny
cap.device.bringup,web,getusermedia,deny,bs-newcap-deny
cap.device.bringup,uvc-direct,uvc,deny,bs-newcap-deny
cap.device.bringup,genicam,sfnc,deny,bs-newcap-deny
cap.control.flash.strobe-output,macos,avfoundation,deny,bs-newcap-deny-flash
cap.control.flash.strobe-output,ios,avfoundation,deny,bs-newcap-deny-flash
cap.control.flash.strobe-output,android,camera2ndk,deny,bs-newcap-deny-flash
cap.control.flash.strobe-output,android,camerax,deny,bs-newcap-deny-flash
cap.control.flash.strobe-output,linux,v4l2,?,bs-v4l2-flashstrobe
cap.control.flash.strobe-output,linux,libcamera,deny,bs-newcap-deny-flash
cap.control.flash.strobe-output,linux,pipewire,deny,bs-newcap-deny-flash
cap.control.flash.strobe-output,win32,mediafoundation,deny,bs-newcap-deny-flash
cap.control.flash.strobe-output,web,getusermedia,deny,bs-newcap-deny-flash
cap.control.flash.strobe-output,uvc-direct,uvc,deny,bs-newcap-deny-flash
cap.control.flash.strobe-output,genicam,sfnc,native,
cap.device.class.software,macos,avfoundation,native,
cap.device.class.software,ios,avfoundation,deny,p6-noios
cap.device.class.software,android,camera2ndk,deny,p6-novcam
cap.device.class.software,android,camerax,deny,p6-novcam
cap.device.class.software,linux,v4l2,native,
cap.device.class.software,linux,libcamera,deny,p6-libcam-novcam
cap.device.class.software,linux,pipewire,native,
cap.device.class.software,win32,mediafoundation,native,
cap.device.class.software,web,getusermedia,native,
cap.device.class.software,uvc-direct,uvc,deny,p6-uvc-nostack
cap.device.class.software,genicam,sfnc,deny,p6-nostack
cap.device.class.software,embedded,baresensor,deny,p6-noos
cap.enum.include_hidden,macos,avfoundation,native,
cap.enum.include_hidden,ios,avfoundation,deny,p6-noios
cap.enum.include_hidden,android,camera2ndk,deny,p6-nohidden
cap.enum.include_hidden,android,camerax,deny,p6-nohidden
cap.enum.include_hidden,linux,v4l2,native,p6-allvisible
cap.enum.include_hidden,linux,libcamera,deny,p6-libcam-novcam
cap.enum.include_hidden,linux,pipewire,native,p6-allvisible
cap.enum.include_hidden,win32,mediafoundation,native,
cap.enum.include_hidden,web,getusermedia,deny,p6-web-uadecide
cap.enum.include_hidden,uvc-direct,uvc,deny,p6-uvc-nostack
cap.enum.include_hidden,genicam,sfnc,deny,p6-nostack
cap.enum.include_hidden,embedded,baresensor,deny,p6-noos
cap.stream.source.format_change_event,macos,avfoundation,deny,p6-fixedfmt
cap.stream.source.format_change_event,ios,avfoundation,deny,p6-fixedfmt
cap.stream.source.format_change_event,android,camera2ndk,deny,p6-fixedfmt
cap.stream.source.format_change_event,android,camerax,deny,p6-fixedfmt
cap.stream.source.format_change_event,linux,v4l2,native,
cap.stream.source.format_change_event,linux,libcamera,deny,p6-fixedfmt
cap.stream.source.format_change_event,linux,pipewire,emulate,p6-pw-renego
cap.stream.source.format_change_event,win32,mediafoundation,emulate,p6-mf-reconfig
cap.stream.source.format_change_event,web,getusermedia,deny,p6-fixedfmt
cap.stream.source.format_change_event,uvc-direct,uvc,deny,p6-fixedfmt
cap.stream.source.format_change_event,genicam,sfnc,emulate,p6-gev-resize
cap.stream.source.format_change_event,embedded,baresensor,deny,p6-fixedfmt
cap.meta.hdr.static,macos,avfoundation,deny,p6-nohdrmeta
cap.meta.hdr.static,ios,avfoundation,deny,p6-nohdrmeta
cap.meta.hdr.static,android,camera2ndk,deny,p6-nohdrmeta
cap.meta.hdr.static,android,camerax,deny,p6-nohdrmeta
cap.meta.hdr.static,linux,v4l2,deny,p6-nohdrmeta
cap.meta.hdr.static,linux,libcamera,deny,p6-nohdrmeta
cap.meta.hdr.static,linux,pipewire,deny,p6-nohdrmeta
cap.meta.hdr.static,win32,mediafoundation,native,
cap.meta.hdr.static,web,getusermedia,deny,p6-nohdrmeta
cap.meta.hdr.static,uvc-direct,uvc,deny,p6-nohdrmeta
cap.meta.hdr.static,genicam,sfnc,deny,p6-nohdrmeta
cap.meta.hdr.static,embedded,baresensor,deny,p6-nohdrmeta
cap.control.focus.ramp-with-rate,macos,avfoundation,emulate,p6-fwk-focusramp
cap.control.focus.ramp-with-rate,ios,avfoundation,emulate,p6-fwk-focusramp
cap.control.focus.ramp-with-rate,android,camera2ndk,emulate,p6-fwk-focusramp
cap.control.focus.ramp-with-rate,android,camerax,emulate,p6-fwk-focusramp
cap.control.focus.ramp-with-rate,linux,v4l2,emulate,p6-fwk-focusramp
cap.control.focus.ramp-with-rate,linux,libcamera,emulate,p6-fwk-focusramp
cap.control.focus.ramp-with-rate,linux,pipewire,deny,p6-pw-noctl
cap.control.focus.ramp-with-rate,win32,mediafoundation,emulate,p6-fwk-focusramp
cap.control.focus.ramp-with-rate,web,getusermedia,emulate,p6-fwk-focusramp
cap.control.focus.ramp-with-rate,uvc-direct,uvc,emulate,p6-fwk-focusramp
cap.control.focus.ramp-with-rate,genicam,sfnc,emulate,p6-fwk-focusramp
cap.control.focus.ramp-with-rate,embedded,baresensor,deny,p6-bs-fixedfocus
cap.control.exposure.ramp-with-rate,macos,avfoundation,emulate,p6-fwk-expramp
cap.control.exposure.ramp-with-rate,ios,avfoundation,emulate,p6-fwk-expramp
cap.control.exposure.ramp-with-rate,android,camera2ndk,emulate,p6-fwk-expramp
cap.control.exposure.ramp-with-rate,android,camerax,emulate,p6-fwk-expramp
cap.control.exposure.ramp-with-rate,linux,v4l2,emulate,p6-fwk-expramp
cap.control.exposure.ramp-with-rate,linux,libcamera,emulate,p6-fwk-expramp
cap.control.exposure.ramp-with-rate,linux,pipewire,deny,p6-pw-noctl
cap.control.exposure.ramp-with-rate,win32,mediafoundation,emulate,p6-fwk-expramp
cap.control.exposure.ramp-with-rate,web,getusermedia,emulate,p6-fwk-expramp
cap.control.exposure.ramp-with-rate,uvc-direct,uvc,emulate,p6-fwk-expramp
cap.control.exposure.ramp-with-rate,genicam,sfnc,emulate,p6-fwk-expramp
cap.control.exposure.ramp-with-rate,embedded,baresensor,emulate,p6-fwk-expramp
cap.topology.multicam.control-independence,macos,avfoundation,native,
cap.topology.multicam.control-independence,ios,avfoundation,native,
cap.topology.multicam.control-independence,android,camera2ndk,native,
cap.topology.multicam.control-independence,android,camerax,deny,p6-cx-nomulticam
cap.topology.multicam.control-independence,linux,v4l2,deny,p6-nomulticam
cap.topology.multicam.control-independence,linux,libcamera,deny,p6-nomulticam
cap.topology.multicam.control-independence,linux,pipewire,deny,p6-nomulticam
cap.topology.multicam.control-independence,win32,mediafoundation,deny,p6-nomulticam
cap.topology.multicam.control-independence,web,getusermedia,deny,p6-nomulticam
cap.topology.multicam.control-independence,uvc-direct,uvc,deny,p6-nomulticam
cap.topology.multicam.control-independence,genicam,sfnc,native,
cap.topology.multicam.control-independence,embedded,baresensor,deny,p6-nomulticam
